match_id,competition_id,competition_name,season,home_team_id,home_team_name,away_team_id,away_team_name,home_score,away_score,match_date,match_status,round,page_url,collected_at
4813374,47,Premier League,2025/2026,8650,Liverpool,8678,AFC Bournemouth,4,2,2025-08-15T19:00:00Z,finished,1,/matches/liverpool-vs-afc-bournemouth/2he69q#4813374,2026-05-12T01:36:42.173317+00:00
4813375,47,Premier League,2025/2026,10252,Aston Villa,10261,Newcastle United,0,0,2025-08-16T11:30:00Z,finished,1,/matches/aston-villa-vs-newcastle-united/3h9v0m#4813375,2026-05-12T01:36:42.173317+00:00
4813376,47,Premier League,2025/2026,10204,Brighton & Hove Albion,9879,Fulham,1,1,2025-08-16T14:00:00Z,finished,1,/matches/fulham-vs-brighton-hove-albion/3c2rvp#4813376,2026-05-12T01:36:42.173317+00:00
4813378,47,Premier League,2025/2026,8472,Sunderland,8654,West Ham United,3,0,2025-08-16T14:00:00Z,finished,1,/matches/sunderland-vs-west-ham-united/2fbl3n#4813378,2026-05-12T01:36:42.173317+00:00
4813379,47,Premier League,2025/2026,8586,Tottenham Hotspur,8191,Burnley,3,0,2025-08-16T14:00:00Z,finished,1,/matches/burnley-vs-tottenham-hotspur/2bss1j#4813379,2026-05-12T01:36:42.173317+00:00
4813380,47,Premier League,2025/2026,8602,Wolverhampton Wanderers,8456,Manchester City,0,4,2025-08-16T16:30:00Z,finished,1,/matches/manchester-city-vs-wolverhampton-wanderers/2emo8d#4813380,2026-05-12T01:36:42.173317+00:00
4813381,47,Premier League,2025/2026,8455,Chelsea,9826,Crystal Palace,0,0,2025-08-17T13:00:00Z,finished,1,/matches/chelsea-vs-crystal-palace/2rhvvj#4813381,2026-05-12T01:36:42.173317+00:00
4813377,47,Premier League,2025/2026,10203,Nottingham Forest,9937,Brentford,3,1,2025-08-17T13:00:00Z,finished,1,/matches/brentford-vs-nottingham-forest/3crchb#4813377,2026-05-12T01:36:42.173317+00:00
4813382,47,Premier League,2025/2026,10260,Manchester United,9825,Arsenal,0,1,2025-08-17T15:30:00Z,finished,1,/matches/arsenal-vs-manchester-united/3c3mu0#4813382,2026-05-12T01:36:42.173317+00:00
4813383,47,Premier League,2025/2026,8463,Leeds United,8668,Everton,1,0,2025-08-18T19:00:00Z,finished,1,/matches/leeds-united-vs-everton/2fdf72#4813383,2026-05-12T01:36:42.173317+00:00
4813394,47,Premier League,2025/2026,8654,West Ham United,8455,Chelsea,1,5,2025-08-22T19:00:00Z,finished,2,/matches/chelsea-vs-west-ham-united/2f5ck5#4813394,2026-05-12T01:36:42.173317+00:00
4813392,47,Premier League,2025/2026,8456,Manchester City,8586,Tottenham Hotspur,0,2,2025-08-23T11:30:00Z,finished,2,/matches/manchester-city-vs-tottenham-hotspur/2egtpx#4813392,2026-05-12T01:36:42.173317+00:00
4813385,47,Premier League,2025/2026,8678,AFC Bournemouth,8602,Wolverhampton Wanderers,1,0,2025-08-23T14:00:00Z,finished,2,/matches/wolverhampton-wanderers-vs-afc-bournemouth/2gwdd2#4813385,2026-05-12T01:36:42.173317+00:00
4813387,47,Premier League,2025/2026,9937,Brentford,10252,Aston Villa,1,0,2025-08-23T14:00:00Z,finished,2,/matches/brentford-vs-aston-villa/3dciw4#4813387,2026-05-12T01:36:42.173317+00:00
4813388,47,Premier League,2025/2026,8191,Burnley,8472,Sunderland,2,0,2025-08-23T14:00:00Z,finished,2,/matches/burnley-vs-sunderland/2anx64#4813388,2026-05-12T01:36:42.173317+00:00
4813386,47,Premier League,2025/2026,9825,Arsenal,8463,Leeds United,5,0,2025-08-23T16:30:00Z,finished,2,/matches/leeds-united-vs-arsenal/2rkmmx#4813386,2026-05-12T01:36:42.173317+00:00
4813389,47,Premier League,2025/2026,9826,Crystal Palace,10203,Nottingham Forest,1,1,2025-08-24T13:00:00Z,finished,2,/matches/crystal-palace-vs-nottingham-forest/3bfk5h#4813389,2026-05-12T01:36:42.173317+00:00
4813390,47,Premier League,2025/2026,8668,Everton,10204,Brighton & Hove Albion,2,0,2025-08-24T13:00:00Z,finished,2,/matches/everton-vs-brighton-hove-albion/2y16fs#4813390,2026-05-12T01:36:42.173317+00:00
4813391,47,Premier League,2025/2026,9879,Fulham,10260,Manchester United,1,1,2025-08-24T15:30:00Z,finished,2,/matches/fulham-vs-manchester-united/3cqww9#4813391,2026-05-12T01:36:42.173317+00:00
4813393,47,Premier League,2025/2026,10261,Newcastle United,8650,Liverpool,2,3,2025-08-25T19:00:00Z,finished,2,/matches/liverpool-vs-newcastle-united/2ygyxm#4813393,2026-05-12T01:36:42.173317+00:00
4813397,47,Premier League,2025/2026,8455,Chelsea,9879,Fulham,2,0,2025-08-30T11:30:00Z,finished,3,/matches/chelsea-vs-fulham/2s2omg#4813397,2026-05-12T01:36:42.173317+00:00
4813400,47,Premier League,2025/2026,10260,Manchester United,8191,Burnley,3,2,2025-08-30T14:00:00Z,finished,3,/matches/burnley-vs-manchester-united/2tcrst#4813400,2026-05-12T01:36:42.173317+00:00
4813402,47,Premier League,2025/2026,8472,Sunderland,9937,Brentford,2,1,2025-08-30T14:00:00Z,finished,3,/matches/sunderland-vs-brentford/2sw7v2#4813402,2026-05-12T01:36:42.173317+00:00
4813403,47,Premier League,2025/2026,8586,Tottenham Hotspur,8678,AFC Bournemouth,0,1,2025-08-30T14:00:00Z,finished,3,/matches/tottenham-hotspur-vs-afc-bournemouth/2gqg4e#4813403,2026-05-12T01:36:42.173317+00:00
4813404,47,Premier League,2025/2026,8602,Wolverhampton Wanderers,8668,Everton,2,3,2025-08-30T14:00:00Z,finished,3,/matches/wolverhampton-wanderers-vs-everton/2gso21#4813404,2026-05-12T01:36:42.173317+00:00
4813398,47,Premier League,2025/2026,8463,Leeds United,10261,Newcastle United,0,0,2025-08-30T16:30:00Z,finished,3,/matches/leeds-united-vs-newcastle-united/2wdjjd#4813398,2026-05-12T01:36:42.173317+00:00
4813396,47,Premier League,2025/2026,10204,Brighton & Hove Albion,8456,Manchester City,2,1,2025-08-31T13:00:00Z,finished,3,/matches/manchester-city-vs-brighton-hove-albion/2vnwg2#4813396,2026-05-12T01:36:42.173317+00:00
4813401,47,Premier League,2025/2026,10203,Nottingham Forest,8654,West Ham United,0,3,2025-08-31T13:00:00Z,finished,3,/matches/west-ham-united-vs-nottingham-forest/2xv42z#4813401,2026-05-12T01:36:42.173317+00:00
4813399,47,Premier League,2025/2026,8650,Liverpool,9825,Arsenal,1,0,2025-08-31T15:30:00Z,finished,3,/matches/liverpool-vs-arsenal/2tmaz7#4813399,2026-05-12T01:36:42.173317+00:00
4813395,47,Premier League,2025/2026,10252,Aston Villa,9826,Crystal Palace,0,3,2025-08-31T18:00:00Z,finished,3,/matches/crystal-palace-vs-aston-villa/3c0md7#4813395,2026-05-12T01:36:42.173317+00:00
4813406,47,Premier League,2025/2026,9825,Arsenal,10203,Nottingham Forest,3,0,2025-09-13T11:30:00Z,finished,4,/matches/arsenal-vs-nottingham-forest/3bf4p3#4813406,2026-05-12T01:36:42.173317+00:00
4813405,47,Premier League,2025/2026,8678,AFC Bournemouth,10204,Brighton & Hove Albion,2,1,2025-09-13T14:00:00Z,finished,4,/matches/afc-bournemouth-vs-brighton-hove-albion/2y583t#4813405,2026-05-12T01:36:42.173317+00:00
4813409,47,Premier League,2025/2026,9826,Crystal Palace,8472,Sunderland,0,0,2025-09-13T14:00:00Z,finished,4,/matches/sunderland-vs-crystal-palace/2rojsh#4813409,2026-05-12T01:36:42.173317+00:00
4813410,47,Premier League,2025/2026,8668,Everton,10252,Aston Villa,0,0,2025-09-13T14:00:00Z,finished,4,/matches/everton-vs-aston-villa/2ykmb4#4813410,2026-05-12T01:36:42.173317+00:00
4813411,47,Premier League,2025/2026,9879,Fulham,8463,Leeds United,1,0,2025-09-13T14:00:00Z,finished,4,/matches/leeds-united-vs-fulham/2s5tto#4813411,2026-05-12T01:36:42.173317+00:00
4813413,47,Premier League,2025/2026,10261,Newcastle United,8602,Wolverhampton Wanderers,1,0,2025-09-13T14:00:00Z,finished,4,/matches/wolverhampton-wanderers-vs-newcastle-united/2xxjcy#4813413,2026-05-12T01:36:42.173317+00:00
4813414,47,Premier League,2025/2026,8654,West Ham United,8586,Tottenham Hotspur,0,3,2025-09-13T16:30:00Z,finished,4,/matches/tottenham-hotspur-vs-west-ham-united/2ghkm2#4813414,2026-05-12T01:36:42.173317+00:00
4813407,47,Premier League,2025/2026,9937,Brentford,8455,Chelsea,2,2,2025-09-13T19:00:00Z,finished,4,/matches/chelsea-vs-brentford/2spihp#4813407,2026-05-12T01:36:42.173317+00:00
4813408,47,Premier League,2025/2026,8191,Burnley,8650,Liverpool,0,1,2025-09-14T13:00:00Z,finished,4,/matches/burnley-vs-liverpool/2cfu6v#4813408,2026-05-12T01:36:42.173317+00:00
4813412,47,Premier League,2025/2026,8456,Manchester City,10260,Manchester United,3,0,2025-09-14T15:30:00Z,finished,4,/matches/manchester-city-vs-manchester-united/2wabz2#4813412,2026-05-12T01:36:42.173317+00:00
4813420,47,Premier League,2025/2026,8650,Liverpool,8668,Everton,2,1,2025-09-20T11:30:00Z,finished,5,/matches/liverpool-vs-everton/2hagld#4813420,2026-05-12T01:36:42.173317+00:00
4813417,47,Premier League,2025/2026,10204,Brighton & Hove Albion,8586,Tottenham Hotspur,2,2,2025-09-20T14:00:00Z,finished,5,/matches/tottenham-hotspur-vs-brighton-hove-albion/2x42vj#4813417,2026-05-12T01:36:42.173317+00:00
4813418,47,Premier League,2025/2026,8191,Burnley,10203,Nottingham Forest,1,1,2025-09-20T14:00:00Z,finished,5,/matches/burnley-vs-nottingham-forest/2sq9j2#4813418,2026-05-12T01:36:42.173317+00:00
4813423,47,Premier League,2025/2026,8654,West Ham United,9826,Crystal Palace,1,2,2025-09-20T14:00:00Z,finished,5,/matches/west-ham-united-vs-crystal-palace/2toa9m#4813423,2026-05-12T01:36:42.173317+00:00
4813424,47,Premier League,2025/2026,8602,Wolverhampton Wanderers,8463,Leeds United,1,3,2025-09-20T14:00:00Z,finished,5,/matches/leeds-united-vs-wolverhampton-wanderers/2ep8dz#4813424,2026-05-12T01:36:42.173317+00:00
4813421,47,Premier League,2025/2026,10260,Manchester United,8455,Chelsea,2,1,2025-09-20T16:30:00Z,finished,5,/matches/chelsea-vs-manchester-united/2w9xj5#4813421,2026-05-12T01:36:42.173317+00:00
4813419,47,Premier League,2025/2026,9879,Fulham,9937,Brentford,3,1,2025-09-20T19:00:00Z,finished,5,/matches/fulham-vs-brentford/38wlut#4813419,2026-05-12T01:36:42.173317+00:00
4813415,47,Premier League,2025/2026,8678,AFC Bournemouth,10261,Newcastle United,0,0,2025-09-21T13:00:00Z,finished,5,/matches/afc-bournemouth-vs-newcastle-united/2ysbu8#4813415,2026-05-12T01:36:42.173317+00:00
4813422,47,Premier League,2025/2026,8472,Sunderland,10252,Aston Villa,1,1,2025-09-21T13:00:00Z,finished,5,/matches/sunderland-vs-aston-villa/2wdjjm#4813422,2026-05-12T01:36:42.173317+00:00
4813416,47,Premier League,2025/2026,9825,Arsenal,8456,Manchester City,1,1,2025-09-21T15:30:00Z,finished,5,/matches/manchester-city-vs-arsenal/2rhvvi#4813416,2026-05-12T01:36:42.173317+00:00
4813426,47,Premier League,2025/2026,9937,Brentford,10260,Manchester United,3,1,2025-09-27T11:30:00Z,finished,6,/matches/brentford-vs-manchester-united/3dfzjk#4813426,2026-05-12T01:36:42.173317+00:00
4813427,47,Premier League,2025/2026,8455,Chelsea,10204,Brighton & Hove Albion,1,3,2025-09-27T14:00:00Z,finished,6,/matches/chelsea-vs-brighton-hove-albion/2vni1p#4813427,2026-05-12T01:36:42.173317+00:00
4813428,47,Premier League,2025/2026,9826,Crystal Palace,8650,Liverpool,2,1,2025-09-27T14:00:00Z,finished,6,/matches/liverpool-vs-crystal-palace/2tmp8g#4813428,2026-05-12T01:36:42.173317+00:00
4813430,47,Premier League,2025/2026,8463,Leeds United,8678,AFC Bournemouth,2,2,2025-09-27T14:00:00Z,finished,6,/matches/leeds-united-vs-afc-bournemouth/2fh3fh#4813430,2026-05-12T01:36:42.173317+00:00
4813431,47,Premier League,2025/2026,8456,Manchester City,8191,Burnley,5,1,2025-09-27T14:00:00Z,finished,6,/matches/burnley-vs-manchester-city/2ai7j8#4813431,2026-05-12T01:36:42.173317+00:00
4813433,47,Premier League,2025/2026,10203,Nottingham Forest,8472,Sunderland,0,1,2025-09-27T16:30:00Z,finished,6,/matches/sunderland-vs-nottingham-forest/2vtwiu#4813433,2026-05-12T01:36:42.173317+00:00
4813434,47,Premier League,2025/2026,8586,Tottenham Hotspur,8602,Wolverhampton Wanderers,1,1,2025-09-27T19:00:00Z,finished,6,/matches/tottenham-hotspur-vs-wolverhampton-wanderers/2fydv8#4813434,2026-05-12T01:36:42.173317+00:00
4813425,47,Premier League,2025/2026,10252,Aston Villa,9879,Fulham,3,1,2025-09-28T13:00:00Z,finished,6,/matches/fulham-vs-aston-villa/3cnglp#4813425,2026-05-12T01:36:42.173317+00:00
4813432,47,Premier League,2025/2026,10261,Newcastle United,9825,Arsenal,1,2,2025-09-28T15:30:00Z,finished,6,/matches/arsenal-vs-newcastle-united/3c42by#4813432,2026-05-12T01:36:42.173317+00:00
4813429,47,Premier League,2025/2026,8668,Everton,8654,West Ham United,1,1,2025-09-29T19:00:00Z,finished,6,/matches/west-ham-united-vs-everton/2hby1v#4813429,2026-05-12T01:36:42.173317+00:00
4813435,47,Premier League,2025/2026,8678,AFC Bournemouth,9879,Fulham,3,1,2025-10-03T19:00:00Z,finished,7,/matches/afc-bournemouth-vs-fulham/2uiul6#4813435,2026-05-12T01:36:42.173317+00:00
4813441,47,Premier League,2025/2026,8463,Leeds United,8586,Tottenham Hotspur,1,2,2025-10-04T11:30:00Z,finished,7,/matches/leeds-united-vs-tottenham-hotspur/2ejdsf#4813441,2026-05-12T01:36:42.173317+00:00
4813436,47,Premier League,2025/2026,9825,Arsenal,8654,West Ham United,2,0,2025-10-04T14:00:00Z,finished,7,/matches/west-ham-united-vs-arsenal/2tnw09#4813436,2026-05-12T01:36:42.173317+00:00
4813442,47,Premier League,2025/2026,10260,Manchester United,8472,Sunderland,2,0,2025-10-04T14:00:00Z,finished,7,/matches/sunderland-vs-manchester-united/2wgr5i#4813442,2026-05-12T01:36:42.173317+00:00
4813439,47,Premier League,2025/2026,8455,Chelsea,8650,Liverpool,2,1,2025-10-04T16:30:00Z,finished,7,/matches/chelsea-vs-liverpool/2f3vr7#4813439,2026-05-12T01:36:42.173317+00:00
4813437,47,Premier League,2025/2026,10252,Aston Villa,8191,Burnley,2,1,2025-10-05T13:00:00Z,finished,7,/matches/burnley-vs-aston-villa/2t9lxd#4813437,2026-05-12T01:36:42.173317+00:00
4813440,47,Premier League,2025/2026,8668,Everton,9826,Crystal Palace,2,1,2025-10-05T13:00:00Z,finished,7,/matches/everton-vs-crystal-palace/2tttz7#4813440,2026-05-12T01:36:42.173317+00:00
4813443,47,Premier League,2025/2026,10261,Newcastle United,10203,Nottingham Forest,2,0,2025-10-05T13:00:00Z,finished,7,/matches/nottingham-forest-vs-newcastle-united/3gocct#4813443,2026-05-12T01:36:42.173317+00:00
4813444,47,Premier League,2025/2026,8602,Wolverhampton Wanderers,10204,Brighton & Hove Albion,1,1,2025-10-05T13:00:00Z,finished,7,/matches/wolverhampton-wanderers-vs-brighton-hove-albion/2xaiyv#4813444,2026-05-12T01:36:42.173317+00:00
4813438,47,Premier League,2025/2026,9937,Brentford,8456,Manchester City,0,1,2025-10-05T15:30:00Z,finished,7,/matches/manchester-city-vs-brentford/2spwom#4813438,2026-05-12T01:36:42.173317+00:00
4813451,47,Premier League,2025/2026,10203,Nottingham Forest,8455,Chelsea,0,3,2025-10-18T11:30:00Z,finished,8,/matches/chelsea-vs-nottingham-forest/2vn3ne#4813451,2026-05-12T01:36:42.173317+00:00
4813445,47,Premier League,2025/2026,10204,Brighton & Hove Albion,10261,Newcastle United,2,1,2025-10-18T14:00:00Z,finished,8,/matches/brighton-hove-albion-vs-newcastle-united/3gos5a#4813445,2026-05-12T01:36:42.173317+00:00
4813446,47,Premier League,2025/2026,8191,Burnley,8463,Leeds United,2,0,2025-10-18T14:00:00Z,finished,8,/matches/burnley-vs-leeds-united/2akph4#4813446,2026-05-12T01:36:42.173317+00:00
4813447,47,Premier League,2025/2026,9826,Crystal Palace,8678,AFC Bournemouth,3,3,2025-10-18T14:00:00Z,finished,8,/matches/afc-bournemouth-vs-crystal-palace/2txspy#4813447,2026-05-12T01:36:42.173317+00:00
4813450,47,Premier League,2025/2026,8456,Manchester City,8668,Everton,2,0,2025-10-18T14:00:00Z,finished,8,/matches/manchester-city-vs-everton/2fauom#4813450,2026-05-12T01:36:42.173317+00:00
4813452,47,Premier League,2025/2026,8472,Sunderland,8602,Wolverhampton Wanderers,2,0,2025-10-18T14:00:00Z,finished,8,/matches/sunderland-vs-wolverhampton-wanderers/2esixh#4813452,2026-05-12T01:36:42.173317+00:00
4813448,47,Premier League,2025/2026,9879,Fulham,9825,Arsenal,0,1,2025-10-18T16:30:00Z,finished,8,/matches/arsenal-vs-fulham/37l643#4813448,2026-05-12T01:36:42.173317+00:00
4813453,47,Premier League,2025/2026,8586,Tottenham Hotspur,10252,Aston Villa,1,2,2025-10-19T13:00:00Z,finished,8,/matches/tottenham-hotspur-vs-aston-villa/2xnfpj#4813453,2026-05-12T01:36:42.173317+00:00
4813449,47,Premier League,2025/2026,8650,Liverpool,10260,Manchester United,1,2,2025-10-19T15:30:00Z,finished,8,/matches/liverpool-vs-manchester-united/2ygkcb#4813449,2026-05-12T01:36:42.173317+00:00
4813454,47,Premier League,2025/2026,8654,West Ham United,9937,Brentford,0,2,2025-10-20T19:00:00Z,finished,8,/matches/west-ham-united-vs-brentford/2uwdxd#4813454,2026-05-12T01:36:42.173317+00:00
4813461,47,Premier League,2025/2026,8463,Leeds United,8654,West Ham United,2,1,2025-10-24T19:00:00Z,finished,9,/matches/leeds-united-vs-west-ham-united/2f8a75#4813461,2026-05-12T01:36:42.173317+00:00
4813459,47,Premier League,2025/2026,8455,Chelsea,8472,Sunderland,1,2,2025-10-25T14:00:00Z,finished,9,/matches/chelsea-vs-sunderland/2dayh4#4813459,2026-05-12T01:36:42.173317+00:00
4813463,47,Premier League,2025/2026,10261,Newcastle United,9879,Fulham,2,1,2025-10-25T14:00:00Z,finished,9,/matches/fulham-vs-newcastle-united/3crcfp#4813463,2026-05-12T01:36:42.173317+00:00
4813462,47,Premier League,2025/2026,10260,Manchester United,10204,Brighton & Hove Albion,4,2,2025-10-25T16:30:00Z,finished,9,/matches/brighton-hove-albion-vs-manchester-united/3goccs#4813462,2026-05-12T01:36:42.173317+00:00
4813458,47,Premier League,2025/2026,9937,Brentford,8650,Liverpool,3,2,2025-10-25T19:00:00Z,finished,9,/matches/liverpool-vs-brentford/2uusjv#4813458,2026-05-12T01:36:42.173317+00:00
4813455,47,Premier League,2025/2026,8678,AFC Bournemouth,10203,Nottingham Forest,2,0,2025-10-26T14:00:00Z,finished,9,/matches/afc-bournemouth-vs-nottingham-forest/2y4tjb#4813455,2026-05-12T01:36:42.173317+00:00
4813456,47,Premier League,2025/2026,9825,Arsenal,9826,Crystal Palace,1,0,2025-10-26T14:00:00Z,finished,9,/matches/arsenal-vs-crystal-palace/36ytc8#4813456,2026-05-12T01:36:42.173317+00:00
4813457,47,Premier League,2025/2026,10252,Aston Villa,8456,Manchester City,1,0,2025-10-26T14:00:00Z,finished,9,/matches/manchester-city-vs-aston-villa/2w74gq#4813457,2026-05-12T01:36:42.173317+00:00
4813464,47,Premier League,2025/2026,8602,Wolverhampton Wanderers,8191,Burnley,2,3,2025-10-26T14:00:00Z,finished,9,/matches/burnley-vs-wolverhampton-wanderers/2byja7#4813464,2026-05-12T01:36:42.173317+00:00
4813460,47,Premier League,2025/2026,8668,Everton,8586,Tottenham Hotspur,0,3,2025-10-26T16:30:00Z,finished,9,/matches/tottenham-hotspur-vs-everton/2gmqxt#4813460,2026-05-12T01:36:42.173317+00:00
4813465,47,Premier League,2025/2026,10204,Brighton & Hove Albion,8463,Leeds United,3,0,2025-11-01T15:00:00Z,finished,10,/matches/leeds-united-vs-brighton-hove-albion/2vqp9d#4813465,2026-05-12T01:36:42.173317+00:00
4813466,47,Premier League,2025/2026,8191,Burnley,9825,Arsenal,0,2,2025-11-01T15:00:00Z,finished,10,/matches/burnley-vs-arsenal/2omsup#4813466,2026-05-12T01:36:42.173317+00:00
4813467,47,Premier League,2025/2026,9826,Crystal Palace,9937,Brentford,2,0,2025-11-01T15:00:00Z,finished,10,/matches/crystal-palace-vs-brentford/38a4jj#4813467,2026-05-12T01:36:42.173317+00:00
4813468,47,Premier League,2025/2026,9879,Fulham,8602,Wolverhampton Wanderers,3,0,2025-11-01T15:00:00Z,finished,10,/matches/wolverhampton-wanderers-vs-fulham/2tookg#4813468,2026-05-12T01:36:42.173317+00:00
4813471,47,Premier League,2025/2026,10203,Nottingham Forest,10260,Manchester United,2,2,2025-11-01T15:00:00Z,finished,10,/matches/nottingham-forest-vs-manchester-united/3gnwkc#4813471,2026-05-12T01:36:42.173317+00:00
4813473,47,Premier League,2025/2026,8586,Tottenham Hotspur,8455,Chelsea,0,1,2025-11-01T17:30:00Z,finished,10,/matches/chelsea-vs-tottenham-hotspur/2eggkj#4813473,2026-05-12T01:36:42.173317+00:00
4813469,47,Premier League,2025/2026,8650,Liverpool,10252,Aston Villa,2,0,2025-11-01T20:00:00Z,finished,10,/matches/liverpool-vs-aston-villa/2ydbmv#4813469,2026-05-12T01:36:42.173317+00:00
4813474,47,Premier League,2025/2026,8654,West Ham United,10261,Newcastle United,3,1,2025-11-02T14:00:00Z,finished,10,/matches/west-ham-united-vs-newcastle-united/2yilb8#4813474,2026-05-12T01:36:42.173317+00:00
4813470,47,Premier League,2025/2026,8456,Manchester City,8678,AFC Bournemouth,3,1,2025-11-02T16:30:00Z,finished,10,/matches/manchester-city-vs-afc-bournemouth/2feiv3#4813470,2026-05-12T01:36:42.173317+00:00
4813472,47,Premier League,2025/2026,8472,Sunderland,8668,Everton,1,1,2025-11-03T20:00:00Z,finished,10,/matches/sunderland-vs-everton/2fgq72#4813472,2026-05-12T01:36:42.173317+00:00
4813483,47,Premier League,2025/2026,8586,Tottenham Hotspur,10260,Manchester United,2,2,2025-11-08T12:30:00Z,finished,11,/matches/tottenham-hotspur-vs-manchester-united/2xqo0r#4813483,2026-05-12T01:36:42.173317+00:00
4813479,47,Premier League,2025/2026,8668,Everton,9879,Fulham,2,0,2025-11-08T15:00:00Z,finished,11,/matches/everton-vs-fulham/2uevfp#4813479,2026-05-12T01:36:42.173317+00:00
4813484,47,Premier League,2025/2026,8654,West Ham United,8191,Burnley,3,2,2025-11-08T15:00:00Z,finished,11,/matches/burnley-vs-west-ham-united/2cha6h#4813484,2026-05-12T01:36:42.173317+00:00
4813482,47,Premier League,2025/2026,8472,Sunderland,9825,Arsenal,2,2,2025-11-08T17:30:00Z,finished,11,/matches/sunderland-vs-arsenal/2ro5o6#4813482,2026-05-12T01:36:42.173317+00:00
4813477,47,Premier League,2025/2026,8455,Chelsea,8602,Wolverhampton Wanderers,3,0,2025-11-08T20:00:00Z,finished,11,/matches/chelsea-vs-wolverhampton-wanderers/2emb2j#4813477,2026-05-12T01:36:42.173317+00:00
4813475,47,Premier League,2025/2026,10252,Aston Villa,8678,AFC Bournemouth,4,0,2025-11-09T14:00:00Z,finished,11,/matches/afc-bournemouth-vs-aston-villa/2yooch#4813475,2026-05-12T01:36:42.173317+00:00
4813476,47,Premier League,2025/2026,9937,Brentford,10261,Newcastle United,3,1,2025-11-09T14:00:00Z,finished,11,/matches/brentford-vs-newcastle-united/3dgf4m#4813476,2026-05-12T01:36:42.173317+00:00
4813478,47,Premier League,2025/2026,9826,Crystal Palace,10204,Brighton & Hove Albion,0,0,2025-11-09T14:00:00Z,finished,11,/matches/crystal-palace-vs-brighton-hove-albion/3bfzlv#4813478,2026-05-12T01:36:42.173317+00:00
4813481,47,Premier League,2025/2026,10203,Nottingham Forest,8463,Leeds United,3,1,2025-11-09T14:00:00Z,finished,11,/matches/leeds-united-vs-nottingham-forest/2vqauu#4813481,2026-05-12T01:36:42.173317+00:00
4813480,47,Premier League,2025/2026,8456,Manchester City,8650,Liverpool,3,0,2025-11-09T16:30:00Z,finished,11,/matches/manchester-city-vs-liverpool/2f48yd#4813480,2026-05-12T01:36:42.173317+00:00
4813488,47,Premier League,2025/2026,8191,Burnley,8455,Chelsea,0,2,2025-11-22T12:30:00Z,finished,12,/matches/burnley-vs-chelsea/2ahuos#4813488,2026-05-12T01:36:42.173317+00:00
4813485,47,Premier League,2025/2026,8678,AFC Bournemouth,8654,West Ham United,2,2,2025-11-22T15:00:00Z,finished,12,/matches/west-ham-united-vs-afc-bournemouth/2hfnrc#4813485,2026-05-12T01:36:42.173317+00:00
4813487,47,Premier League,2025/2026,10204,Brighton & Hove Albion,9937,Brentford,2,1,2025-11-22T15:00:00Z,finished,12,/matches/brentford-vs-brighton-hove-albion/3crs0s#4813487,2026-05-12T01:36:42.173317+00:00
4813489,47,Premier League,2025/2026,9879,Fulham,8472,Sunderland,1,0,2025-11-22T15:00:00Z,finished,12,/matches/sunderland-vs-fulham/2s9d8f#4813489,2026-05-12T01:36:42.173317+00:00
4813491,47,Premier League,2025/2026,8650,Liverpool,10203,Nottingham Forest,0,3,2025-11-22T15:00:00Z,finished,12,/matches/liverpool-vs-nottingham-forest/2xthvt#4813491,2026-05-12T01:36:42.173317+00:00
4813494,47,Premier League,2025/2026,8602,Wolverhampton Wanderers,9826,Crystal Palace,0,2,2025-11-22T15:00:00Z,finished,12,/matches/wolverhampton-wanderers-vs-crystal-palace/2t3pt4#4813494,2026-05-12T01:36:42.173317+00:00
4813493,47,Premier League,2025/2026,10261,Newcastle United,8456,Manchester City,2,1,2025-11-22T17:30:00Z,finished,12,/matches/manchester-city-vs-newcastle-united/2waqez#4813493,2026-05-12T01:36:42.173317+00:00
4813490,47,Premier League,2025/2026,8463,Leeds United,10252,Aston Villa,1,2,2025-11-23T14:00:00Z,finished,12,/matches/leeds-united-vs-aston-villa/2w9xjd#4813490,2026-05-12T01:36:42.173317+00:00
4813486,47,Premier League,2025/2026,9825,Arsenal,8586,Tottenham Hotspur,4,1,2025-11-23T16:30:00Z,finished,12,/matches/tottenham-hotspur-vs-arsenal/2sx06r#4813486,2026-05-12T01:36:42.173317+00:00
4813492,47,Premier League,2025/2026,10260,Manchester United,8668,Everton,0,1,2025-11-24T20:00:00Z,finished,12,/matches/everton-vs-manchester-united/2ynv4k#4813492,2026-05-12T01:36:42.173317+00:00
4813496,47,Premier League,2025/2026,9937,Brentford,8191,Burnley,3,1,2025-11-29T15:00:00Z,finished,13,/matches/burnley-vs-brentford/2pu6rd#4813496,2026-05-12T01:36:42.173317+00:00
4813500,47,Premier League,2025/2026,8456,Manchester City,8463,Leeds United,3,2,2025-11-29T15:00:00Z,finished,13,/matches/manchester-city-vs-leeds-united/2d8203#4813500,2026-05-12T01:36:42.173317+00:00
4813502,47,Premier League,2025/2026,8472,Sunderland,8678,AFC Bournemouth,3,2,2025-11-29T15:00:00Z,finished,13,/matches/sunderland-vs-afc-bournemouth/2fkehz#4813502,2026-05-12T01:36:42.173317+00:00
4813499,47,Premier League,2025/2026,8668,Everton,10261,Newcastle United,1,4,2025-11-29T17:30:00Z,finished,13,/matches/everton-vs-newcastle-united/2yo9qd#4813499,2026-05-12T01:36:42.173317+00:00
4813503,47,Premier League,2025/2026,8586,Tottenham Hotspur,9879,Fulham,1,2,2025-11-29T20:00:00Z,finished,13,/matches/tottenham-hotspur-vs-fulham/2tici0#4813503,2026-05-12T01:36:42.173317+00:00
4813498,47,Premier League,2025/2026,9826,Crystal Palace,10260,Manchester United,1,2,2025-11-30T12:00:00Z,finished,13,/matches/crystal-palace-vs-manchester-united/3c42bz#4813498,2026-05-12T01:36:42.173317+00:00
4813495,47,Premier League,2025/2026,10252,Aston Villa,8602,Wolverhampton Wanderers,1,0,2025-11-30T14:05:00Z,finished,13,/matches/wolverhampton-wanderers-vs-aston-villa/2xtwe7#4813495,2026-05-12T01:36:42.173317+00:00
4813501,47,Premier League,2025/2026,10203,Nottingham Forest,10204,Brighton & Hove Albion,0,2,2025-11-30T14:05:00Z,finished,13,/matches/nottingham-forest-vs-brighton-hove-albion/3fzdi8#4813501,2026-05-12T01:36:42.173317+00:00
4813504,47,Premier League,2025/2026,8654,West Ham United,8650,Liverpool,0,2,2025-11-30T14:05:00Z,finished,13,/matches/liverpool-vs-west-ham-united/2h59kq#4813504,2026-05-12T01:36:42.173317+00:00
4813497,47,Premier League,2025/2026,8455,Chelsea,9825,Arsenal,1,1,2025-11-30T16:30:00Z,finished,13,/matches/chelsea-vs-arsenal/2rhhrp#4813497,2026-05-12T01:36:42.173317+00:00
4813505,47,Premier League,2025/2026,8678,AFC Bournemouth,8668,Everton,0,1,2025-12-02T19:30:00Z,finished,14,/matches/everton-vs-afc-bournemouth/2hkv2h#4813505,2026-05-12T01:36:42.173317+00:00
4813509,47,Premier League,2025/2026,9879,Fulham,8456,Manchester City,4,5,2025-12-02T19:30:00Z,finished,14,/matches/manchester-city-vs-fulham/2s32rr#4813509,2026-05-12T01:36:42.173317+00:00
4813513,47,Premier League,2025/2026,10261,Newcastle United,8586,Tottenham Hotspur,2,2,2025-12-02T20:15:00Z,finished,14,/matches/tottenham-hotspur-vs-newcastle-united/2xr2ka#4813513,2026-05-12T01:36:42.173317+00:00
4813506,47,Premier League,2025/2026,9825,Arsenal,9937,Brentford,2,0,2025-12-03T19:30:00Z,finished,14,/matches/arsenal-vs-brentford/389pak#4813506,2026-05-12T01:36:42.173317+00:00
4813507,47,Premier League,2025/2026,10204,Brighton & Hove Albion,10252,Aston Villa,3,4,2025-12-03T19:30:00Z,finished,14,/matches/brighton-hove-albion-vs-aston-villa/3gku1s#4813507,2026-05-12T01:36:42.173317+00:00
4813508,47,Premier League,2025/2026,8191,Burnley,9826,Crystal Palace,0,1,2025-12-03T19:30:00Z,finished,14,/matches/burnley-vs-crystal-palace/2on6r7#4813508,2026-05-12T01:36:42.173317+00:00
4813514,47,Premier League,2025/2026,8602,Wolverhampton Wanderers,10203,Nottingham Forest,0,1,2025-12-03T19:30:00Z,finished,14,/matches/wolverhampton-wanderers-vs-nottingham-forest/2xa4gh#4813514,2026-05-12T01:36:42.173317+00:00
4813510,47,Premier League,2025/2026,8463,Leeds United,8455,Chelsea,3,1,2025-12-03T20:15:00Z,finished,14,/matches/chelsea-vs-leeds-united/2d7oy4#4813510,2026-05-12T01:36:42.173317+00:00
4813511,47,Premier League,2025/2026,8650,Liverpool,8472,Sunderland,1,1,2025-12-03T20:15:00Z,finished,14,/matches/sunderland-vs-liverpool/2fa48t#4813511,2026-05-12T01:36:42.173317+00:00
4813512,47,Premier League,2025/2026,10260,Manchester United,8654,West Ham United,1,1,2025-12-04T20:00:00Z,finished,14,/matches/west-ham-united-vs-manchester-united/2yi6pt#4813512,2026-05-12T01:36:42.173317+00:00
4813516,47,Premier League,2025/2026,10252,Aston Villa,9825,Arsenal,2,1,2025-12-06T12:30:00Z,finished,15,/matches/arsenal-vs-aston-villa/3c06vg#4813516,2026-05-12T01:36:42.173317+00:00
4813515,47,Premier League,2025/2026,8678,AFC Bournemouth,8455,Chelsea,0,0,2025-12-06T15:00:00Z,finished,15,/matches/chelsea-vs-afc-bournemouth/2fe5n5#4813515,2026-05-12T01:36:42.173317+00:00
4813518,47,Premier League,2025/2026,8668,Everton,10203,Nottingham Forest,3,0,2025-12-06T15:00:00Z,finished,15,/matches/everton-vs-nottingham-forest/2y0rvk#4813518,2026-05-12T01:36:42.173317+00:00
4813521,47,Premier League,2025/2026,8456,Manchester City,8472,Sunderland,3,0,2025-12-06T15:00:00Z,finished,15,/matches/manchester-city-vs-sunderland/2dbbjc#4813521,2026-05-12T01:36:42.173317+00:00
4813522,47,Premier League,2025/2026,10261,Newcastle United,8191,Burnley,2,1,2025-12-06T15:00:00Z,finished,15,/matches/burnley-vs-newcastle-united/2td61d#4813522,2026-05-12T01:36:42.173317+00:00
4813523,47,Premier League,2025/2026,8586,Tottenham Hotspur,9937,Brentford,2,0,2025-12-06T15:00:00Z,finished,15,/matches/tottenham-hotspur-vs-brentford/2u5c8b#4813523,2026-05-12T01:36:42.173317+00:00
4813520,47,Premier League,2025/2026,8463,Leeds United,8650,Liverpool,3,3,2025-12-06T17:30:00Z,finished,15,/matches/leeds-united-vs-liverpool/2f6tdb#4813520,2026-05-12T01:36:42.173317+00:00
4813517,47,Premier League,2025/2026,10204,Brighton & Hove Albion,8654,West Ham United,1,1,2025-12-07T14:00:00Z,finished,15,/matches/west-ham-united-vs-brighton-hove-albion/2xvimt#4813517,2026-05-12T01:36:42.173317+00:00
4813519,47,Premier League,2025/2026,9879,Fulham,9826,Crystal Palace,1,2,2025-12-07T16:30:00Z,finished,15,/matches/crystal-palace-vs-fulham/37llbg#4813519,2026-05-12T01:36:42.173317+00:00
4813524,47,Premier League,2025/2026,8602,Wolverhampton Wanderers,10260,Manchester United,1,4,2025-12-08T20:00:00Z,finished,15,/matches/wolverhampton-wanderers-vs-manchester-united/2xx4sz#4813524,2026-05-12T01:36:42.173317+00:00
4813528,47,Premier League,2025/2026,8455,Chelsea,8668,Everton,2,0,2025-12-13T15:00:00Z,finished,16,/matches/chelsea-vs-everton/2fahgy#4813528,2026-05-12T01:36:42.173317+00:00
4813530,47,Premier League,2025/2026,8650,Liverpool,10204,Brighton & Hove Albion,2,0,2025-12-13T15:00:00Z,finished,16,/matches/liverpool-vs-brighton-hove-albion/2xtwfj#4813530,2026-05-12T01:36:42.173317+00:00
4813527,47,Premier League,2025/2026,8191,Burnley,9879,Fulham,2,3,2025-12-13T17:30:00Z,finished,16,/matches/burnley-vs-fulham/2p7opg#4813527,2026-05-12T01:36:42.173317+00:00
4813525,47,Premier League,2025/2026,9825,Arsenal,8602,Wolverhampton Wanderers,2,1,2025-12-13T20:00:00Z,finished,16,/matches/wolverhampton-wanderers-vs-arsenal/2t3bl7#4813525,2026-05-12T01:36:42.173317+00:00
4813529,47,Premier League,2025/2026,9826,Crystal Palace,8456,Manchester City,0,3,2025-12-14T14:00:00Z,finished,16,/matches/manchester-city-vs-crystal-palace/2ri9zd#4813529,2026-05-12T01:36:42.173317+00:00
4813532,47,Premier League,2025/2026,10203,Nottingham Forest,8586,Tottenham Hotspur,3,0,2025-12-14T14:00:00Z,finished,16,/matches/tottenham-hotspur-vs-nottingham-forest/2x3odl#4813532,2026-05-12T01:36:42.173317+00:00
4813533,47,Premier League,2025/2026,8472,Sunderland,10261,Newcastle United,1,0,2025-12-14T14:00:00Z,finished,16,/matches/sunderland-vs-newcastle-united/2wh5lv#4813533,2026-05-12T01:36:42.173317+00:00
4813534,47,Premier League,2025/2026,8654,West Ham United,10252,Aston Villa,2,3,2025-12-14T14:00:00Z,finished,16,/matches/west-ham-united-vs-aston-villa/2yexzh#4813534,2026-05-12T01:36:42.173317+00:00
4813526,47,Premier League,2025/2026,9937,Brentford,8463,Leeds United,1,1,2025-12-14T16:30:00Z,finished,16,/matches/leeds-united-vs-brentford/2sso1t#4813526,2026-05-12T01:36:42.173317+00:00
4813531,47,Premier League,2025/2026,10260,Manchester United,8678,AFC Bournemouth,4,4,2025-12-15T20:00:00Z,finished,16,/matches/afc-bournemouth-vs-manchester-united/2yrx85#4813531,2026-05-12T01:36:42.173317+00:00
4813542,47,Premier League,2025/2026,10261,Newcastle United,8455,Chelsea,2,2,2025-12-20T12:30:00Z,finished,17,/matches/chelsea-vs-newcastle-united/2wabz1#4813542,2026-05-12T01:36:42.173317+00:00
4813535,47,Premier League,2025/2026,8678,AFC Bournemouth,8191,Burnley,1,1,2025-12-20T15:00:00Z,finished,17,/matches/burnley-vs-afc-bournemouth/2cpydh#4813535,2026-05-12T01:36:42.173317+00:00
4813537,47,Premier League,2025/2026,10204,Brighton & Hove Albion,8472,Sunderland,0,0,2025-12-20T15:00:00Z,finished,17,/matches/sunderland-vs-brighton-hove-albion/2vuaxm#4813537,2026-05-12T01:36:42.173317+00:00
4813541,47,Premier League,2025/2026,8456,Manchester City,8654,West Ham United,3,0,2025-12-20T15:00:00Z,finished,17,/matches/manchester-city-vs-west-ham-united/2f5prf#4813541,2026-05-12T01:36:42.173317+00:00
4813544,47,Premier League,2025/2026,8602,Wolverhampton Wanderers,9937,Brentford,0,2,2025-12-20T15:00:00Z,finished,17,/matches/wolverhampton-wanderers-vs-brentford/2ubp0j#4813544,2026-05-12T01:36:42.173317+00:00
4813543,47,Premier League,2025/2026,8586,Tottenham Hotspur,8650,Liverpool,1,2,2025-12-20T17:30:00Z,finished,17,/matches/tottenham-hotspur-vs-liverpool/2gg3ek#4813543,2026-05-12T01:36:42.173317+00:00
4813538,47,Premier League,2025/2026,8668,Everton,9825,Arsenal,0,1,2025-12-20T20:00:00Z,finished,17,/matches/everton-vs-arsenal/2ttfpg#4813538,2026-05-12T01:36:42.173317+00:00
4813540,47,Premier League,2025/2026,8463,Leeds United,9826,Crystal Palace,4,1,2025-12-20T20:00:00Z,finished,17,/matches/leeds-united-vs-crystal-palace/2rl0qz#4813540,2026-05-12T01:36:42.173317+00:00
4813536,47,Premier League,2025/2026,10252,Aston Villa,10260,Manchester United,2,1,2025-12-21T16:30:00Z,finished,17,/matches/aston-villa-vs-manchester-united/3h9f6s#4813536,2026-05-12T01:36:42.173317+00:00
4813539,47,Premier League,2025/2026,9879,Fulham,10203,Nottingham Forest,1,0,2025-12-22T20:00:00Z,finished,17,/matches/fulham-vs-nottingham-forest/3c2cdu#4813539,2026-05-12T01:36:42.173317+00:00
4813551,47,Premier League,2025/2026,10260,Manchester United,10261,Newcastle United,1,0,2025-12-26T20:00:00Z,finished,18,/matches/manchester-united-vs-newcastle-united/3hddo2#4813551,2026-05-12T01:36:42.173317+00:00
4813552,47,Premier League,2025/2026,10203,Nottingham Forest,8456,Manchester City,1,2,2025-12-27T12:30:00Z,finished,18,/matches/manchester-city-vs-nottingham-forest/2vni1q#4813552,2026-05-12T01:36:42.173317+00:00
4813545,47,Premier League,2025/2026,9825,Arsenal,10204,Brighton & Hove Albion,2,1,2025-12-27T15:00:00Z,finished,18,/matches/arsenal-vs-brighton-hove-albion/3bfk5g#4813545,2026-05-12T01:36:42.173317+00:00
4813546,47,Premier League,2025/2026,9937,Brentford,8678,AFC Bournemouth,4,1,2025-12-27T15:00:00Z,finished,18,/matches/afc-bournemouth-vs-brentford/2v5yfp#4813546,2026-05-12T01:36:42.173317+00:00
4813547,47,Premier League,2025/2026,8191,Burnley,8668,Everton,0,0,2025-12-27T15:00:00Z,finished,18,/matches/burnley-vs-everton/2cmc8m#4813547,2026-05-12T01:36:42.173317+00:00
4813550,47,Premier League,2025/2026,8650,Liverpool,8602,Wolverhampton Wanderers,2,1,2025-12-27T15:00:00Z,finished,18,/matches/wolverhampton-wanderers-vs-liverpool/2gm0as#4813550,2026-05-12T01:36:42.173317+00:00
4813554,47,Premier League,2025/2026,8654,West Ham United,9879,Fulham,0,1,2025-12-27T15:00:00Z,finished,18,/matches/west-ham-united-vs-fulham/2u9b5i#4813554,2026-05-12T01:36:42.173317+00:00
4813548,47,Premier League,2025/2026,8455,Chelsea,10252,Aston Villa,1,2,2025-12-27T17:30:00Z,finished,18,/matches/chelsea-vs-aston-villa/2w6q11#4813548,2026-05-12T01:36:42.173317+00:00
4813553,47,Premier League,2025/2026,8472,Sunderland,8463,Leeds United,1,1,2025-12-28T14:00:00Z,finished,18,/matches/leeds-united-vs-sunderland/2dduzo#4813553,2026-05-12T01:36:42.173317+00:00
4813549,47,Premier League,2025/2026,9826,Crystal Palace,8586,Tottenham Hotspur,0,1,2025-12-28T16:30:00Z,finished,18,/matches/tottenham-hotspur-vs-crystal-palace/2sxee8#4813549,2026-05-12T01:36:42.173317+00:00
4813557,47,Premier League,2025/2026,8191,Burnley,10261,Newcastle United,1,3,2025-12-30T19:30:00Z,finished,19,/matches/burnley-vs-newcastle-united/2td61d#4813557,2026-05-12T01:36:42.173317+00:00
4813558,47,Premier League,2025/2026,8455,Chelsea,8678,AFC Bournemouth,2,2,2025-12-30T19:30:00Z,finished,19,/matches/chelsea-vs-afc-bournemouth/2fe5n5#4813558,2026-05-12T01:36:42.173317+00:00
4813562,47,Premier League,2025/2026,10203,Nottingham Forest,8668,Everton,0,2,2025-12-30T19:30:00Z,finished,19,/matches/everton-vs-nottingham-forest/2y0rvk#4813562,2026-05-12T01:36:42.173317+00:00
4813564,47,Premier League,2025/2026,8654,West Ham United,10204,Brighton & Hove Albion,2,2,2025-12-30T19:30:00Z,finished,19,/matches/west-ham-united-vs-brighton-hove-albion/2xvimt#4813564,2026-05-12T01:36:42.173317+00:00
4813555,47,Premier League,2025/2026,9825,Arsenal,10252,Aston Villa,4,1,2025-12-30T20:15:00Z,finished,19,/matches/arsenal-vs-aston-villa/3c06vg#4813555,2026-05-12T01:36:42.173317+00:00
4813561,47,Premier League,2025/2026,10260,Manchester United,8602,Wolverhampton Wanderers,1,1,2025-12-30T20:15:00Z,finished,19,/matches/wolverhampton-wanderers-vs-manchester-united/2xx4sz#4813561,2026-05-12T01:36:42.173317+00:00
4813559,47,Premier League,2025/2026,9826,Crystal Palace,9879,Fulham,1,1,2026-01-01T17:30:00Z,finished,19,/matches/crystal-palace-vs-fulham/37llbg#4813559,2026-05-12T01:36:42.173317+00:00
4813560,47,Premier League,2025/2026,8650,Liverpool,8463,Leeds United,0,0,2026-01-01T17:30:00Z,finished,19,/matches/leeds-united-vs-liverpool/2f6tdb#4813560,2026-05-12T01:36:42.173317+00:00
4813556,47,Premier League,2025/2026,9937,Brentford,8586,Tottenham Hotspur,0,0,2026-01-01T20:00:00Z,finished,19,/matches/tottenham-hotspur-vs-brentford/2u5c8b#4813556,2026-05-12T01:36:42.173317+00:00
4813563,47,Premier League,2025/2026,8472,Sunderland,8456,Manchester City,0,0,2026-01-01T20:00:00Z,finished,19,/matches/manchester-city-vs-sunderland/2dbbjc#4813563,2026-05-12T01:36:42.173317+00:00
4813566,47,Premier League,2025/2026,10252,Aston Villa,10203,Nottingham Forest,3,1,2026-01-03T12:30:00Z,finished,20,/matches/nottingham-forest-vs-aston-villa/3gke9k#4813566,2026-05-12T01:36:42.173317+00:00
4813567,47,Premier League,2025/2026,10204,Brighton & Hove Albion,8191,Burnley,2,0,2026-01-03T15:00:00Z,finished,20,/matches/burnley-vs-brighton-hove-albion/2sqnq1#4813567,2026-05-12T01:36:42.173317+00:00
4813574,47,Premier League,2025/2026,8602,Wolverhampton Wanderers,8654,West Ham United,3,0,2026-01-03T15:00:00Z,finished,20,/matches/wolverhampton-wanderers-vs-west-ham-united/2gnhk2#4813574,2026-05-12T01:36:42.173317+00:00
4813565,47,Premier League,2025/2026,8678,AFC Bournemouth,9825,Arsenal,2,3,2026-01-03T17:30:00Z,finished,20,/matches/afc-bournemouth-vs-arsenal/2txefx#4813565,2026-05-12T01:36:42.173317+00:00
4813570,47,Premier League,2025/2026,8463,Leeds United,10260,Manchester United,1,1,2026-01-04T12:30:00Z,finished,20,/matches/leeds-united-vs-manchester-united/2wd539#4813570,2026-05-12T01:36:42.173317+00:00
4813568,47,Premier League,2025/2026,8668,Everton,9937,Brentford,2,4,2026-01-04T15:00:00Z,finished,20,/matches/everton-vs-brentford/2v1yu4#4813568,2026-05-12T01:36:42.173317+00:00
4813572,47,Premier League,2025/2026,10261,Newcastle United,9826,Crystal Palace,2,0,2026-01-04T15:00:00Z,finished,20,/matches/crystal-palace-vs-newcastle-united/3c4hty#4813572,2026-05-12T01:36:42.173317+00:00
4813573,47,Premier League,2025/2026,8586,Tottenham Hotspur,8472,Sunderland,1,1,2026-01-04T15:00:00Z,finished,20,/matches/sunderland-vs-tottenham-hotspur/2emo7x#4813573,2026-05-12T01:36:42.173317+00:00
4813569,47,Premier League,2025/2026,9879,Fulham,8650,Liverpool,2,2,2026-01-04T15:15:00Z,finished,20,/matches/liverpool-vs-fulham/2u7pyg#4813569,2026-05-12T01:36:42.173317+00:00
4813571,47,Premier League,2025/2026,8456,Manchester City,8455,Chelsea,1,1,2026-01-04T17:30:00Z,finished,20,/matches/chelsea-vs-manchester-city/2d55kw#4813571,2026-05-12T01:36:42.173317+00:00
4813584,47,Premier League,2025/2026,8654,West Ham United,10203,Nottingham Forest,1,2,2026-01-06T20:00:00Z,finished,21,/matches/west-ham-united-vs-nottingham-forest/2xv42z#4813584,2026-05-12T01:36:42.173317+00:00
4813575,47,Premier League,2025/2026,8678,AFC Bournemouth,8586,Tottenham Hotspur,3,2,2026-01-07T19:30:00Z,finished,21,/matches/tottenham-hotspur-vs-afc-bournemouth/2gqg4e#4813575,2026-05-12T01:36:42.173317+00:00
4813577,47,Premier League,2025/2026,9937,Brentford,8472,Sunderland,3,0,2026-01-07T19:30:00Z,finished,21,/matches/sunderland-vs-brentford/2sw7v2#4813577,2026-05-12T01:36:42.173317+00:00
4813579,47,Premier League,2025/2026,9826,Crystal Palace,10252,Aston Villa,0,0,2026-01-07T19:30:00Z,finished,21,/matches/crystal-palace-vs-aston-villa/3c0md7#4813579,2026-05-12T01:36:42.173317+00:00
4813580,47,Premier League,2025/2026,8668,Everton,8602,Wolverhampton Wanderers,1,1,2026-01-07T19:30:00Z,finished,21,/matches/wolverhampton-wanderers-vs-everton/2gso21#4813580,2026-05-12T01:36:42.173317+00:00
4813581,47,Premier League,2025/2026,9879,Fulham,8455,Chelsea,2,1,2026-01-07T19:30:00Z,finished,21,/matches/chelsea-vs-fulham/2s2omg#4813581,2026-05-12T01:36:42.173317+00:00
4813582,47,Premier League,2025/2026,8456,Manchester City,10204,Brighton & Hove Albion,1,1,2026-01-07T19:30:00Z,finished,21,/matches/manchester-city-vs-brighton-hove-albion/2vnwg2#4813582,2026-05-12T01:36:42.173317+00:00
4813578,47,Premier League,2025/2026,8191,Burnley,10260,Manchester United,2,2,2026-01-07T20:15:00Z,finished,21,/matches/burnley-vs-manchester-united/2tcrst#4813578,2026-05-12T01:36:42.173317+00:00
4813583,47,Premier League,2025/2026,10261,Newcastle United,8463,Leeds United,4,3,2026-01-07T20:15:00Z,finished,21,/matches/leeds-united-vs-newcastle-united/2wdjjd#4813583,2026-05-12T01:36:42.173317+00:00
4813576,47,Premier League,2025/2026,9825,Arsenal,8650,Liverpool,0,0,2026-01-08T20:00:00Z,finished,21,/matches/liverpool-vs-arsenal/2tmaz7#4813576,2026-05-12T01:36:42.173317+00:00
4813590,47,Premier League,2025/2026,10260,Manchester United,8456,Manchester City,2,0,2026-01-17T12:30:00Z,finished,22,/matches/manchester-city-vs-manchester-united/2wabz2#4813590,2026-05-12T01:36:42.173317+00:00
4813587,47,Premier League,2025/2026,8455,Chelsea,9937,Brentford,2,0,2026-01-17T15:00:00Z,finished,22,/matches/chelsea-vs-brentford/2spihp#4813587,2026-05-12T01:36:42.173317+00:00
4813588,47,Premier League,2025/2026,8463,Leeds United,9879,Fulham,1,0,2026-01-17T15:00:00Z,finished,22,/matches/leeds-united-vs-fulham/2s5tto#4813588,2026-05-12T01:36:42.173317+00:00
4813589,47,Premier League,2025/2026,8650,Liverpool,8191,Burnley,1,1,2026-01-17T15:00:00Z,finished,22,/matches/burnley-vs-liverpool/2cfu6v#4813589,2026-05-12T01:36:42.173317+00:00
4813592,47,Premier League,2025/2026,8472,Sunderland,9826,Crystal Palace,2,1,2026-01-17T15:00:00Z,finished,22,/matches/sunderland-vs-crystal-palace/2rojsh#4813592,2026-05-12T01:36:42.173317+00:00
4813593,47,Premier League,2025/2026,8586,Tottenham Hotspur,8654,West Ham United,1,2,2026-01-17T15:00:00Z,finished,22,/matches/tottenham-hotspur-vs-west-ham-united/2ghkm2#4813593,2026-05-12T01:36:42.173317+00:00
4813591,47,Premier League,2025/2026,10203,Nottingham Forest,9825,Arsenal,0,0,2026-01-17T17:30:00Z,finished,22,/matches/arsenal-vs-nottingham-forest/3bf4p3#4813591,2026-05-12T01:36:42.173317+00:00
4813594,47,Premier League,2025/2026,8602,Wolverhampton Wanderers,10261,Newcastle United,0,0,2026-01-18T14:00:00Z,finished,22,/matches/wolverhampton-wanderers-vs-newcastle-united/2xxjcy#4813594,2026-05-12T01:36:42.173317+00:00
4813585,47,Premier League,2025/2026,10252,Aston Villa,8668,Everton,0,1,2026-01-18T16:30:00Z,finished,22,/matches/everton-vs-aston-villa/2ykmb4#4813585,2026-05-12T01:36:42.173317+00:00
4813586,47,Premier League,2025/2026,10204,Brighton & Hove Albion,8678,AFC Bournemouth,1,1,2026-01-19T20:00:00Z,finished,22,/matches/afc-bournemouth-vs-brighton-hove-albion/2y583t#4813586,2026-05-12T01:36:42.173317+00:00
4813604,47,Premier League,2025/2026,8654,West Ham United,8472,Sunderland,3,1,2026-01-24T12:30:00Z,finished,23,/matches/sunderland-vs-west-ham-united/2fbl3n#4813604,2026-05-12T01:36:42.173317+00:00
4813598,47,Premier League,2025/2026,8191,Burnley,8586,Tottenham Hotspur,2,2,2026-01-24T15:00:00Z,finished,23,/matches/burnley-vs-tottenham-hotspur/2bss1j#4813598,2026-05-12T01:36:42.173317+00:00
4813601,47,Premier League,2025/2026,9879,Fulham,10204,Brighton & Hove Albion,2,1,2026-01-24T15:00:00Z,finished,23,/matches/fulham-vs-brighton-hove-albion/3c2rvp#4813601,2026-05-12T01:36:42.173317+00:00
4813602,47,Premier League,2025/2026,8456,Manchester City,8602,Wolverhampton Wanderers,2,0,2026-01-24T15:00:00Z,finished,23,/matches/manchester-city-vs-wolverhampton-wanderers/2emo8d#4813602,2026-05-12T01:36:42.173317+00:00
4813595,47,Premier League,2025/2026,8678,AFC Bournemouth,8650,Liverpool,3,2,2026-01-24T17:30:00Z,finished,23,/matches/liverpool-vs-afc-bournemouth/2he69q#4813595,2026-05-12T01:36:42.173317+00:00
4813597,47,Premier League,2025/2026,9937,Brentford,10203,Nottingham Forest,0,2,2026-01-25T14:00:00Z,finished,23,/matches/brentford-vs-nottingham-forest/3crchb#4813597,2026-05-12T01:36:42.173317+00:00
4813599,47,Premier League,2025/2026,9826,Crystal Palace,8455,Chelsea,1,3,2026-01-25T14:00:00Z,finished,23,/matches/chelsea-vs-crystal-palace/2rhvvj#4813599,2026-05-12T01:36:42.173317+00:00
4813603,47,Premier League,2025/2026,10261,Newcastle United,10252,Aston Villa,0,2,2026-01-25T14:00:00Z,finished,23,/matches/aston-villa-vs-newcastle-united/3h9v0m#4813603,2026-05-12T01:36:42.173317+00:00
4813596,47,Premier League,2025/2026,9825,Arsenal,10260,Manchester United,2,3,2026-01-25T16:30:00Z,finished,23,/matches/arsenal-vs-manchester-united/3c3mu0#4813596,2026-05-12T01:36:42.173317+00:00
4813600,47,Premier League,2025/2026,8668,Everton,8463,Leeds United,1,1,2026-01-26T20:00:00Z,finished,23,/matches/leeds-united-vs-everton/2fdf72#4813600,2026-05-12T01:36:42.173317+00:00
4813606,47,Premier League,2025/2026,10204,Brighton & Hove Albion,8668,Everton,1,1,2026-01-31T15:00:00Z,finished,24,/matches/everton-vs-brighton-hove-albion/2y16fs#4813606,2026-05-12T01:36:42.173317+00:00
4813608,47,Premier League,2025/2026,8463,Leeds United,9825,Arsenal,0,4,2026-01-31T15:00:00Z,finished,24,/matches/leeds-united-vs-arsenal/2rkmmx#4813608,2026-05-12T01:36:42.173317+00:00
4813614,47,Premier League,2025/2026,8602,Wolverhampton Wanderers,8678,AFC Bournemouth,0,2,2026-01-31T15:00:00Z,finished,24,/matches/wolverhampton-wanderers-vs-afc-bournemouth/2gwdd2#4813614,2026-05-12T01:36:42.173317+00:00
4813607,47,Premier League,2025/2026,8455,Chelsea,8654,West Ham United,3,2,2026-01-31T17:30:00Z,finished,24,/matches/chelsea-vs-west-ham-united/2f5ck5#4813607,2026-05-12T01:36:42.173317+00:00
4813609,47,Premier League,2025/2026,8650,Liverpool,10261,Newcastle United,4,1,2026-01-31T20:00:00Z,finished,24,/matches/liverpool-vs-newcastle-united/2ygyxm#4813609,2026-05-12T01:36:42.173317+00:00
4813605,47,Premier League,2025/2026,10252,Aston Villa,9937,Brentford,0,1,2026-02-01T14:00:00Z,finished,24,/matches/brentford-vs-aston-villa/3dciw4#4813605,2026-05-12T01:36:42.173317+00:00
4813610,47,Premier League,2025/2026,10260,Manchester United,9879,Fulham,3,2,2026-02-01T14:00:00Z,finished,24,/matches/fulham-vs-manchester-united/3cqww9#4813610,2026-05-12T01:36:42.173317+00:00
4813611,47,Premier League,2025/2026,10203,Nottingham Forest,9826,Crystal Palace,1,1,2026-02-01T14:00:00Z,finished,24,/matches/crystal-palace-vs-nottingham-forest/3bfk5h#4813611,2026-05-12T01:36:42.173317+00:00
4813613,47,Premier League,2025/2026,8586,Tottenham Hotspur,8456,Manchester City,2,2,2026-02-01T16:30:00Z,finished,24,/matches/manchester-city-vs-tottenham-hotspur/2egtpx#4813613,2026-05-12T01:36:42.173317+00:00
4813612,47,Premier League,2025/2026,8472,Sunderland,8191,Burnley,3,0,2026-02-02T20:00:00Z,finished,24,/matches/burnley-vs-sunderland/2anx64#4813612,2026-05-12T01:36:42.173317+00:00
4813620,47,Premier League,2025/2026,8463,Leeds United,10203,Nottingham Forest,3,1,2026-02-06T20:00:00Z,finished,25,/matches/leeds-united-vs-nottingham-forest/2vqauu#4813620,2026-05-12T01:36:42.173317+00:00
4813622,47,Premier League,2025/2026,10260,Manchester United,8586,Tottenham Hotspur,2,0,2026-02-07T12:30:00Z,finished,25,/matches/tottenham-hotspur-vs-manchester-united/2xqo0r#4813622,2026-05-12T01:36:42.173317+00:00
4813615,47,Premier League,2025/2026,8678,AFC Bournemouth,10252,Aston Villa,1,1,2026-02-07T15:00:00Z,finished,25,/matches/afc-bournemouth-vs-aston-villa/2yooch#4813615,2026-05-12T01:36:42.173317+00:00
4813616,47,Premier League,2025/2026,9825,Arsenal,8472,Sunderland,3,0,2026-02-07T15:00:00Z,finished,25,/matches/sunderland-vs-arsenal/2ro5o6#4813616,2026-05-12T01:36:42.173317+00:00
4813618,47,Premier League,2025/2026,8191,Burnley,8654,West Ham United,0,2,2026-02-07T15:00:00Z,finished,25,/matches/burnley-vs-west-ham-united/2cha6h#4813618,2026-05-12T01:36:42.173317+00:00
4813619,47,Premier League,2025/2026,9879,Fulham,8668,Everton,1,2,2026-02-07T15:00:00Z,finished,25,/matches/everton-vs-fulham/2uevfp#4813619,2026-05-12T01:36:42.173317+00:00
4813624,47,Premier League,2025/2026,8602,Wolverhampton Wanderers,8455,Chelsea,1,3,2026-02-07T15:00:00Z,finished,25,/matches/chelsea-vs-wolverhampton-wanderers/2emb2j#4813624,2026-05-12T01:36:42.173317+00:00
4813623,47,Premier League,2025/2026,10261,Newcastle United,9937,Brentford,2,3,2026-02-07T17:30:00Z,finished,25,/matches/brentford-vs-newcastle-united/3dgf4m#4813623,2026-05-12T01:36:42.173317+00:00
4813617,47,Premier League,2025/2026,10204,Brighton & Hove Albion,9826,Crystal Palace,0,1,2026-02-08T14:00:00Z,finished,25,/matches/crystal-palace-vs-brighton-hove-albion/3bfzlv#4813617,2026-05-12T01:36:42.173317+00:00
4813621,47,Premier League,2025/2026,8650,Liverpool,8456,Manchester City,1,2,2026-02-08T16:30:00Z,finished,25,/matches/manchester-city-vs-liverpool/2f48yd#4813621,2026-05-12T01:36:42.173317+00:00
4813627,47,Premier League,2025/2026,8455,Chelsea,8463,Leeds United,2,2,2026-02-10T19:30:00Z,finished,26,/matches/chelsea-vs-leeds-united/2d7oy4#4813627,2026-05-12T01:36:42.173317+00:00
4813629,47,Premier League,2025/2026,8668,Everton,8678,AFC Bournemouth,1,2,2026-02-10T19:30:00Z,finished,26,/matches/everton-vs-afc-bournemouth/2hkv2h#4813629,2026-05-12T01:36:42.173317+00:00
4813633,47,Premier League,2025/2026,8586,Tottenham Hotspur,10261,Newcastle United,1,2,2026-02-10T19:30:00Z,finished,26,/matches/tottenham-hotspur-vs-newcastle-united/2xr2ka#4813633,2026-05-12T01:36:42.173317+00:00
4813634,47,Premier League,2025/2026,8654,West Ham United,10260,Manchester United,1,1,2026-02-10T20:15:00Z,finished,26,/matches/west-ham-united-vs-manchester-united/2yi6pt#4813634,2026-05-12T01:36:42.173317+00:00
4813625,47,Premier League,2025/2026,10252,Aston Villa,10204,Brighton & Hove Albion,1,0,2026-02-11T19:30:00Z,finished,26,/matches/brighton-hove-albion-vs-aston-villa/3gku1s#4813625,2026-05-12T01:36:42.173317+00:00
4813630,47,Premier League,2025/2026,8456,Manchester City,9879,Fulham,3,0,2026-02-11T19:30:00Z,finished,26,/matches/manchester-city-vs-fulham/2s32rr#4813630,2026-05-12T01:36:42.173317+00:00
4813631,47,Premier League,2025/2026,10203,Nottingham Forest,8602,Wolverhampton Wanderers,0,0,2026-02-11T19:30:00Z,finished,26,/matches/wolverhampton-wanderers-vs-nottingham-forest/2xa4gh#4813631,2026-05-12T01:36:42.173317+00:00
4813628,47,Premier League,2025/2026,9826,Crystal Palace,8191,Burnley,2,3,2026-02-11T19:40:00Z,finished,26,/matches/burnley-vs-crystal-palace/2on6r7#4813628,2026-05-12T01:36:42.173317+00:00
4813632,47,Premier League,2025/2026,8472,Sunderland,8650,Liverpool,0,1,2026-02-11T20:15:00Z,finished,26,/matches/sunderland-vs-liverpool/2fa48t#4813632,2026-05-12T01:36:42.173317+00:00
4813626,47,Premier League,2025/2026,9937,Brentford,9825,Arsenal,1,1,2026-02-12T20:00:00Z,finished,26,/matches/arsenal-vs-brentford/389pak#4813626,2026-05-12T01:36:42.173317+00:00
4813684,47,Premier League,2025/2026,8602,Wolverhampton Wanderers,9825,Arsenal,2,2,2026-02-18T20:00:00Z,finished,31,/matches/wolverhampton-wanderers-vs-arsenal/2t3bl7#4813684,2026-05-12T01:36:42.173317+00:00
4813635,47,Premier League,2025/2026,10252,Aston Villa,8463,Leeds United,1,1,2026-02-21T15:00:00Z,finished,27,/matches/leeds-united-vs-aston-villa/2w9xjd#4813635,2026-05-12T01:36:42.173317+00:00
4813636,47,Premier League,2025/2026,9937,Brentford,10204,Brighton & Hove Albion,0,2,2026-02-21T15:00:00Z,finished,27,/matches/brentford-vs-brighton-hove-albion/3crs0s#4813636,2026-05-12T01:36:42.173317+00:00
4813637,47,Premier League,2025/2026,8455,Chelsea,8191,Burnley,1,1,2026-02-21T15:00:00Z,finished,27,/matches/burnley-vs-chelsea/2ahuos#4813637,2026-05-12T01:36:42.173317+00:00
4813644,47,Premier League,2025/2026,8654,West Ham United,8678,AFC Bournemouth,0,0,2026-02-21T17:30:00Z,finished,27,/matches/west-ham-united-vs-afc-bournemouth/2hfnrc#4813644,2026-05-12T01:36:42.173317+00:00
4813640,47,Premier League,2025/2026,8456,Manchester City,10261,Newcastle United,2,1,2026-02-21T20:00:00Z,finished,27,/matches/manchester-city-vs-newcastle-united/2waqez#4813640,2026-05-12T01:36:42.173317+00:00
4813638,47,Premier League,2025/2026,9826,Crystal Palace,8602,Wolverhampton Wanderers,1,0,2026-02-22T14:00:00Z,finished,27,/matches/wolverhampton-wanderers-vs-crystal-palace/2t3pt4#4813638,2026-05-12T01:36:42.173317+00:00
4813641,47,Premier League,2025/2026,10203,Nottingham Forest,8650,Liverpool,0,1,2026-02-22T14:00:00Z,finished,27,/matches/liverpool-vs-nottingham-forest/2xthvt#4813641,2026-05-12T01:36:42.173317+00:00
4813642,47,Premier League,2025/2026,8472,Sunderland,9879,Fulham,1,3,2026-02-22T14:00:00Z,finished,27,/matches/sunderland-vs-fulham/2s9d8f#4813642,2026-05-12T01:36:42.173317+00:00
4813643,47,Premier League,2025/2026,8586,Tottenham Hotspur,9825,Arsenal,1,4,2026-02-22T16:30:00Z,finished,27,/matches/tottenham-hotspur-vs-arsenal/2sx06r#4813643,2026-05-12T01:36:42.173317+00:00
4813639,47,Premier League,2025/2026,8668,Everton,10260,Manchester United,0,1,2026-02-23T20:00:00Z,finished,27,/matches/everton-vs-manchester-united/2ynv4k#4813639,2026-05-12T01:36:42.173317+00:00
4813654,47,Premier League,2025/2026,8602,Wolverhampton Wanderers,10252,Aston Villa,2,0,2026-02-27T20:00:00Z,finished,28,/matches/wolverhampton-wanderers-vs-aston-villa/2xtwe7#4813654,2026-05-12T01:36:42.173317+00:00
4813645,47,Premier League,2025/2026,8678,AFC Bournemouth,8472,Sunderland,1,1,2026-02-28T12:30:00Z,finished,28,/matches/sunderland-vs-afc-bournemouth/2fkehz#4813645,2026-05-12T01:36:42.173317+00:00
4813648,47,Premier League,2025/2026,8191,Burnley,9937,Brentford,3,4,2026-02-28T15:00:00Z,finished,28,/matches/burnley-vs-brentford/2pu6rd#4813648,2026-05-12T01:36:42.173317+00:00
4813651,47,Premier League,2025/2026,8650,Liverpool,8654,West Ham United,5,2,2026-02-28T15:00:00Z,finished,28,/matches/liverpool-vs-west-ham-united/2h59kq#4813651,2026-05-12T01:36:42.173317+00:00
4813653,47,Premier League,2025/2026,10261,Newcastle United,8668,Everton,2,3,2026-02-28T15:00:00Z,finished,28,/matches/everton-vs-newcastle-united/2yo9qd#4813653,2026-05-12T01:36:42.173317+00:00
4813650,47,Premier League,2025/2026,8463,Leeds United,8456,Manchester City,0,1,2026-02-28T17:30:00Z,finished,28,/matches/manchester-city-vs-leeds-united/2d8203#4813650,2026-05-12T01:36:42.173317+00:00
4813647,47,Premier League,2025/2026,10204,Brighton & Hove Albion,10203,Nottingham Forest,2,1,2026-03-01T14:00:00Z,finished,28,/matches/nottingham-forest-vs-brighton-hove-albion/3fzdi8#4813647,2026-05-12T01:36:42.173317+00:00
4813649,47,Premier League,2025/2026,9879,Fulham,8586,Tottenham Hotspur,2,1,2026-03-01T14:00:00Z,finished,28,/matches/tottenham-hotspur-vs-fulham/2tici0#4813649,2026-05-12T01:36:42.173317+00:00
4813652,47,Premier League,2025/2026,10260,Manchester United,9826,Crystal Palace,2,1,2026-03-01T14:00:00Z,finished,28,/matches/crystal-palace-vs-manchester-united/3c42bz#4813652,2026-05-12T01:36:42.173317+00:00
4813646,47,Premier League,2025/2026,9825,Arsenal,8455,Chelsea,2,1,2026-03-01T16:30:00Z,finished,28,/matches/chelsea-vs-arsenal/2rhhrp#4813646,2026-05-12T01:36:42.173317+00:00
4813655,47,Premier League,2025/2026,8678,AFC Bournemouth,9937,Brentford,0,0,2026-03-03T19:30:00Z,finished,29,/matches/afc-bournemouth-vs-brentford/2v5yfp#4813655,2026-05-12T01:36:42.173317+00:00
4813658,47,Premier League,2025/2026,8668,Everton,8191,Burnley,2,0,2026-03-03T19:30:00Z,finished,29,/matches/burnley-vs-everton/2cmc8m#4813658,2026-05-12T01:36:42.173317+00:00
4813660,47,Premier League,2025/2026,8463,Leeds United,8472,Sunderland,0,1,2026-03-03T19:30:00Z,finished,29,/matches/leeds-united-vs-sunderland/2dduzo#4813660,2026-05-12T01:36:42.173317+00:00
4813664,47,Premier League,2025/2026,8602,Wolverhampton Wanderers,8650,Liverpool,2,1,2026-03-03T20:15:00Z,finished,29,/matches/wolverhampton-wanderers-vs-liverpool/2gm0as#4813664,2026-05-12T01:36:42.173317+00:00
4813656,47,Premier League,2025/2026,10252,Aston Villa,8455,Chelsea,1,4,2026-03-04T19:30:00Z,finished,29,/matches/chelsea-vs-aston-villa/2w6q11#4813656,2026-05-12T01:36:42.173317+00:00
4813657,47,Premier League,2025/2026,10204,Brighton & Hove Albion,9825,Arsenal,0,1,2026-03-04T19:30:00Z,finished,29,/matches/arsenal-vs-brighton-hove-albion/3bfk5g#4813657,2026-05-12T01:36:42.173317+00:00
4813659,47,Premier League,2025/2026,9879,Fulham,8654,West Ham United,0,1,2026-03-04T19:30:00Z,finished,29,/matches/west-ham-united-vs-fulham/2u9b5i#4813659,2026-05-12T01:36:42.173317+00:00
4813661,47,Premier League,2025/2026,8456,Manchester City,10203,Nottingham Forest,2,2,2026-03-04T19:30:00Z,finished,29,/matches/manchester-city-vs-nottingham-forest/2vni1q#4813661,2026-05-12T01:36:42.173317+00:00
4813662,47,Premier League,2025/2026,10261,Newcastle United,10260,Manchester United,2,1,2026-03-04T20:15:00Z,finished,29,/matches/manchester-united-vs-newcastle-united/3hddo2#4813662,2026-05-12T01:36:42.173317+00:00
4813663,47,Premier League,2025/2026,8586,Tottenham Hotspur,9826,Crystal Palace,1,3,2026-03-05T20:00:00Z,finished,29,/matches/tottenham-hotspur-vs-crystal-palace/2sxee8#4813663,2026-05-12T01:36:42.173317+00:00
4813667,47,Premier League,2025/2026,8191,Burnley,8678,AFC Bournemouth,0,0,2026-03-14T15:00:00Z,finished,30,/matches/burnley-vs-afc-bournemouth/2cpydh#4813667,2026-05-12T01:36:42.173317+00:00
4813673,47,Premier League,2025/2026,8472,Sunderland,10204,Brighton & Hove Albion,0,1,2026-03-14T15:00:00Z,finished,30,/matches/sunderland-vs-brighton-hove-albion/2vuaxm#4813673,2026-05-12T01:36:42.173317+00:00
4813665,47,Premier League,2025/2026,9825,Arsenal,8668,Everton,2,0,2026-03-14T17:30:00Z,finished,30,/matches/everton-vs-arsenal/2ttfpg#4813665,2026-05-12T01:36:42.173317+00:00
4813668,47,Premier League,2025/2026,8455,Chelsea,10261,Newcastle United,0,1,2026-03-14T17:30:00Z,finished,30,/matches/chelsea-vs-newcastle-united/2wabz1#4813668,2026-05-12T01:36:42.173317+00:00
4813674,47,Premier League,2025/2026,8654,West Ham United,8456,Manchester City,1,1,2026-03-14T20:00:00Z,finished,30,/matches/manchester-city-vs-west-ham-united/2f5prf#4813674,2026-05-12T01:36:42.173317+00:00
4813669,47,Premier League,2025/2026,9826,Crystal Palace,8463,Leeds United,0,0,2026-03-15T14:00:00Z,finished,30,/matches/leeds-united-vs-crystal-palace/2rl0qz#4813669,2026-05-12T01:36:42.173317+00:00
4813671,47,Premier League,2025/2026,10260,Manchester United,10252,Aston Villa,3,1,2026-03-15T14:00:00Z,finished,30,/matches/aston-villa-vs-manchester-united/3h9f6s#4813671,2026-05-12T01:36:42.173317+00:00
4813672,47,Premier League,2025/2026,10203,Nottingham Forest,9879,Fulham,0,0,2026-03-15T14:00:00Z,finished,30,/matches/fulham-vs-nottingham-forest/3c2cdu#4813672,2026-05-12T01:36:42.173317+00:00
4813670,47,Premier League,2025/2026,8650,Liverpool,8586,Tottenham Hotspur,1,1,2026-03-15T16:30:00Z,finished,30,/matches/tottenham-hotspur-vs-liverpool/2gg3ek#4813670,2026-05-12T01:36:42.173317+00:00
4813666,47,Premier League,2025/2026,9937,Brentford,8602,Wolverhampton Wanderers,2,2,2026-03-16T20:00:00Z,finished,30,/matches/wolverhampton-wanderers-vs-brentford/2ubp0j#4813666,2026-05-12T01:36:42.173317+00:00
4813675,47,Premier League,2025/2026,8678,AFC Bournemouth,10260,Manchester United,2,2,2026-03-20T20:00:00Z,finished,31,/matches/afc-bournemouth-vs-manchester-united/2yrx85#4813675,2026-05-12T01:36:42.173317+00:00
4813677,47,Premier League,2025/2026,10204,Brighton & Hove Albion,8650,Liverpool,2,1,2026-03-21T12:45:00Z,finished,31,/matches/liverpool-vs-brighton-hove-albion/2xtwfj#4813677,2026-05-12T01:36:42.173317+00:00
4813679,47,Premier League,2025/2026,9879,Fulham,8191,Burnley,3,1,2026-03-21T15:00:00Z,finished,31,/matches/burnley-vs-fulham/2p7opg#4813679,2026-05-12T01:36:42.173317+00:00
4813678,47,Premier League,2025/2026,8668,Everton,8455,Chelsea,3,0,2026-03-21T17:30:00Z,finished,31,/matches/chelsea-vs-everton/2fahgy#4813678,2026-05-12T01:36:42.173317+00:00
4813680,47,Premier League,2025/2026,8463,Leeds United,9937,Brentford,0,0,2026-03-21T20:00:00Z,finished,31,/matches/leeds-united-vs-brentford/2sso1t#4813680,2026-05-12T01:36:42.173317+00:00
4813682,47,Premier League,2025/2026,10261,Newcastle United,8472,Sunderland,1,2,2026-03-22T12:00:00Z,finished,31,/matches/sunderland-vs-newcastle-united/2wh5lv#4813682,2026-05-12T01:36:42.173317+00:00
4813676,47,Premier League,2025/2026,10252,Aston Villa,8654,West Ham United,2,0,2026-03-22T14:15:00Z,finished,31,/matches/west-ham-united-vs-aston-villa/2yexzh#4813676,2026-05-12T01:36:42.173317+00:00
4813683,47,Premier League,2025/2026,8586,Tottenham Hotspur,10203,Nottingham Forest,0,3,2026-03-22T14:15:00Z,finished,31,/matches/tottenham-hotspur-vs-nottingham-forest/2x3odl#4813683,2026-05-12T01:36:42.173317+00:00
4813694,47,Premier League,2025/2026,8654,West Ham United,8602,Wolverhampton Wanderers,4,0,2026-04-10T19:00:00Z,finished,32,/matches/wolverhampton-wanderers-vs-west-ham-united/2gnhk2#4813694,2026-05-12T01:36:42.173317+00:00
4813685,47,Premier League,2025/2026,9825,Arsenal,8678,AFC Bournemouth,1,2,2026-04-11T11:30:00Z,finished,32,/matches/afc-bournemouth-vs-arsenal/2txefx#4813685,2026-05-12T01:36:42.173317+00:00
4813686,47,Premier League,2025/2026,9937,Brentford,8668,Everton,2,2,2026-04-11T14:00:00Z,finished,32,/matches/everton-vs-brentford/2v1yu4#4813686,2026-05-12T01:36:42.173317+00:00
4813687,47,Premier League,2025/2026,8191,Burnley,10204,Brighton & Hove Albion,0,2,2026-04-11T14:00:00Z,finished,32,/matches/burnley-vs-brighton-hove-albion/2sqnq1#4813687,2026-05-12T01:36:42.173317+00:00
4813690,47,Premier League,2025/2026,8650,Liverpool,9879,Fulham,2,0,2026-04-11T16:30:00Z,finished,32,/matches/liverpool-vs-fulham/2u7pyg#4813690,2026-05-12T01:36:42.173317+00:00
4813689,47,Premier League,2025/2026,9826,Crystal Palace,10261,Newcastle United,2,1,2026-04-12T13:00:00Z,finished,32,/matches/crystal-palace-vs-newcastle-united/3c4hty#4813689,2026-05-12T01:36:42.173317+00:00
4813692,47,Premier League,2025/2026,10203,Nottingham Forest,10252,Aston Villa,1,1,2026-04-12T13:00:00Z,finished,32,/matches/nottingham-forest-vs-aston-villa/3gke9k#4813692,2026-05-12T01:36:42.173317+00:00
4813693,47,Premier League,2025/2026,8472,Sunderland,8586,Tottenham Hotspur,1,0,2026-04-12T13:00:00Z,finished,32,/matches/sunderland-vs-tottenham-hotspur/2emo7x#4813693,2026-05-12T01:36:42.173317+00:00
4813688,47,Premier League,2025/2026,8455,Chelsea,8456,Manchester City,0,3,2026-04-12T15:30:00Z,finished,32,/matches/chelsea-vs-manchester-city/2d55kw#4813688,2026-05-12T01:36:42.173317+00:00
4813691,47,Premier League,2025/2026,10260,Manchester United,8463,Leeds United,1,2,2026-04-13T19:00:00Z,finished,32,/matches/leeds-united-vs-manchester-united/2wd539#4813691,2026-05-12T01:36:42.173317+00:00
4813696,47,Premier League,2025/2026,9937,Brentford,9879,Fulham,0,0,2026-04-18T11:30:00Z,finished,33,/matches/fulham-vs-brentford/38wlut#4813696,2026-05-12T01:36:42.173317+00:00
4813700,47,Premier League,2025/2026,8463,Leeds United,8602,Wolverhampton Wanderers,3,0,2026-04-18T14:00:00Z,finished,33,/matches/leeds-united-vs-wolverhampton-wanderers/2ep8dz#4813700,2026-05-12T01:36:42.173317+00:00
4813702,47,Premier League,2025/2026,10261,Newcastle United,8678,AFC Bournemouth,1,2,2026-04-18T14:00:00Z,finished,33,/matches/afc-bournemouth-vs-newcastle-united/2ysbu8#4813702,2026-05-12T01:36:42.173317+00:00
4813704,47,Premier League,2025/2026,8586,Tottenham Hotspur,10204,Brighton & Hove Albion,2,2,2026-04-18T16:30:00Z,finished,33,/matches/tottenham-hotspur-vs-brighton-hove-albion/2x42vj#4813704,2026-05-12T01:36:42.173317+00:00
4813697,47,Premier League,2025/2026,8455,Chelsea,10260,Manchester United,0,1,2026-04-18T19:00:00Z,finished,33,/matches/chelsea-vs-manchester-united/2w9xj5#4813697,2026-05-12T01:36:42.173317+00:00
4813695,47,Premier League,2025/2026,10252,Aston Villa,8472,Sunderland,4,3,2026-04-19T13:00:00Z,finished,33,/matches/sunderland-vs-aston-villa/2wdjjm#4813695,2026-05-12T01:36:42.173317+00:00
4813699,47,Premier League,2025/2026,8668,Everton,8650,Liverpool,1,2,2026-04-19T13:00:00Z,finished,33,/matches/liverpool-vs-everton/2hagld#4813699,2026-05-12T01:36:42.173317+00:00
4813703,47,Premier League,2025/2026,10203,Nottingham Forest,8191,Burnley,4,1,2026-04-19T13:00:00Z,finished,33,/matches/burnley-vs-nottingham-forest/2sq9j2#4813703,2026-05-12T01:36:42.173317+00:00
4813701,47,Premier League,2025/2026,8456,Manchester City,9825,Arsenal,2,1,2026-04-19T15:30:00Z,finished,33,/matches/manchester-city-vs-arsenal/2rhvvi#4813701,2026-05-12T01:36:42.173317+00:00
4813698,47,Premier League,2025/2026,9826,Crystal Palace,8654,West Ham United,0,0,2026-04-20T19:00:00Z,finished,33,/matches/west-ham-united-vs-crystal-palace/2toa9m#4813698,2026-05-12T01:36:42.173317+00:00
4813707,47,Premier League,2025/2026,10204,Brighton & Hove Albion,8455,Chelsea,3,0,2026-04-21T19:00:00Z,finished,34,/matches/chelsea-vs-brighton-hove-albion/2vni1p#4813707,2026-05-12T01:36:42.173317+00:00
4813705,47,Premier League,2025/2026,8678,AFC Bournemouth,8463,Leeds United,2,2,2026-04-22T19:00:00Z,finished,34,/matches/leeds-united-vs-afc-bournemouth/2fh3fh#4813705,2026-05-12T01:36:42.173317+00:00
4813708,47,Premier League,2025/2026,8191,Burnley,8456,Manchester City,0,1,2026-04-22T19:00:00Z,finished,34,/matches/burnley-vs-manchester-city/2ai7j8#4813708,2026-05-12T01:36:42.173317+00:00
4813712,47,Premier League,2025/2026,8472,Sunderland,10203,Nottingham Forest,0,5,2026-04-24T19:00:00Z,finished,34,/matches/sunderland-vs-nottingham-forest/2vtwiu#4813712,2026-05-12T01:36:42.173317+00:00
4813709,47,Premier League,2025/2026,9879,Fulham,10252,Aston Villa,1,0,2026-04-25T11:30:00Z,finished,34,/matches/fulham-vs-aston-villa/3cnglp#4813709,2026-05-12T01:36:42.173317+00:00
4813710,47,Premier League,2025/2026,8650,Liverpool,9826,Crystal Palace,3,1,2026-04-25T14:00:00Z,finished,34,/matches/liverpool-vs-crystal-palace/2tmp8g#4813710,2026-05-12T01:36:42.173317+00:00
4813713,47,Premier League,2025/2026,8654,West Ham United,8668,Everton,2,1,2026-04-25T14:00:00Z,finished,34,/matches/west-ham-united-vs-everton/2hby1v#4813713,2026-05-12T01:36:42.173317+00:00
4813714,47,Premier League,2025/2026,8602,Wolverhampton Wanderers,8586,Tottenham Hotspur,0,1,2026-04-25T14:00:00Z,finished,34,/matches/tottenham-hotspur-vs-wolverhampton-wanderers/2fydv8#4813714,2026-05-12T01:36:42.173317+00:00
4813706,47,Premier League,2025/2026,9825,Arsenal,10261,Newcastle United,1,0,2026-04-25T16:30:00Z,finished,34,/matches/arsenal-vs-newcastle-united/3c42by#4813706,2026-05-12T01:36:42.173317+00:00
4813711,47,Premier League,2025/2026,10260,Manchester United,9937,Brentford,2,1,2026-04-27T19:00:00Z,finished,34,/matches/brentford-vs-manchester-united/3dfzjk#4813711,2026-05-12T01:36:42.173317+00:00
4813721,47,Premier League,2025/2026,8463,Leeds United,8191,Burnley,3,1,2026-05-01T19:00:00Z,finished,35,/matches/burnley-vs-leeds-united/2akph4#4813721,2026-05-12T01:36:42.173317+00:00
4813718,47,Premier League,2025/2026,9937,Brentford,8654,West Ham United,3,0,2026-05-02T14:00:00Z,finished,35,/matches/west-ham-united-vs-brentford/2uwdxd#4813718,2026-05-12T01:36:42.173317+00:00
4813723,47,Premier League,2025/2026,10261,Newcastle United,10204,Brighton & Hove Albion,3,1,2026-05-02T14:00:00Z,finished,35,/matches/brighton-hove-albion-vs-newcastle-united/3gos5a#4813723,2026-05-12T01:36:42.173317+00:00
4813724,47,Premier League,2025/2026,8602,Wolverhampton Wanderers,8472,Sunderland,1,1,2026-05-02T14:00:00Z,finished,35,/matches/sunderland-vs-wolverhampton-wanderers/2esixh#4813724,2026-05-12T01:36:42.173317+00:00
4813716,47,Premier League,2025/2026,9825,Arsenal,9879,Fulham,3,0,2026-05-02T16:30:00Z,finished,35,/matches/arsenal-vs-fulham/37l643#4813716,2026-05-12T01:36:42.173317+00:00
4813715,47,Premier League,2025/2026,8678,AFC Bournemouth,9826,Crystal Palace,3,0,2026-05-03T13:00:00Z,finished,35,/matches/afc-bournemouth-vs-crystal-palace/2txspy#4813715,2026-05-12T01:36:42.173317+00:00
4813722,47,Premier League,2025/2026,10260,Manchester United,8650,Liverpool,3,2,2026-05-03T14:30:00Z,finished,35,/matches/liverpool-vs-manchester-united/2ygkcb#4813722,2026-05-12T01:36:42.173317+00:00
4813717,47,Premier League,2025/2026,10252,Aston Villa,8586,Tottenham Hotspur,1,2,2026-05-03T18:00:00Z,finished,35,/matches/tottenham-hotspur-vs-aston-villa/2xnfpj#4813717,2026-05-12T01:36:42.173317+00:00
4813719,47,Premier League,2025/2026,8455,Chelsea,10203,Nottingham Forest,1,3,2026-05-04T14:00:00Z,finished,35,/matches/chelsea-vs-nottingham-forest/2vn3ne#4813719,2026-05-12T01:36:42.173317+00:00
4813720,47,Premier League,2025/2026,8668,Everton,8456,Manchester City,3,3,2026-05-04T19:00:00Z,finished,35,/matches/manchester-city-vs-everton/2fauom#4813720,2026-05-12T01:36:42.173317+00:00
4813729,47,Premier League,2025/2026,8650,Liverpool,8455,Chelsea,1,1,2026-05-09T11:30:00Z,finished,36,/matches/chelsea-vs-liverpool/2f3vr7#4813729,2026-05-12T01:36:42.173317+00:00
4813725,47,Premier League,2025/2026,10204,Brighton & Hove Albion,8602,Wolverhampton Wanderers,3,0,2026-05-09T14:00:00Z,finished,36,/matches/wolverhampton-wanderers-vs-brighton-hove-albion/2xaiyv#4813725,2026-05-12T01:36:42.173317+00:00
4813728,47,Premier League,2025/2026,9879,Fulham,8678,AFC Bournemouth,0,1,2026-05-09T14:00:00Z,finished,36,/matches/afc-bournemouth-vs-fulham/2uiul6#4813728,2026-05-12T01:36:42.173317+00:00
4813732,47,Premier League,2025/2026,8472,Sunderland,10260,Manchester United,0,0,2026-05-09T14:00:00Z,finished,36,/matches/sunderland-vs-manchester-united/2wgr5i#4813732,2026-05-12T01:36:42.173317+00:00
4813730,47,Premier League,2025/2026,8456,Manchester City,9937,Brentford,3,0,2026-05-09T16:30:00Z,finished,36,/matches/manchester-city-vs-brentford/2spwom#4813730,2026-05-12T01:36:42.173317+00:00
4813726,47,Premier League,2025/2026,8191,Burnley,10252,Aston Villa,2,2,2026-05-10T13:00:00Z,finished,36,/matches/burnley-vs-aston-villa/2t9lxd#4813726,2026-05-12T01:36:42.173317+00:00
4813727,47,Premier League,2025/2026,9826,Crystal Palace,8668,Everton,2,2,2026-05-10T13:00:00Z,finished,36,/matches/everton-vs-crystal-palace/2tttz7#4813727,2026-05-12T01:36:42.173317+00:00
4813731,47,Premier League,2025/2026,10203,Nottingham Forest,10261,Newcastle United,1,1,2026-05-10T13:00:00Z,finished,36,/matches/nottingham-forest-vs-newcastle-united/3gocct#4813731,2026-05-12T01:36:42.173317+00:00
4813734,47,Premier League,2025/2026,8654,West Ham United,9825,Arsenal,0,1,2026-05-10T15:30:00Z,finished,36,/matches/west-ham-united-vs-arsenal/2tnw09#4813734,2026-05-12T01:36:42.173317+00:00
4813733,47,Premier League,2025/2026,8586,Tottenham Hotspur,8463,Leeds United,1,1,2026-05-11T19:00:00Z,finished,36,/matches/leeds-united-vs-tottenham-hotspur/2ejdsf#4813733,2026-05-12T01:36:42.173317+00:00
4813681,47,Premier League,2025/2026,8456,Manchester City,9826,Crystal Palace,,,2026-05-13T19:00:00Z,upcoming,31,/matches/manchester-city-vs-crystal-palace/2ri9zd#4813681,2026-05-12T01:36:42.173317+00:00
4813737,47,Premier League,2025/2026,10252,Aston Villa,8650,Liverpool,,,2026-05-15T19:00:00Z,upcoming,37,/matches/liverpool-vs-aston-villa/2ydbmv#4813737,2026-05-12T01:36:42.173317+00:00
4813742,47,Premier League,2025/2026,10260,Manchester United,10203,Nottingham Forest,,,2026-05-17T11:30:00Z,upcoming,37,/matches/nottingham-forest-vs-manchester-united/3gnwkc#4813742,2026-05-12T01:36:42.173317+00:00
4813738,47,Premier League,2025/2026,9937,Brentford,9826,Crystal Palace,,,2026-05-17T14:00:00Z,upcoming,37,/matches/crystal-palace-vs-brentford/38a4jj#4813738,2026-05-12T01:36:42.173317+00:00
4813740,47,Premier League,2025/2026,8668,Everton,8472,Sunderland,,,2026-05-17T14:00:00Z,upcoming,37,/matches/sunderland-vs-everton/2fgq72#4813740,2026-05-12T01:36:42.173317+00:00
4813741,47,Premier League,2025/2026,8463,Leeds United,10204,Brighton & Hove Albion,,,2026-05-17T14:00:00Z,upcoming,37,/matches/leeds-united-vs-brighton-hove-albion/2vqp9d#4813741,2026-05-12T01:36:42.173317+00:00
4813744,47,Premier League,2025/2026,8602,Wolverhampton Wanderers,9879,Fulham,,,2026-05-17T14:00:00Z,upcoming,37,/matches/wolverhampton-wanderers-vs-fulham/2tookg#4813744,2026-05-12T01:36:42.173317+00:00
4813743,47,Premier League,2025/2026,10261,Newcastle United,8654,West Ham United,,,2026-05-17T16:30:00Z,upcoming,37,/matches/west-ham-united-vs-newcastle-united/2yilb8#4813743,2026-05-12T01:36:42.173317+00:00
4813736,47,Premier League,2025/2026,9825,Arsenal,8191,Burnley,,,2026-05-18T19:00:00Z,upcoming,37,/matches/burnley-vs-arsenal/2omsup#4813736,2026-05-12T01:36:42.173317+00:00
4813735,47,Premier League,2025/2026,8678,AFC Bournemouth,8456,Manchester City,,,2026-05-19T18:30:00Z,upcoming,37,/matches/manchester-city-vs-afc-bournemouth/2feiv3#4813735,2026-05-12T01:36:42.173317+00:00
4813739,47,Premier League,2025/2026,8455,Chelsea,8586,Tottenham Hotspur,,,2026-05-19T19:15:00Z,upcoming,37,/matches/chelsea-vs-tottenham-hotspur/2eggkj#4813739,2026-05-12T01:36:42.173317+00:00
4813745,47,Premier League,2025/2026,10204,Brighton & Hove Albion,10260,Manchester United,,,2026-05-24T15:00:00Z,upcoming,38,/matches/brighton-hove-albion-vs-manchester-united/3goccs#4813745,2026-05-12T01:36:42.173317+00:00
4813746,47,Premier League,2025/2026,8191,Burnley,8602,Wolverhampton Wanderers,,,2026-05-24T15:00:00Z,upcoming,38,/matches/burnley-vs-wolverhampton-wanderers/2byja7#4813746,2026-05-12T01:36:42.173317+00:00
4813747,47,Premier League,2025/2026,9826,Crystal Palace,9825,Arsenal,,,2026-05-24T15:00:00Z,upcoming,38,/matches/arsenal-vs-crystal-palace/36ytc8#4813747,2026-05-12T01:36:42.173317+00:00
4813748,47,Premier League,2025/2026,9879,Fulham,10261,Newcastle United,,,2026-05-24T15:00:00Z,upcoming,38,/matches/fulham-vs-newcastle-united/3crcfp#4813748,2026-05-12T01:36:42.173317+00:00
4813749,47,Premier League,2025/2026,8650,Liverpool,9937,Brentford,,,2026-05-24T15:00:00Z,upcoming,38,/matches/liverpool-vs-brentford/2uusjv#4813749,2026-05-12T01:36:42.173317+00:00
4813750,47,Premier League,2025/2026,8456,Manchester City,10252,Aston Villa,,,2026-05-24T15:00:00Z,upcoming,38,/matches/manchester-city-vs-aston-villa/2w74gq#4813750,2026-05-12T01:36:42.173317+00:00
4813751,47,Premier League,2025/2026,10203,Nottingham Forest,8678,AFC Bournemouth,,,2026-05-24T15:00:00Z,upcoming,38,/matches/afc-bournemouth-vs-nottingham-forest/2y4tjb#4813751,2026-05-12T01:36:42.173317+00:00
4813752,47,Premier League,2025/2026,8472,Sunderland,8455,Chelsea,,,2026-05-24T15:00:00Z,upcoming,38,/matches/chelsea-vs-sunderland/2dayh4#4813752,2026-05-12T01:36:42.173317+00:00
4813753,47,Premier League,2025/2026,8586,Tottenham Hotspur,8668,Everton,,,2026-05-24T15:00:00Z,upcoming,38,/matches/tottenham-hotspur-vs-everton/2gmqxt#4813753,2026-05-12T01:36:42.173317+00:00
4813754,47,Premier League,2025/2026,8654,West Ham United,8463,Leeds United,,,2026-05-24T15:00:00Z,upcoming,38,/matches/leeds-united-vs-west-ham-united/2f8a75#4813754,2026-05-12T01:36:42.173317+00:00
4837112,87,La Liga,2025/2026,7732,Girona,8370,Rayo Vallecano,1,3,2025-08-15T17:00:00Z,finished,1,/matches/girona-vs-rayo-vallecano/256xdj#4837112,2026-05-12T01:46:43.200727+00:00
4837118,87,La Liga,2025/2026,10205,Villarreal,8670,Real Oviedo,2,0,2025-08-15T19:30:00Z,finished,1,/matches/real-oviedo-vs-villarreal/2y2e4o#4837118,2026-05-12T01:46:43.200727+00:00
4837114,87,La Liga,2025/2026,8661,Mallorca,8634,Barcelona,0,3,2025-08-16T17:30:00Z,finished,1,/matches/barcelona-vs-mallorca/2h1xfx#4837114,2026-05-12T01:46:43.200727+00:00
4837109,87,La Liga,2025/2026,9866,Deportivo Alaves,8581,Levante,2,1,2025-08-16T19:30:00Z,finished,1,/matches/levante-vs-deportivo-alaves/2tb85e#4837109,2026-05-12T01:46:43.200727+00:00
4837117,87,La Liga,2025/2026,10267,Valencia,8560,Real Sociedad,1,1,2025-08-16T19:30:00Z,finished,1,/matches/real-sociedad-vs-valencia/2xizua#4837117,2026-05-12T01:46:43.200727+00:00
4837111,87,La Liga,2025/2026,9910,Celta Vigo,8305,Getafe,0,2,2025-08-17T15:00:00Z,finished,1,/matches/getafe-vs-celta-vigo/2qs2ma#4837111,2026-05-12T01:46:43.200727+00:00
4837110,87,La Liga,2025/2026,8315,Athletic Club,8302,Sevilla,3,2,2025-08-17T17:30:00Z,finished,1,/matches/sevilla-vs-athletic-club/2a7iew#4837110,2026-05-12T01:46:43.200727+00:00
4837113,87,La Liga,2025/2026,8558,Espanyol,9906,Atletico Madrid,2,1,2025-08-17T19:30:00Z,finished,1,/matches/espanyol-vs-atletico-madrid/2thy9u#4837113,2026-05-12T01:46:43.200727+00:00
4837115,87,La Liga,2025/2026,10268,Elche,8603,Real Betis,1,1,2025-08-18T19:00:00Z,finished,1,/matches/real-betis-vs-elche/2y0rtr#4837115,2026-05-12T01:46:43.200727+00:00
4837116,87,La Liga,2025/2026,8633,Real Madrid,8371,Osasuna,1,0,2025-08-19T19:00:00Z,finished,1,/matches/osasuna-vs-real-madrid/2e2ylz#4837116,2026-05-12T01:46:43.200727+00:00
4837123,87,La Liga,2025/2026,8603,Real Betis,9866,Deportivo Alaves,1,0,2025-08-22T19:30:00Z,finished,2,/matches/real-betis-vs-deportivo-alaves/2tjxhl#4837123,2026-05-12T01:46:43.200727+00:00
4837125,87,La Liga,2025/2026,8661,Mallorca,9910,Celta Vigo,1,1,2025-08-23T15:00:00Z,finished,2,/matches/mallorca-vs-celta-vigo/2uof5k#4837125,2026-05-12T01:46:43.200727+00:00
4837120,87,La Liga,2025/2026,9906,Atletico Madrid,10268,Elche,1,1,2025-08-23T17:30:00Z,finished,2,/matches/atletico-madrid-vs-elche/3d61a3#4837120,2026-05-12T01:46:43.200727+00:00
4837124,87,La Liga,2025/2026,8581,Levante,8634,Barcelona,2,3,2025-08-23T19:30:00Z,finished,2,/matches/levante-vs-barcelona/2g8c9m#4837124,2026-05-12T01:46:43.200727+00:00
4837121,87,La Liga,2025/2026,8371,Osasuna,10267,Valencia,1,0,2025-08-24T15:00:00Z,finished,2,/matches/osasuna-vs-valencia/2vf3ss#4837121,2026-05-12T01:46:43.200727+00:00
4837126,87,La Liga,2025/2026,8560,Real Sociedad,8558,Espanyol,2,2,2025-08-24T17:30:00Z,finished,2,/matches/espanyol-vs-real-sociedad/2f8nc1#4837126,2026-05-12T01:46:43.200727+00:00
4837128,87,La Liga,2025/2026,10205,Villarreal,7732,Girona,5,0,2025-08-24T17:30:00Z,finished,2,/matches/girona-vs-villarreal/2nsbf1#4837128,2026-05-12T01:46:43.200727+00:00
4837122,87,La Liga,2025/2026,8670,Real Oviedo,8633,Real Madrid,0,3,2025-08-24T19:30:00Z,finished,2,/matches/real-madrid-vs-real-oviedo/2h4w8i#4837122,2026-05-12T01:46:43.200727+00:00
4837119,87,La Liga,2025/2026,8315,Athletic Club,8370,Rayo Vallecano,1,0,2025-08-25T17:30:00Z,finished,2,/matches/athletic-club-vs-rayo-vallecano/2avs59#4837119,2026-05-12T01:46:43.200727+00:00
4837127,87,La Liga,2025/2026,8302,Sevilla,8305,Getafe,1,2,2025-08-25T19:30:00Z,finished,2,/matches/sevilla-vs-getafe/2a3y81#4837127,2026-05-12T01:46:43.200727+00:00
4837167,87,La Liga,2025/2026,9910,Celta Vigo,8603,Real Betis,1,1,2025-08-27T19:00:00Z,finished,6,/matches/real-betis-vs-celta-vigo/2u1dbj#4837167,2026-05-12T01:46:43.200727+00:00
4837131,87,La Liga,2025/2026,10268,Elche,8581,Levante,2,0,2025-08-29T17:30:00Z,finished,3,/matches/levante-vs-elche/2xrvna#4837131,2026-05-12T01:46:43.200727+00:00
4837137,87,La Liga,2025/2026,10267,Valencia,8305,Getafe,3,0,2025-08-29T19:30:00Z,finished,3,/matches/getafe-vs-valencia/2uos8v#4837137,2026-05-12T01:46:43.200727+00:00
4837129,87,La Liga,2025/2026,9866,Deportivo Alaves,9906,Atletico Madrid,1,1,2025-08-30T15:00:00Z,finished,3,/matches/deportivo-alaves-vs-atletico-madrid/38dxso#4837129,2026-05-12T01:46:43.200727+00:00
4837134,87,La Liga,2025/2026,8670,Real Oviedo,8560,Real Sociedad,1,0,2025-08-30T17:00:00Z,finished,3,/matches/real-sociedad-vs-real-oviedo/2gdvmv#4837134,2026-05-12T01:46:43.200727+00:00
4837133,87,La Liga,2025/2026,7732,Girona,8302,Sevilla,0,2,2025-08-30T17:30:00Z,finished,3,/matches/girona-vs-sevilla/24ji81#4837133,2026-05-12T01:46:43.200727+00:00
4837138,87,La Liga,2025/2026,8633,Real Madrid,8661,Mallorca,2,1,2025-08-30T19:30:00Z,finished,3,/matches/real-madrid-vs-mallorca/2h1k3i#4837138,2026-05-12T01:46:43.200727+00:00
4837130,87,La Liga,2025/2026,9910,Celta Vigo,10205,Villarreal,1,1,2025-08-31T15:00:00Z,finished,3,/matches/celta-vigo-vs-villarreal/3cgk6s#4837130,2026-05-12T01:46:43.200727+00:00
4837135,87,La Liga,2025/2026,8603,Real Betis,8315,Athletic Club,1,2,2025-08-31T17:00:00Z,finished,3,/matches/athletic-club-vs-real-betis/2d7p20#4837135,2026-05-12T01:46:43.200727+00:00
4837132,87,La Liga,2025/2026,8558,Espanyol,8371,Osasuna,1,0,2025-08-31T17:30:00Z,finished,3,/matches/osasuna-vs-espanyol/2dbonz#4837132,2026-05-12T01:46:43.200727+00:00
4837136,87,La Liga,2025/2026,8370,Rayo Vallecano,8634,Barcelona,1,1,2025-08-31T19:30:00Z,finished,3,/matches/rayo-vallecano-vs-barcelona/2e2ym0#4837136,2026-05-12T01:46:43.200727+00:00
4837147,87,La Liga,2025/2026,8302,Sevilla,10268,Elche,2,2,2025-09-12T19:00:00Z,finished,4,/matches/sevilla-vs-elche/2unzl1#4837147,2026-05-12T01:46:43.200727+00:00
4837143,87,La Liga,2025/2026,8305,Getafe,8670,Real Oviedo,2,0,2025-09-13T12:00:00Z,finished,4,/matches/getafe-vs-real-oviedo/2dsegm#4837143,2026-05-12T01:46:43.200727+00:00
4837148,87,La Liga,2025/2026,8560,Real Sociedad,8633,Real Madrid,1,2,2025-09-13T14:15:00Z,finished,4,/matches/real-sociedad-vs-real-madrid/2g087q#4837148,2026-05-12T01:46:43.200727+00:00
4837145,87,La Liga,2025/2026,8315,Athletic Club,9866,Deportivo Alaves,0,1,2025-09-13T16:30:00Z,finished,4,/matches/athletic-club-vs-deportivo-alaves/2qet5l#4837145,2026-05-12T01:46:43.200727+00:00
4837139,87,La Liga,2025/2026,9906,Atletico Madrid,10205,Villarreal,2,0,2025-09-13T19:00:00Z,finished,4,/matches/atletico-madrid-vs-villarreal/3ceu3u#4837139,2026-05-12T01:46:43.200727+00:00
4837141,87,La Liga,2025/2026,9910,Celta Vigo,7732,Girona,1,1,2025-09-14T12:00:00Z,finished,4,/matches/girona-vs-celta-vigo/2knvod#4837141,2026-05-12T01:46:43.200727+00:00
4837146,87,La Liga,2025/2026,8581,Levante,8603,Real Betis,2,2,2025-09-14T14:15:00Z,finished,4,/matches/levante-vs-real-betis/2fwwtn#4837146,2026-05-12T01:46:43.200727+00:00
4837144,87,La Liga,2025/2026,8371,Osasuna,8370,Rayo Vallecano,2,0,2025-09-14T16:30:00Z,finished,4,/matches/rayo-vallecano-vs-osasuna/2bfuc2#4837144,2026-05-12T01:46:43.200727+00:00
4837140,87,La Liga,2025/2026,8634,Barcelona,10267,Valencia,6,0,2025-09-14T19:00:00Z,finished,4,/matches/barcelona-vs-valencia/2ycx1d#4837140,2026-05-12T01:46:43.200727+00:00
4837142,87,La Liga,2025/2026,8558,Espanyol,8661,Mallorca,3,2,2025-09-15T19:00:00Z,finished,4,/matches/espanyol-vs-mallorca/2g9tff#4837142,2026-05-12T01:46:43.200727+00:00
4837151,87,La Liga,2025/2026,8603,Real Betis,8560,Real Sociedad,3,1,2025-09-19T19:00:00Z,finished,5,/matches/real-sociedad-vs-real-betis/2fp6jh#4837151,2026-05-12T01:46:43.200727+00:00
4837153,87,La Liga,2025/2026,7732,Girona,8581,Levante,0,4,2025-09-20T12:00:00Z,finished,5,/matches/girona-vs-levante/2788ca#4837153,2026-05-12T01:46:43.200727+00:00
4837157,87,La Liga,2025/2026,8633,Real Madrid,8558,Espanyol,2,0,2025-09-20T14:15:00Z,finished,5,/matches/espanyol-vs-real-madrid/2fzhol#4837157,2026-05-12T01:46:43.200727+00:00
4837149,87,La Liga,2025/2026,9866,Deportivo Alaves,8302,Sevilla,1,2,2025-09-20T16:30:00Z,finished,5,/matches/sevilla-vs-deportivo-alaves/2q9que#4837149,2026-05-12T01:46:43.200727+00:00
4837158,87,La Liga,2025/2026,10205,Villarreal,8371,Osasuna,2,1,2025-09-20T16:30:00Z,finished,5,/matches/osasuna-vs-villarreal/2uqdmj#4837158,2026-05-12T01:46:43.200727+00:00
4837154,87,La Liga,2025/2026,10267,Valencia,8315,Athletic Club,2,0,2025-09-20T19:00:00Z,finished,5,/matches/athletic-club-vs-valencia/2usrlk#4837154,2026-05-12T01:46:43.200727+00:00
4837156,87,La Liga,2025/2026,8370,Rayo Vallecano,9910,Celta Vigo,1,1,2025-09-21T12:00:00Z,finished,5,/matches/rayo-vallecano-vs-celta-vigo/2rhhu2#4837156,2026-05-12T01:46:43.200727+00:00
4837155,87,La Liga,2025/2026,8661,Mallorca,9906,Atletico Madrid,1,1,2025-09-21T14:15:00Z,finished,5,/matches/mallorca-vs-atletico-madrid/2umtu6#4837155,2026-05-12T01:46:43.200727+00:00
4837152,87,La Liga,2025/2026,10268,Elche,8670,Real Oviedo,1,0,2025-09-21T16:30:00Z,finished,5,/matches/real-oviedo-vs-elche/2yrx7x#4837152,2026-05-12T01:46:43.200727+00:00
4837150,87,La Liga,2025/2026,8634,Barcelona,8305,Getafe,3,0,2025-09-21T19:00:00Z,finished,5,/matches/getafe-vs-barcelona/2dfbe4#4837150,2026-05-12T01:46:43.200727+00:00
4837160,87,La Liga,2025/2026,8315,Athletic Club,7732,Girona,1,1,2025-09-23T17:00:00Z,finished,6,/matches/girona-vs-athletic-club/24nz4z#4837160,2026-05-12T01:46:43.200727+00:00
4837162,87,La Liga,2025/2026,8558,Espanyol,10267,Valencia,2,2,2025-09-23T17:00:00Z,finished,6,/matches/espanyol-vs-valencia/2xi6sb#4837162,2026-05-12T01:46:43.200727+00:00
4837163,87,La Liga,2025/2026,8581,Levante,8633,Real Madrid,1,4,2025-09-23T19:30:00Z,finished,6,/matches/levante-vs-real-madrid/2g7yze#4837163,2026-05-12T01:46:43.200727+00:00
4837164,87,La Liga,2025/2026,8302,Sevilla,10205,Villarreal,1,2,2025-09-23T19:30:00Z,finished,6,/matches/sevilla-vs-villarreal/2tyyds#4837164,2026-05-12T01:46:43.200727+00:00
4837165,87,La Liga,2025/2026,8305,Getafe,9866,Deportivo Alaves,1,1,2025-09-24T17:00:00Z,finished,6,/matches/getafe-vs-deportivo-alaves/2qawwk#4837165,2026-05-12T01:46:43.200727+00:00
4837161,87,La Liga,2025/2026,9906,Atletico Madrid,8370,Rayo Vallecano,3,2,2025-09-24T19:30:00Z,finished,6,/matches/rayo-vallecano-vs-atletico-madrid/2rfxf0#4837161,2026-05-12T01:46:43.200727+00:00
4837169,87,La Liga,2025/2026,8560,Real Sociedad,8661,Mallorca,1,0,2025-09-24T19:30:00Z,finished,6,/matches/real-sociedad-vs-mallorca/2gak04#4837169,2026-05-12T01:46:43.200727+00:00
4837168,87,La Liga,2025/2026,8371,Osasuna,10268,Elche,1,1,2025-09-25T17:30:00Z,finished,6,/matches/osasuna-vs-elche/2vfi6j#4837168,2026-05-12T01:46:43.200727+00:00
4837166,87,La Liga,2025/2026,8670,Real Oviedo,8634,Barcelona,1,3,2025-09-25T19:30:00Z,finished,6,/matches/barcelona-vs-real-oviedo/2h59l6#4837166,2026-05-12T01:46:43.200727+00:00
4837178,87,La Liga,2025/2026,7732,Girona,8558,Espanyol,0,0,2025-09-26T19:00:00Z,finished,7,/matches/girona-vs-espanyol/27070h#4837178,2026-05-12T01:46:43.200727+00:00
4837173,87,La Liga,2025/2026,8305,Getafe,8581,Levante,1,1,2025-09-27T12:00:00Z,finished,7,/matches/getafe-vs-levante/2cw3oy#4837173,2026-05-12T01:46:43.200727+00:00
4837170,87,La Liga,2025/2026,9906,Atletico Madrid,8633,Real Madrid,5,2,2025-09-27T14:15:00Z,finished,7,/matches/real-madrid-vs-atletico-madrid/2ubozo#4837170,2026-05-12T01:46:43.200727+00:00
4837175,87,La Liga,2025/2026,8661,Mallorca,9866,Deportivo Alaves,1,0,2025-09-27T16:30:00Z,finished,7,/matches/mallorca-vs-deportivo-alaves/2u6xcq#4837175,2026-05-12T01:46:43.200727+00:00
4837176,87,La Liga,2025/2026,10205,Villarreal,8315,Athletic Club,1,0,2025-09-27T19:00:00Z,finished,7,/matches/athletic-club-vs-villarreal/2u443r#4837176,2026-05-12T01:46:43.200727+00:00
4837174,87,La Liga,2025/2026,8370,Rayo Vallecano,8302,Sevilla,0,1,2025-09-28T12:00:00Z,finished,7,/matches/sevilla-vs-rayo-vallecano/2ar4ua#4837174,2026-05-12T01:46:43.200727+00:00
4837177,87,La Liga,2025/2026,10268,Elche,9910,Celta Vigo,2,1,2025-09-28T14:15:00Z,finished,7,/matches/celta-vigo-vs-elche/3d7rk1#4837177,2026-05-12T01:46:43.200727+00:00
4837171,87,La Liga,2025/2026,8634,Barcelona,8560,Real Sociedad,2,1,2025-09-28T16:30:00Z,finished,7,/matches/real-sociedad-vs-barcelona/2g0lhd#4837171,2026-05-12T01:46:43.200727+00:00
4837172,87,La Liga,2025/2026,8603,Real Betis,8371,Osasuna,2,0,2025-09-28T19:00:00Z,finished,7,/matches/osasuna-vs-real-betis/2ds1b8#4837172,2026-05-12T01:46:43.200727+00:00
4837179,87,La Liga,2025/2026,10267,Valencia,8670,Real Oviedo,1,2,2025-09-30T18:00:00Z,finished,7,/matches/real-oviedo-vs-valencia/2yrilv#4837179,2026-05-12T01:46:43.200727+00:00
4837187,87,La Liga,2025/2026,8371,Osasuna,8305,Getafe,2,1,2025-10-03T19:00:00Z,finished,8,/matches/getafe-vs-osasuna/2askb1#4837187,2026-05-12T01:46:43.200727+00:00
4837188,87,La Liga,2025/2026,8670,Real Oviedo,8581,Levante,0,2,2025-10-04T12:00:00Z,finished,8,/matches/levante-vs-real-oviedo/2gln04#4837188,2026-05-12T01:46:43.200727+00:00
4837182,87,La Liga,2025/2026,7732,Girona,10267,Valencia,2,1,2025-10-04T14:15:00Z,finished,8,/matches/girona-vs-valencia/2og70s#4837182,2026-05-12T01:46:43.200727+00:00
4837181,87,La Liga,2025/2026,8315,Athletic Club,8661,Mallorca,2,1,2025-10-04T16:30:00Z,finished,8,/matches/athletic-club-vs-mallorca/2dsrjx#4837181,2026-05-12T01:46:43.200727+00:00
4837183,87,La Liga,2025/2026,8633,Real Madrid,10205,Villarreal,3,1,2025-10-04T19:00:00Z,finished,8,/matches/real-madrid-vs-villarreal/2xnfqu#4837183,2026-05-12T01:46:43.200727+00:00
4837180,87,La Liga,2025/2026,9866,Deportivo Alaves,10268,Elche,3,1,2025-10-05T12:00:00Z,finished,8,/matches/deportivo-alaves-vs-elche/3cor73#4837180,2026-05-12T01:46:43.200727+00:00
4837185,87,La Liga,2025/2026,8302,Sevilla,8634,Barcelona,4,1,2025-10-05T14:15:00Z,finished,8,/matches/sevilla-vs-barcelona/2de86m#4837185,2026-05-12T01:46:43.200727+00:00
4837186,87,La Liga,2025/2026,8558,Espanyol,8603,Real Betis,1,2,2025-10-05T16:30:00Z,finished,8,/matches/espanyol-vs-real-betis/2fog20#4837186,2026-05-12T01:46:43.200727+00:00
4837189,87,La Liga,2025/2026,8560,Real Sociedad,8370,Rayo Vallecano,0,1,2025-10-05T16:30:00Z,finished,8,/matches/rayo-vallecano-vs-real-sociedad/2dc1qb#4837189,2026-05-12T01:46:43.200727+00:00
4837184,87,La Liga,2025/2026,9910,Celta Vigo,9906,Atletico Madrid,1,1,2025-10-05T19:00:00Z,finished,8,/matches/atletico-madrid-vs-celta-vigo/38wlu2#4837184,2026-05-12T01:46:43.200727+00:00
4837198,87,La Liga,2025/2026,8670,Real Oviedo,8558,Espanyol,0,2,2025-10-17T19:00:00Z,finished,9,/matches/espanyol-vs-real-oviedo/2gd51o#4837198,2026-05-12T01:46:43.200727+00:00
4837199,87,La Liga,2025/2026,8302,Sevilla,8661,Mallorca,1,3,2025-10-18T12:00:00Z,finished,9,/matches/sevilla-vs-mallorca/2do1bv#4837199,2026-05-12T01:46:43.200727+00:00
4837192,87,La Liga,2025/2026,8634,Barcelona,7732,Girona,2,1,2025-10-18T14:15:00Z,finished,9,/matches/girona-vs-barcelona/27qslv#4837192,2026-05-12T01:46:43.200727+00:00
4837197,87,La Liga,2025/2026,10205,Villarreal,8603,Real Betis,2,2,2025-10-18T16:30:00Z,finished,9,/matches/real-betis-vs-villarreal/2xbbzr#4837197,2026-05-12T01:46:43.200727+00:00
4837191,87,La Liga,2025/2026,9906,Atletico Madrid,8371,Osasuna,1,0,2025-10-18T19:00:00Z,finished,9,/matches/osasuna-vs-atletico-madrid/2rgbip#4837191,2026-05-12T01:46:43.200727+00:00
4837196,87,La Liga,2025/2026,10268,Elche,8315,Athletic Club,0,0,2025-10-19T12:00:00Z,finished,9,/matches/athletic-club-vs-elche/2ut5xr#4837196,2026-05-12T01:46:43.200727+00:00
4837193,87,La Liga,2025/2026,9910,Celta Vigo,8560,Real Sociedad,1,1,2025-10-19T14:15:00Z,finished,9,/matches/real-sociedad-vs-celta-vigo/2tkbrv#4837193,2026-05-12T01:46:43.200727+00:00
4837195,87,La Liga,2025/2026,8581,Levante,8370,Rayo Vallecano,0,3,2025-10-19T16:30:00Z,finished,9,/matches/rayo-vallecano-vs-levante/2djo95#4837195,2026-05-12T01:46:43.200727+00:00
4837194,87,La Liga,2025/2026,8305,Getafe,8633,Real Madrid,0,1,2025-10-19T19:00:00Z,finished,9,/matches/getafe-vs-real-madrid/2deybk#4837194,2026-05-12T01:46:43.200727+00:00
4837190,87,La Liga,2025/2026,9866,Deportivo Alaves,10267,Valencia,0,0,2025-10-20T19:00:00Z,finished,9,/matches/deportivo-alaves-vs-valencia/3cobnt#4837190,2026-05-12T01:46:43.200727+00:00
4837202,87,La Liga,2025/2026,8560,Real Sociedad,8302,Sevilla,2,1,2025-10-24T19:00:00Z,finished,10,/matches/sevilla-vs-real-sociedad/2cnf6p#4837202,2026-05-12T01:46:43.200727+00:00
4837201,87,La Liga,2025/2026,7732,Girona,8670,Real Oviedo,3,3,2025-10-25T12:00:00Z,finished,10,/matches/girona-vs-real-oviedo/283frd#4837201,2026-05-12T01:46:43.200727+00:00
4837208,87,La Liga,2025/2026,8558,Espanyol,10268,Elche,1,0,2025-10-25T14:15:00Z,finished,10,/matches/espanyol-vs-elche/2xilb9#4837208,2026-05-12T01:46:43.200727+00:00
4837200,87,La Liga,2025/2026,8315,Athletic Club,8305,Getafe,0,1,2025-10-25T16:30:00Z,finished,10,/matches/getafe-vs-athletic-club/2a8kvt#4837200,2026-05-12T01:46:43.200727+00:00
4837203,87,La Liga,2025/2026,10267,Valencia,10205,Villarreal,0,2,2025-10-25T19:00:00Z,finished,10,/matches/villarreal-vs-valencia/3grupj#4837203,2026-05-12T01:46:43.200727+00:00
4837209,87,La Liga,2025/2026,8661,Mallorca,8581,Levante,1,1,2025-10-26T13:00:00Z,finished,10,/matches/levante-vs-mallorca/2gib84#4837209,2026-05-12T01:46:43.200727+00:00
4837206,87,La Liga,2025/2026,8633,Real Madrid,8634,Barcelona,2,1,2025-10-26T15:15:00Z,finished,10,/matches/real-madrid-vs-barcelona/2grk20#4837206,2026-05-12T01:46:43.200727+00:00
4837207,87,La Liga,2025/2026,8371,Osasuna,9910,Celta Vigo,2,3,2025-10-26T17:30:00Z,finished,10,/matches/osasuna-vs-celta-vigo/2rhvxv#4837207,2026-05-12T01:46:43.200727+00:00
4837204,87,La Liga,2025/2026,8370,Rayo Vallecano,9866,Deportivo Alaves,1,0,2025-10-26T20:00:00Z,finished,10,/matches/rayo-vallecano-vs-deportivo-alaves/2r09ww#4837204,2026-05-12T01:46:43.200727+00:00
4837205,87,La Liga,2025/2026,8603,Real Betis,9906,Atletico Madrid,0,2,2025-10-27T20:00:00Z,finished,10,/matches/real-betis-vs-atletico-madrid/2tzs6l#4837205,2026-05-12T01:46:43.200727+00:00
4837214,87,La Liga,2025/2026,8305,Getafe,7732,Girona,2,1,2025-10-31T20:00:00Z,finished,11,/matches/girona-vs-getafe/24kjcg#4837214,2026-05-12T01:46:43.200727+00:00
4837219,87,La Liga,2025/2026,10205,Villarreal,8370,Rayo Vallecano,4,0,2025-11-01T13:00:00Z,finished,11,/matches/rayo-vallecano-vs-villarreal/2upzai#4837219,2026-05-12T01:46:43.200727+00:00
4837211,87,La Liga,2025/2026,9906,Atletico Madrid,8302,Sevilla,3,0,2025-11-01T15:15:00Z,finished,11,/matches/sevilla-vs-atletico-madrid/2qpc8y#4837211,2026-05-12T01:46:43.200727+00:00
4837216,87,La Liga,2025/2026,8560,Real Sociedad,8315,Athletic Club,3,2,2025-11-01T17:30:00Z,finished,11,/matches/athletic-club-vs-real-sociedad/2cs4ea#4837216,2026-05-12T01:46:43.200727+00:00
4837215,87,La Liga,2025/2026,8633,Real Madrid,10267,Valencia,4,0,2025-11-01T20:00:00Z,finished,11,/matches/real-madrid-vs-valencia/2ycigb#4837215,2026-05-12T01:46:43.200727+00:00
4837217,87,La Liga,2025/2026,8581,Levante,9910,Celta Vigo,1,2,2025-11-02T13:00:00Z,finished,11,/matches/levante-vs-celta-vigo/2tsn8g#4837217,2026-05-12T01:46:43.200727+00:00
4837210,87,La Liga,2025/2026,9866,Deportivo Alaves,8558,Espanyol,2,1,2025-11-02T15:15:00Z,finished,11,/matches/espanyol-vs-deportivo-alaves/2t24yu#4837210,2026-05-12T01:46:43.200727+00:00
4837212,87,La Liga,2025/2026,8634,Barcelona,10268,Elche,3,1,2025-11-02T17:30:00Z,finished,11,/matches/barcelona-vs-elche/2ydbmf#4837212,2026-05-12T01:46:43.200727+00:00
4837213,87,La Liga,2025/2026,8603,Real Betis,8661,Mallorca,3,0,2025-11-02T20:00:00Z,finished,11,/matches/real-betis-vs-mallorca/2gqg3x#4837213,2026-05-12T01:46:43.200727+00:00
4837218,87,La Liga,2025/2026,8670,Real Oviedo,8371,Osasuna,0,0,2025-11-03T20:00:00Z,finished,11,/matches/osasuna-vs-real-oviedo/2eggmv#4837218,2026-05-12T01:46:43.200727+00:00
4837222,87,La Liga,2025/2026,10268,Elche,8560,Real Sociedad,1,1,2025-11-07T20:00:00Z,finished,12,/matches/real-sociedad-vs-elche/2xjeda#4837222,2026-05-12T01:46:43.200727+00:00
4837225,87,La Liga,2025/2026,7732,Girona,9866,Deportivo Alaves,1,0,2025-11-08T13:00:00Z,finished,12,/matches/girona-vs-deportivo-alaves/2k79ez#4837225,2026-05-12T01:46:43.200727+00:00
4837229,87,La Liga,2025/2026,8302,Sevilla,8371,Osasuna,1,0,2025-11-08T15:15:00Z,finished,12,/matches/sevilla-vs-osasuna/2arhpg#4837229,2026-05-12T01:46:43.200727+00:00
4837221,87,La Liga,2025/2026,9906,Atletico Madrid,8581,Levante,3,1,2025-11-08T17:30:00Z,finished,12,/matches/levante-vs-atletico-madrid/2tr25y#4837221,2026-05-12T01:46:43.200727+00:00
4837223,87,La Liga,2025/2026,8558,Espanyol,10205,Villarreal,0,2,2025-11-08T20:00:00Z,finished,12,/matches/espanyol-vs-villarreal/2wt7o0#4837223,2026-05-12T01:46:43.200727+00:00
4837220,87,La Liga,2025/2026,8315,Athletic Club,8670,Real Oviedo,1,0,2025-11-09T13:00:00Z,finished,12,/matches/athletic-club-vs-real-oviedo/2dw1hf#4837220,2026-05-12T01:46:43.200727+00:00
4837224,87,La Liga,2025/2026,8370,Rayo Vallecano,8633,Real Madrid,0,0,2025-11-09T15:15:00Z,finished,12,/matches/rayo-vallecano-vs-real-madrid/2e2lhn#4837224,2026-05-12T01:46:43.200727+00:00
4837228,87,La Liga,2025/2026,8661,Mallorca,8305,Getafe,1,0,2025-11-09T17:30:00Z,finished,12,/matches/getafe-vs-mallorca/2dp4lm#4837228,2026-05-12T01:46:43.200727+00:00
4837227,87,La Liga,2025/2026,10267,Valencia,8603,Real Betis,1,1,2025-11-09T17:30:00Z,finished,12,/matches/real-betis-vs-valencia/2y0d9k#4837227,2026-05-12T01:46:43.200727+00:00
4837226,87,La Liga,2025/2026,9910,Celta Vigo,8634,Barcelona,2,4,2025-11-09T20:00:00Z,finished,12,/matches/barcelona-vs-celta-vigo/2udoj2#4837226,2026-05-12T01:46:43.200727+00:00
4837238,87,La Liga,2025/2026,10267,Valencia,8581,Levante,1,0,2025-11-21T20:00:00Z,finished,13,/matches/levante-vs-valencia/2xrh3p#4837238,2026-05-12T01:46:43.200727+00:00
4837230,87,La Liga,2025/2026,9866,Deportivo Alaves,9910,Celta Vigo,0,1,2025-11-22T13:00:00Z,finished,13,/matches/deportivo-alaves-vs-celta-vigo/38fmty#4837230,2026-05-12T01:46:43.200727+00:00
4837236,87,La Liga,2025/2026,8634,Barcelona,8315,Athletic Club,4,0,2025-11-22T15:20:00Z,finished,13,/matches/athletic-club-vs-barcelona/2diy4x#4837236,2026-05-12T01:46:43.200727+00:00
4837234,87,La Liga,2025/2026,8371,Osasuna,8560,Real Sociedad,1,3,2025-11-22T17:30:00Z,finished,13,/matches/osasuna-vs-real-sociedad/2dcesm#4837234,2026-05-12T01:46:43.200727+00:00
4837239,87,La Liga,2025/2026,10205,Villarreal,8661,Mallorca,2,1,2025-11-22T20:00:00Z,finished,13,/matches/mallorca-vs-villarreal/2xyr2o#4837239,2026-05-12T01:46:43.200727+00:00
4837235,87,La Liga,2025/2026,8670,Real Oviedo,8370,Rayo Vallecano,0,0,2025-11-23T13:00:00Z,finished,13,/matches/rayo-vallecano-vs-real-oviedo/2eg3hi#4837235,2026-05-12T01:46:43.200727+00:00
4837231,87,La Liga,2025/2026,8603,Real Betis,7732,Girona,1,1,2025-11-23T15:15:00Z,finished,13,/matches/girona-vs-real-betis/27fxgz#4837231,2026-05-12T01:46:43.200727+00:00
4837237,87,La Liga,2025/2026,8305,Getafe,9906,Atletico Madrid,0,1,2025-11-23T17:30:00Z,finished,13,/matches/getafe-vs-atletico-madrid/2qqieg#4837237,2026-05-12T01:46:43.200727+00:00
4837232,87,La Liga,2025/2026,10268,Elche,8633,Real Madrid,2,2,2025-11-23T20:00:00Z,finished,13,/matches/real-madrid-vs-elche/2ycx1c#4837232,2026-05-12T01:46:43.200727+00:00
4837233,87,La Liga,2025/2026,8558,Espanyol,8302,Sevilla,2,1,2025-11-24T20:00:00Z,finished,13,/matches/sevilla-vs-espanyol/2cmp5w#4837233,2026-05-12T01:46:43.200727+00:00
4837249,87,La Liga,2025/2026,8305,Getafe,10268,Elche,1,0,2025-11-28T20:00:00Z,finished,14,/matches/getafe-vs-elche/2up6ks#4837249,2026-05-12T01:46:43.200727+00:00
4837243,87,La Liga,2025/2026,8661,Mallorca,8371,Osasuna,2,2,2025-11-29T13:00:00Z,finished,14,/matches/osasuna-vs-mallorca/2ed6bd#4837243,2026-05-12T01:46:43.200727+00:00
4837246,87,La Liga,2025/2026,8634,Barcelona,9866,Deportivo Alaves,3,1,2025-11-29T15:15:00Z,finished,14,/matches/barcelona-vs-deportivo-alaves/2tw7n8#4837246,2026-05-12T01:46:43.200727+00:00
4837247,87,La Liga,2025/2026,8581,Levante,8315,Athletic Club,0,2,2025-11-29T17:30:00Z,finished,14,/matches/athletic-club-vs-levante/2czq11#4837247,2026-05-12T01:46:43.200727+00:00
4837240,87,La Liga,2025/2026,9906,Atletico Madrid,8670,Real Oviedo,2,0,2025-11-29T20:00:00Z,finished,14,/matches/real-oviedo-vs-atletico-madrid/2uqet6#4837240,2026-05-12T01:46:43.200727+00:00
4837245,87,La Liga,2025/2026,8560,Real Sociedad,10205,Villarreal,2,3,2025-11-30T13:00:00Z,finished,14,/matches/real-sociedad-vs-villarreal/2wu0mj#4837245,2026-05-12T01:46:43.200727+00:00
4837248,87,La Liga,2025/2026,8302,Sevilla,8603,Real Betis,0,2,2025-11-30T15:15:00Z,finished,14,/matches/sevilla-vs-real-betis/2d2zew#4837248,2026-05-12T01:46:43.200727+00:00
4837241,87,La Liga,2025/2026,9910,Celta Vigo,8558,Espanyol,0,1,2025-11-30T17:30:00Z,finished,14,/matches/espanyol-vs-celta-vigo/2tjj9s#4837241,2026-05-12T01:46:43.200727+00:00
4837242,87,La Liga,2025/2026,7732,Girona,8633,Real Madrid,1,1,2025-11-30T20:00:00Z,finished,14,/matches/girona-vs-real-madrid/27qfz8#4837242,2026-05-12T01:46:43.200727+00:00
4837244,87,La Liga,2025/2026,8370,Rayo Vallecano,10267,Valencia,1,1,2025-12-01T20:00:00Z,finished,14,/matches/rayo-vallecano-vs-valencia/2vepf1#4837244,2026-05-12T01:46:43.200727+00:00
4837294,87,La Liga,2025/2026,8634,Barcelona,9906,Atletico Madrid,3,1,2025-12-02T20:00:00Z,finished,19,/matches/barcelona-vs-atletico-madrid/2uc3ao#4837294,2026-05-12T01:46:43.200727+00:00
4837290,87,La Liga,2025/2026,8315,Athletic Club,8633,Real Madrid,0,3,2025-12-03T18:00:00Z,finished,19,/matches/athletic-club-vs-real-madrid/2dil23#4837290,2026-05-12T01:46:43.200727+00:00
4837258,87,La Liga,2025/2026,8670,Real Oviedo,8661,Mallorca,0,0,2025-12-05T20:00:00Z,finished,15,/matches/mallorca-vs-real-oviedo/2hfado#4837258,2026-05-12T01:46:43.200727+00:00
4837256,87,La Liga,2025/2026,10205,Villarreal,8305,Getafe,2,0,2025-12-06T13:00:00Z,finished,15,/matches/getafe-vs-villarreal/2u058a#4837256,2026-05-12T01:46:43.200727+00:00
4837250,87,La Liga,2025/2026,9866,Deportivo Alaves,8560,Real Sociedad,1,0,2025-12-06T15:15:00Z,finished,15,/matches/real-sociedad-vs-deportivo-alaves/2t2xeh#4837250,2026-05-12T01:46:43.200727+00:00
4837254,87,La Liga,2025/2026,8603,Real Betis,8634,Barcelona,3,5,2025-12-06T17:30:00Z,finished,15,/matches/real-betis-vs-barcelona/2gggox#4837254,2026-05-12T01:46:43.200727+00:00
4837251,87,La Liga,2025/2026,8315,Athletic Club,9906,Atletico Madrid,1,0,2025-12-06T20:00:00Z,finished,15,/matches/athletic-club-vs-atletico-madrid/2queyl#4837251,2026-05-12T01:46:43.200727+00:00
4837252,87,La Liga,2025/2026,10268,Elche,7732,Girona,3,0,2025-12-07T13:00:00Z,finished,15,/matches/girona-vs-elche/2ogkws#4837252,2026-05-12T01:46:43.200727+00:00
4837259,87,La Liga,2025/2026,10267,Valencia,8302,Sevilla,1,1,2025-12-07T15:15:00Z,finished,15,/matches/sevilla-vs-valencia/2unl97#4837259,2026-05-12T01:46:43.200727+00:00
4837253,87,La Liga,2025/2026,8558,Espanyol,8370,Rayo Vallecano,1,0,2025-12-07T17:30:00Z,finished,15,/matches/rayo-vallecano-vs-espanyol/2dbblq#4837253,2026-05-12T01:46:43.200727+00:00
4837255,87,La Liga,2025/2026,8633,Real Madrid,9910,Celta Vigo,0,2,2025-12-07T20:00:00Z,finished,15,/matches/real-madrid-vs-celta-vigo/2uda7y#4837255,2026-05-12T01:46:43.200727+00:00
4837257,87,La Liga,2025/2026,8371,Osasuna,8581,Levante,2,0,2025-12-08T20:00:00Z,finished,15,/matches/osasuna-vs-levante/2dk1c1#4837257,2026-05-12T01:46:43.200727+00:00
4837268,87,La Liga,2025/2026,8560,Real Sociedad,7732,Girona,1,2,2025-12-12T20:00:00Z,finished,16,/matches/girona-vs-real-sociedad/270w5m#4837268,2026-05-12T01:46:43.200727+00:00
4837261,87,La Liga,2025/2026,9906,Atletico Madrid,10267,Valencia,2,1,2025-12-13T13:00:00Z,finished,16,/matches/atletico-madrid-vs-valencia/3d5lpp#4837261,2026-05-12T01:46:43.200727+00:00
4837266,87,La Liga,2025/2026,8661,Mallorca,10268,Elche,3,1,2025-12-13T15:15:00Z,finished,16,/matches/mallorca-vs-elche/2yo9q6#4837266,2026-05-12T01:46:43.200727+00:00
4837262,87,La Liga,2025/2026,8634,Barcelona,8371,Osasuna,2,0,2025-12-13T17:30:00Z,finished,16,/matches/osasuna-vs-barcelona/2e3bqd#4837262,2026-05-12T01:46:43.200727+00:00
4837267,87,La Liga,2025/2026,8305,Getafe,8558,Espanyol,0,1,2025-12-13T20:00:00Z,finished,16,/matches/getafe-vs-espanyol/2cns72#4837267,2026-05-12T01:46:43.200727+00:00
4837269,87,La Liga,2025/2026,8302,Sevilla,8670,Real Oviedo,4,0,2025-12-14T13:00:00Z,finished,16,/matches/sevilla-vs-real-oviedo/2drb64#4837269,2026-05-12T01:46:43.200727+00:00
4837264,87,La Liga,2025/2026,9910,Celta Vigo,8315,Athletic Club,2,0,2025-12-14T15:15:00Z,finished,16,/matches/athletic-club-vs-celta-vigo/2qvz7j#4837264,2026-05-12T01:46:43.200727+00:00
4837260,87,La Liga,2025/2026,9866,Deportivo Alaves,8633,Real Madrid,1,2,2025-12-14T20:00:00Z,finished,16,/matches/real-madrid-vs-deportivo-alaves/2tvtdc#4837260,2026-05-12T01:46:43.200727+00:00
4837265,87,La Liga,2025/2026,8370,Rayo Vallecano,8603,Real Betis,0,0,2025-12-15T20:00:00Z,finished,16,/matches/rayo-vallecano-vs-real-betis/2dro7q#4837265,2026-05-12T01:46:43.200727+00:00
4837279,87,La Liga,2025/2026,10267,Valencia,8661,Mallorca,1,1,2025-12-19T20:00:00Z,finished,17,/matches/mallorca-vs-valencia/2ynv4d#4837279,2026-05-12T01:46:43.200727+00:00
4837278,87,La Liga,2025/2026,8670,Real Oviedo,9910,Celta Vigo,0,0,2025-12-20T13:00:00Z,finished,17,/matches/real-oviedo-vs-celta-vigo/2us05k#4837278,2026-05-12T01:46:43.200727+00:00
4837273,87,La Liga,2025/2026,8581,Levante,8560,Real Sociedad,1,1,2025-12-20T15:15:00Z,finished,17,/matches/real-sociedad-vs-levante/2fh3cs#4837273,2026-05-12T01:46:43.200727+00:00
4837275,87,La Liga,2025/2026,8371,Osasuna,9866,Deportivo Alaves,3,0,2025-12-20T17:30:00Z,finished,17,/matches/osasuna-vs-deportivo-alaves/2r0nzh#4837275,2026-05-12T01:46:43.200727+00:00
4837274,87,La Liga,2025/2026,8633,Real Madrid,8302,Sevilla,2,0,2025-12-20T20:00:00Z,finished,17,/matches/sevilla-vs-real-madrid/2ddv45#4837274,2026-05-12T01:46:43.200727+00:00
4837276,87,La Liga,2025/2026,7732,Girona,9906,Atletico Madrid,0,3,2025-12-21T13:00:00Z,finished,17,/matches/girona-vs-atletico-madrid/2kmd87#4837276,2026-05-12T01:46:43.200727+00:00
4837277,87,La Liga,2025/2026,10205,Villarreal,8634,Barcelona,0,2,2025-12-21T15:15:00Z,finished,17,/matches/barcelona-vs-villarreal/2xnua6#4837277,2026-05-12T01:46:43.200727+00:00
4837272,87,La Liga,2025/2026,10268,Elche,8370,Rayo Vallecano,4,0,2025-12-21T17:30:00Z,finished,17,/matches/rayo-vallecano-vs-elche/2vf3sr#4837272,2026-05-12T01:46:43.200727+00:00
4837271,87,La Liga,2025/2026,8603,Real Betis,8305,Getafe,4,0,2025-12-21T20:00:00Z,finished,17,/matches/getafe-vs-real-betis/2d42jt#4837271,2026-05-12T01:46:43.200727+00:00
4837270,87,La Liga,2025/2026,8315,Athletic Club,8558,Espanyol,1,2,2025-12-22T20:00:00Z,finished,17,/matches/athletic-club-vs-espanyol/2crecr#4837270,2026-05-12T01:46:43.200727+00:00
4837287,87,La Liga,2025/2026,8370,Rayo Vallecano,8305,Getafe,1,1,2026-01-02T20:00:00Z,finished,18,/matches/getafe-vs-rayo-vallecano/2as7fs#4837287,2026-05-12T01:46:43.200727+00:00
4837281,87,La Liga,2025/2026,9910,Celta Vigo,10267,Valencia,4,1,2026-01-03T13:00:00Z,finished,18,/matches/celta-vigo-vs-valencia/3d7bzj#4837281,2026-05-12T01:46:43.200727+00:00
4837283,87,La Liga,2025/2026,8371,Osasuna,8315,Athletic Club,1,1,2026-01-03T15:15:00Z,finished,18,/matches/athletic-club-vs-osasuna/2aw50s#4837283,2026-05-12T01:46:43.200727+00:00
4837282,87,La Liga,2025/2026,10268,Elche,10205,Villarreal,1,3,2026-01-03T17:30:00Z,finished,18,/matches/villarreal-vs-elche/3gsai9#4837282,2026-05-12T01:46:43.200727+00:00
4837285,87,La Liga,2025/2026,8558,Espanyol,8634,Barcelona,0,2,2026-01-03T20:00:00Z,finished,18,/matches/espanyol-vs-barcelona/2fzuy6#4837285,2026-05-12T01:46:43.200727+00:00
4837289,87,La Liga,2025/2026,8302,Sevilla,8581,Levante,0,3,2026-01-04T13:00:00Z,finished,18,/matches/sevilla-vs-levante/2cv0lv#4837289,2026-05-12T01:46:43.200727+00:00
4837286,87,La Liga,2025/2026,8633,Real Madrid,8603,Real Betis,5,1,2026-01-04T15:15:00Z,finished,18,/matches/real-betis-vs-real-madrid/2gg3e3#4837286,2026-05-12T01:46:43.200727+00:00
4837280,87,La Liga,2025/2026,9866,Deportivo Alaves,8670,Real Oviedo,1,1,2026-01-04T17:30:00Z,finished,18,/matches/real-oviedo-vs-deportivo-alaves/2uai1q#4837280,2026-05-12T01:46:43.200727+00:00
4837288,87,La Liga,2025/2026,8661,Mallorca,7732,Girona,1,2,2026-01-04T17:30:00Z,finished,18,/matches/girona-vs-mallorca/2809vm#4837288,2026-05-12T01:46:43.200727+00:00
4837284,87,La Liga,2025/2026,8560,Real Sociedad,9906,Atletico Madrid,1,1,2026-01-04T20:00:00Z,finished,18,/matches/real-sociedad-vs-atletico-madrid/2tiqrp#4837284,2026-05-12T01:46:43.200727+00:00
4837291,87,La Liga,2025/2026,8305,Getafe,8560,Real Sociedad,1,2,2026-01-09T20:00:00Z,finished,19,/matches/getafe-vs-real-sociedad/2coi81#4837291,2026-05-12T01:46:43.200727+00:00
4837295,87,La Liga,2025/2026,8670,Real Oviedo,8603,Real Betis,1,1,2026-01-10T13:00:00Z,finished,19,/matches/real-betis-vs-real-oviedo/2gts1f#4837295,2026-05-12T01:46:43.200727+00:00
4837293,87,La Liga,2025/2026,10205,Villarreal,9866,Deportivo Alaves,3,1,2026-01-10T15:15:00Z,finished,19,/matches/deportivo-alaves-vs-villarreal/3bxlyu#4837293,2026-05-12T01:46:43.200727+00:00
4837292,87,La Liga,2025/2026,7732,Girona,8371,Osasuna,1,0,2026-01-10T17:30:00Z,finished,19,/matches/girona-vs-osasuna/2579sv#4837292,2026-05-12T01:46:43.200727+00:00
4837297,87,La Liga,2025/2026,10267,Valencia,10268,Elche,1,1,2026-01-10T20:00:00Z,finished,19,/matches/valencia-vs-elche/3hjjfk#4837297,2026-05-12T01:46:43.200727+00:00
4837299,87,La Liga,2025/2026,8370,Rayo Vallecano,8661,Mallorca,2,1,2026-01-11T13:00:00Z,finished,19,/matches/rayo-vallecano-vs-mallorca/2ect69#4837299,2026-05-12T01:46:43.200727+00:00
4837298,87,La Liga,2025/2026,8581,Levante,8558,Espanyol,1,1,2026-01-11T15:15:00Z,finished,19,/matches/espanyol-vs-levante/2fgcwj#4837298,2026-05-12T01:46:43.200727+00:00
4837296,87,La Liga,2025/2026,8302,Sevilla,9910,Celta Vigo,0,1,2026-01-12T20:00:00Z,finished,19,/matches/sevilla-vs-celta-vigo/2qqwgg#4837296,2026-05-12T01:46:43.200727+00:00
4837303,87,La Liga,2025/2026,8558,Espanyol,7732,Girona,0,2,2026-01-16T20:00:00Z,finished,20,/matches/girona-vs-espanyol/27070h#4837303,2026-05-12T01:46:43.200727+00:00
4837309,87,La Liga,2025/2026,8633,Real Madrid,8581,Levante,2,0,2026-01-17T13:00:00Z,finished,20,/matches/levante-vs-real-madrid/2g7yze#4837309,2026-05-12T01:46:43.200727+00:00
4837307,87,La Liga,2025/2026,8661,Mallorca,8315,Athletic Club,3,2,2026-01-17T15:15:00Z,finished,20,/matches/athletic-club-vs-mallorca/2dsrjx#4837307,2026-05-12T01:46:43.200727+00:00
4837305,87,La Liga,2025/2026,8371,Osasuna,8670,Real Oviedo,3,2,2026-01-17T17:30:00Z,finished,20,/matches/osasuna-vs-real-oviedo/2eggmv#4837305,2026-05-12T01:46:43.200727+00:00
4837300,87,La Liga,2025/2026,8603,Real Betis,10205,Villarreal,2,0,2026-01-17T20:00:00Z,finished,20,/matches/real-betis-vs-villarreal/2xbbzr#4837300,2026-05-12T01:46:43.200727+00:00
4837304,87,La Liga,2025/2026,8305,Getafe,10267,Valencia,0,1,2026-01-18T13:00:00Z,finished,20,/matches/getafe-vs-valencia/2uos8v#4837304,2026-05-12T01:46:43.200727+00:00
4837306,87,La Liga,2025/2026,9906,Atletico Madrid,9866,Deportivo Alaves,1,0,2026-01-18T15:15:00Z,finished,20,/matches/deportivo-alaves-vs-atletico-madrid/38dxso#4837306,2026-05-12T01:46:43.200727+00:00
4837301,87,La Liga,2025/2026,9910,Celta Vigo,8370,Rayo Vallecano,3,0,2026-01-18T17:30:00Z,finished,20,/matches/rayo-vallecano-vs-celta-vigo/2rhhu2#4837301,2026-05-12T01:46:43.200727+00:00
4837308,87,La Liga,2025/2026,8560,Real Sociedad,8634,Barcelona,2,1,2026-01-18T20:00:00Z,finished,20,/matches/real-sociedad-vs-barcelona/2g0lhd#4837308,2026-05-12T01:46:43.200727+00:00
4837302,87,La Liga,2025/2026,10268,Elche,8302,Sevilla,2,2,2026-01-19T20:00:00Z,finished,20,/matches/sevilla-vs-elche/2unzl1#4837302,2026-05-12T01:46:43.200727+00:00
4837315,87,La Liga,2025/2026,8581,Levante,10268,Elche,3,2,2026-01-23T20:00:00Z,finished,21,/matches/levante-vs-elche/2xrvna#4837315,2026-05-12T01:46:43.200727+00:00
4837318,87,La Liga,2025/2026,8370,Rayo Vallecano,8371,Osasuna,1,3,2026-01-24T13:00:00Z,finished,21,/matches/rayo-vallecano-vs-osasuna/2bfuc2#4837318,2026-05-12T01:46:43.200727+00:00
4837316,87,La Liga,2025/2026,10267,Valencia,8558,Espanyol,3,2,2026-01-24T15:15:00Z,finished,21,/matches/espanyol-vs-valencia/2xi6sb#4837316,2026-05-12T01:46:43.200727+00:00
4837313,87,La Liga,2025/2026,8302,Sevilla,8315,Athletic Club,2,1,2026-01-24T17:30:00Z,finished,21,/matches/sevilla-vs-athletic-club/2a7iew#4837313,2026-05-12T01:46:43.200727+00:00
4837319,87,La Liga,2025/2026,10205,Villarreal,8633,Real Madrid,0,2,2026-01-24T20:00:00Z,finished,21,/matches/real-madrid-vs-villarreal/2xnfqu#4837319,2026-05-12T01:46:43.200727+00:00
4837311,87,La Liga,2025/2026,9906,Atletico Madrid,8661,Mallorca,3,0,2026-01-25T13:00:00Z,finished,21,/matches/mallorca-vs-atletico-madrid/2umtu6#4837311,2026-05-12T01:46:43.200727+00:00
4837312,87,La Liga,2025/2026,8634,Barcelona,8670,Real Oviedo,3,0,2026-01-25T15:15:00Z,finished,21,/matches/barcelona-vs-real-oviedo/2h59l6#4837312,2026-05-12T01:46:43.200727+00:00
4837314,87,La Liga,2025/2026,8560,Real Sociedad,9910,Celta Vigo,3,1,2026-01-25T17:30:00Z,finished,21,/matches/real-sociedad-vs-celta-vigo/2tkbrv#4837314,2026-05-12T01:46:43.200727+00:00
4837310,87,La Liga,2025/2026,9866,Deportivo Alaves,8603,Real Betis,2,1,2026-01-25T20:00:00Z,finished,21,/matches/real-betis-vs-deportivo-alaves/2tjxhl#4837310,2026-05-12T01:46:43.200727+00:00
4837317,87,La Liga,2025/2026,7732,Girona,8305,Getafe,1,1,2026-01-26T20:00:00Z,finished,21,/matches/girona-vs-getafe/24kjcg#4837317,2026-05-12T01:46:43.200727+00:00
4837324,87,La Liga,2025/2026,8558,Espanyol,9866,Deportivo Alaves,1,2,2026-01-30T20:00:00Z,finished,22,/matches/espanyol-vs-deportivo-alaves/2t24yu#4837324,2026-05-12T01:46:43.200727+00:00
4837328,87,La Liga,2025/2026,8670,Real Oviedo,7732,Girona,1,0,2026-01-31T13:00:00Z,finished,22,/matches/girona-vs-real-oviedo/283frd#4837328,2026-05-12T01:46:43.200727+00:00
4837323,87,La Liga,2025/2026,8371,Osasuna,10205,Villarreal,2,2,2026-01-31T15:15:00Z,finished,22,/matches/osasuna-vs-villarreal/2uqdmj#4837323,2026-05-12T01:46:43.200727+00:00
4837325,87,La Liga,2025/2026,8581,Levante,9906,Atletico Madrid,0,0,2026-01-31T17:30:00Z,finished,22,/matches/levante-vs-atletico-madrid/2tr25y#4837325,2026-05-12T01:46:43.200727+00:00
4837326,87,La Liga,2025/2026,10268,Elche,8634,Barcelona,1,3,2026-01-31T20:00:00Z,finished,22,/matches/barcelona-vs-elche/2ydbmf#4837326,2026-05-12T01:46:43.200727+00:00
4837329,87,La Liga,2025/2026,8633,Real Madrid,8370,Rayo Vallecano,2,1,2026-02-01T13:00:00Z,finished,22,/matches/rayo-vallecano-vs-real-madrid/2e2lhn#4837329,2026-05-12T01:46:43.200727+00:00
4837321,87,La Liga,2025/2026,8603,Real Betis,10267,Valencia,2,1,2026-02-01T15:15:00Z,finished,22,/matches/real-betis-vs-valencia/2y0d9k#4837321,2026-05-12T01:46:43.200727+00:00
4837327,87,La Liga,2025/2026,8305,Getafe,9910,Celta Vigo,0,0,2026-02-01T17:30:00Z,finished,22,/matches/getafe-vs-celta-vigo/2qs2ma#4837327,2026-05-12T01:46:43.200727+00:00
4837320,87,La Liga,2025/2026,8315,Athletic Club,8560,Real Sociedad,1,1,2026-02-01T20:00:00Z,finished,22,/matches/athletic-club-vs-real-sociedad/2cs4ea#4837320,2026-05-12T01:46:43.200727+00:00
4837322,87,La Liga,2025/2026,8661,Mallorca,8302,Sevilla,4,1,2026-02-02T20:00:00Z,finished,22,/matches/sevilla-vs-mallorca/2do1bv#4837322,2026-05-12T01:46:43.200727+00:00
4837334,87,La Liga,2025/2026,9910,Celta Vigo,8371,Osasuna,1,2,2026-02-06T20:00:00Z,finished,23,/matches/osasuna-vs-celta-vigo/2rhvxv#4837334,2026-05-12T01:46:43.200727+00:00
4837333,87,La Liga,2025/2026,8634,Barcelona,8661,Mallorca,3,0,2026-02-07T15:15:00Z,finished,23,/matches/barcelona-vs-mallorca/2h1xfx#4837333,2026-05-12T01:46:43.200727+00:00
4837335,87,La Liga,2025/2026,8560,Real Sociedad,10268,Elche,3,1,2026-02-07T20:00:00Z,finished,23,/matches/real-sociedad-vs-elche/2xjeda#4837335,2026-05-12T01:46:43.200727+00:00
4837330,87,La Liga,2025/2026,9866,Deportivo Alaves,8305,Getafe,0,2,2026-02-08T13:00:00Z,finished,23,/matches/getafe-vs-deportivo-alaves/2qawwk#4837330,2026-05-12T01:46:43.200727+00:00
4837331,87,La Liga,2025/2026,8315,Athletic Club,8581,Levante,4,2,2026-02-08T15:15:00Z,finished,23,/matches/athletic-club-vs-levante/2czq11#4837331,2026-05-12T01:46:43.200727+00:00
4837337,87,La Liga,2025/2026,8302,Sevilla,7732,Girona,1,1,2026-02-08T15:15:00Z,finished,23,/matches/girona-vs-sevilla/24ji81#4837337,2026-05-12T01:46:43.200727+00:00
4837332,87,La Liga,2025/2026,9906,Atletico Madrid,8603,Real Betis,0,1,2026-02-08T17:30:00Z,finished,23,/matches/real-betis-vs-atletico-madrid/2tzs6l#4837332,2026-05-12T01:46:43.200727+00:00
4837338,87,La Liga,2025/2026,10267,Valencia,8633,Real Madrid,0,2,2026-02-08T20:00:00Z,finished,23,/matches/real-madrid-vs-valencia/2ycigb#4837338,2026-05-12T01:46:43.200727+00:00
4837336,87,La Liga,2025/2026,10205,Villarreal,8558,Espanyol,4,1,2026-02-09T20:00:00Z,finished,23,/matches/espanyol-vs-villarreal/2wt7o0#4837336,2026-05-12T01:46:43.200727+00:00
4837340,87,La Liga,2025/2026,10268,Elche,8371,Osasuna,0,0,2026-02-13T20:00:00Z,finished,24,/matches/osasuna-vs-elche/2vfi6j#4837340,2026-05-12T01:46:43.200727+00:00
4837349,87,La Liga,2025/2026,8558,Espanyol,9910,Celta Vigo,2,2,2026-02-14T13:00:00Z,finished,24,/matches/espanyol-vs-celta-vigo/2tjj9s#4837349,2026-05-12T01:46:43.200727+00:00
4837341,87,La Liga,2025/2026,8305,Getafe,10205,Villarreal,2,1,2026-02-14T15:15:00Z,finished,24,/matches/getafe-vs-villarreal/2u058a#4837341,2026-05-12T01:46:43.200727+00:00
4837344,87,La Liga,2025/2026,8302,Sevilla,9866,Deportivo Alaves,1,1,2026-02-14T17:30:00Z,finished,24,/matches/sevilla-vs-deportivo-alaves/2q9que#4837344,2026-05-12T01:46:43.200727+00:00
4837343,87,La Liga,2025/2026,8633,Real Madrid,8560,Real Sociedad,4,1,2026-02-14T20:00:00Z,finished,24,/matches/real-sociedad-vs-real-madrid/2g087q#4837343,2026-05-12T01:46:43.200727+00:00
4837345,87,La Liga,2025/2026,8670,Real Oviedo,8315,Athletic Club,1,2,2026-02-15T13:00:00Z,finished,24,/matches/athletic-club-vs-real-oviedo/2dw1hf#4837345,2026-05-12T01:46:43.200727+00:00
4837346,87,La Liga,2025/2026,8370,Rayo Vallecano,9906,Atletico Madrid,3,0,2026-02-15T15:15:00Z,finished,24,/matches/rayo-vallecano-vs-atletico-madrid/2rfxf0#4837346,2026-05-12T01:46:43.200727+00:00
4837342,87,La Liga,2025/2026,8581,Levante,10267,Valencia,0,2,2026-02-15T17:30:00Z,finished,24,/matches/levante-vs-valencia/2xrh3p#4837342,2026-05-12T01:46:43.200727+00:00
4837348,87,La Liga,2025/2026,8661,Mallorca,8603,Real Betis,1,2,2026-02-15T20:00:00Z,finished,24,/matches/real-betis-vs-mallorca/2gqg3x#4837348,2026-05-12T01:46:43.200727+00:00
4837347,87,La Liga,2025/2026,7732,Girona,8634,Barcelona,2,1,2026-02-16T20:00:00Z,finished,24,/matches/girona-vs-barcelona/27qslv#4837347,2026-05-12T01:46:43.200727+00:00
4837263,87,La Liga,2025/2026,8581,Levante,10205,Villarreal,0,1,2026-02-18T19:00:00Z,finished,16,/matches/levante-vs-villarreal/2x2gvs#4837263,2026-05-12T01:46:43.200727+00:00
4837351,87,La Liga,2025/2026,8315,Athletic Club,10268,Elche,2,1,2026-02-20T20:00:00Z,finished,25,/matches/athletic-club-vs-elche/2ut5xr#4837351,2026-05-12T01:46:43.200727+00:00
4837359,87,La Liga,2025/2026,8560,Real Sociedad,8670,Real Oviedo,3,3,2026-02-21T13:00:00Z,finished,25,/matches/real-sociedad-vs-real-oviedo/2gdvmv#4837359,2026-05-12T01:46:43.200727+00:00
4837354,87,La Liga,2025/2026,8603,Real Betis,8370,Rayo Vallecano,1,1,2026-02-21T15:15:00Z,finished,25,/matches/rayo-vallecano-vs-real-betis/2dro7q#4837354,2026-05-12T01:46:43.200727+00:00
4837357,87,La Liga,2025/2026,8371,Osasuna,8633,Real Madrid,2,1,2026-02-21T17:30:00Z,finished,25,/matches/osasuna-vs-real-madrid/2e2ylz#4837357,2026-05-12T01:46:43.200727+00:00
4837352,87,La Liga,2025/2026,9906,Atletico Madrid,8558,Espanyol,4,2,2026-02-21T20:00:00Z,finished,25,/matches/espanyol-vs-atletico-madrid/2thy9u#4837352,2026-05-12T01:46:43.200727+00:00
4837356,87,La Liga,2025/2026,8305,Getafe,8302,Sevilla,0,1,2026-02-22T13:00:00Z,finished,25,/matches/sevilla-vs-getafe/2a3y81#4837356,2026-05-12T01:46:43.200727+00:00
4837353,87,La Liga,2025/2026,8634,Barcelona,8581,Levante,3,0,2026-02-22T15:15:00Z,finished,25,/matches/levante-vs-barcelona/2g8c9m#4837353,2026-05-12T01:46:43.200727+00:00
4837355,87,La Liga,2025/2026,9910,Celta Vigo,8661,Mallorca,2,0,2026-02-22T17:30:00Z,finished,25,/matches/mallorca-vs-celta-vigo/2uof5k#4837355,2026-05-12T01:46:43.200727+00:00
4837358,87,La Liga,2025/2026,10205,Villarreal,10267,Valencia,2,1,2026-02-22T20:00:00Z,finished,25,/matches/villarreal-vs-valencia/3grupj#4837358,2026-05-12T01:46:43.200727+00:00
4837350,87,La Liga,2025/2026,9866,Deportivo Alaves,7732,Girona,2,2,2026-02-23T20:00:00Z,finished,25,/matches/girona-vs-deportivo-alaves/2k79ez#4837350,2026-05-12T01:46:43.200727+00:00
4837364,87,La Liga,2025/2026,8581,Levante,9866,Deportivo Alaves,2,0,2026-02-27T20:00:00Z,finished,26,/matches/levante-vs-deportivo-alaves/2tb85e#4837364,2026-05-12T01:46:43.200727+00:00
4837365,87,La Liga,2025/2026,8370,Rayo Vallecano,8315,Athletic Club,1,1,2026-02-28T13:00:00Z,finished,26,/matches/athletic-club-vs-rayo-vallecano/2avs59#4837365,2026-05-12T01:46:43.200727+00:00
4837360,87,La Liga,2025/2026,8634,Barcelona,10205,Villarreal,4,1,2026-02-28T15:15:00Z,finished,26,/matches/barcelona-vs-villarreal/2xnua6#4837360,2026-05-12T01:46:43.200727+00:00
4837363,87,La Liga,2025/2026,8661,Mallorca,8560,Real Sociedad,0,1,2026-02-28T17:30:00Z,finished,26,/matches/real-sociedad-vs-mallorca/2gak04#4837363,2026-05-12T01:46:43.200727+00:00
4837366,87,La Liga,2025/2026,8670,Real Oviedo,9906,Atletico Madrid,0,1,2026-02-28T20:00:00Z,finished,26,/matches/real-oviedo-vs-atletico-madrid/2uqet6#4837366,2026-05-12T01:46:43.200727+00:00
4837362,87,La Liga,2025/2026,10268,Elche,8558,Espanyol,2,2,2026-03-01T13:00:00Z,finished,26,/matches/espanyol-vs-elche/2xilb9#4837362,2026-05-12T01:46:43.200727+00:00
4837369,87,La Liga,2025/2026,10267,Valencia,8371,Osasuna,1,0,2026-03-01T15:15:00Z,finished,26,/matches/osasuna-vs-valencia/2vf3ss#4837369,2026-05-12T01:46:43.200727+00:00
4837361,87,La Liga,2025/2026,8603,Real Betis,8302,Sevilla,2,2,2026-03-01T17:30:00Z,finished,26,/matches/sevilla-vs-real-betis/2d2zew#4837361,2026-05-12T01:46:43.200727+00:00
4837367,87,La Liga,2025/2026,7732,Girona,9910,Celta Vigo,1,2,2026-03-01T20:00:00Z,finished,26,/matches/girona-vs-celta-vigo/2knvod#4837367,2026-05-12T01:46:43.200727+00:00
4837368,87,La Liga,2025/2026,8633,Real Madrid,8305,Getafe,0,1,2026-03-02T20:00:00Z,finished,26,/matches/getafe-vs-real-madrid/2deybk#4837368,2026-05-12T01:46:43.200727+00:00
4837339,87,La Liga,2025/2026,8370,Rayo Vallecano,8670,Real Oviedo,3,0,2026-03-04T18:00:00Z,finished,23,/matches/rayo-vallecano-vs-real-oviedo/2eg3hi#4837339,2026-05-12T01:46:43.200727+00:00
4837372,87,La Liga,2025/2026,9910,Celta Vigo,8633,Real Madrid,1,2,2026-03-06T20:00:00Z,finished,27,/matches/real-madrid-vs-celta-vigo/2uda7y#4837372,2026-05-12T01:46:43.200727+00:00
4837378,87,La Liga,2025/2026,8371,Osasuna,8661,Mallorca,2,2,2026-03-07T13:00:00Z,finished,27,/matches/osasuna-vs-mallorca/2ed6bd#4837378,2026-05-12T01:46:43.200727+00:00
4837377,87,La Liga,2025/2026,8581,Levante,7732,Girona,1,1,2026-03-07T15:15:00Z,finished,27,/matches/girona-vs-levante/2788ca#4837377,2026-05-12T01:46:43.200727+00:00
4837371,87,La Liga,2025/2026,9906,Atletico Madrid,8560,Real Sociedad,3,2,2026-03-07T17:30:00Z,finished,27,/matches/real-sociedad-vs-atletico-madrid/2tiqrp#4837371,2026-05-12T01:46:43.200727+00:00
4837370,87,La Liga,2025/2026,8315,Athletic Club,8634,Barcelona,0,1,2026-03-07T20:00:00Z,finished,27,/matches/athletic-club-vs-barcelona/2diy4x#4837370,2026-05-12T01:46:43.200727+00:00
4837376,87,La Liga,2025/2026,10205,Villarreal,10268,Elche,2,1,2026-03-08T13:00:00Z,finished,27,/matches/villarreal-vs-elche/3gsai9#4837376,2026-05-12T01:46:43.200727+00:00
4837375,87,La Liga,2025/2026,8305,Getafe,8603,Real Betis,2,0,2026-03-08T15:15:00Z,finished,27,/matches/getafe-vs-real-betis/2d42jt#4837375,2026-05-12T01:46:43.200727+00:00
4837379,87,La Liga,2025/2026,8302,Sevilla,8370,Rayo Vallecano,1,1,2026-03-08T17:30:00Z,finished,27,/matches/sevilla-vs-rayo-vallecano/2ar4ua#4837379,2026-05-12T01:46:43.200727+00:00
4837374,87,La Liga,2025/2026,10267,Valencia,9866,Deportivo Alaves,3,2,2026-03-08T20:00:00Z,finished,27,/matches/deportivo-alaves-vs-valencia/3cobnt#4837374,2026-05-12T01:46:43.200727+00:00
4837373,87,La Liga,2025/2026,8558,Espanyol,8670,Real Oviedo,1,1,2026-03-09T20:00:00Z,finished,27,/matches/espanyol-vs-real-oviedo/2gd51o#4837373,2026-05-12T01:46:43.200727+00:00
4837380,87,La Liga,2025/2026,9866,Deportivo Alaves,10205,Villarreal,1,1,2026-03-13T20:00:00Z,finished,28,/matches/deportivo-alaves-vs-villarreal/3bxlyu#4837380,2026-05-12T01:46:43.200727+00:00
4837385,87,La Liga,2025/2026,7732,Girona,8315,Athletic Club,3,0,2026-03-14T13:00:00Z,finished,28,/matches/girona-vs-athletic-club/24nz4z#4837385,2026-05-12T01:46:43.200727+00:00
4837381,87,La Liga,2025/2026,9906,Atletico Madrid,8305,Getafe,1,0,2026-03-14T15:15:00Z,finished,28,/matches/getafe-vs-atletico-madrid/2qqieg#4837381,2026-05-12T01:46:43.200727+00:00
4837384,87,La Liga,2025/2026,8670,Real Oviedo,10267,Valencia,1,0,2026-03-14T17:30:00Z,finished,28,/matches/real-oviedo-vs-valencia/2yrilv#4837384,2026-05-12T01:46:43.200727+00:00
4837386,87,La Liga,2025/2026,8633,Real Madrid,10268,Elche,4,1,2026-03-14T20:00:00Z,finished,28,/matches/real-madrid-vs-elche/2ycx1c#4837386,2026-05-12T01:46:43.200727+00:00
4837387,87,La Liga,2025/2026,8661,Mallorca,8558,Espanyol,2,1,2026-03-15T13:00:00Z,finished,28,/matches/espanyol-vs-mallorca/2g9tff#4837387,2026-05-12T01:46:43.200727+00:00
4837382,87,La Liga,2025/2026,8634,Barcelona,8302,Sevilla,5,2,2026-03-15T15:15:00Z,finished,28,/matches/sevilla-vs-barcelona/2de86m#4837382,2026-05-12T01:46:43.200727+00:00
4837383,87,La Liga,2025/2026,8603,Real Betis,9910,Celta Vigo,1,1,2026-03-15T17:30:00Z,finished,28,/matches/real-betis-vs-celta-vigo/2u1dbj#4837383,2026-05-12T01:46:43.200727+00:00
4837389,87,La Liga,2025/2026,8560,Real Sociedad,8371,Osasuna,3,1,2026-03-15T20:00:00Z,finished,28,/matches/osasuna-vs-real-sociedad/2dcesm#4837389,2026-05-12T01:46:43.200727+00:00
4837388,87,La Liga,2025/2026,8370,Rayo Vallecano,8581,Levante,1,1,2026-03-16T20:00:00Z,finished,28,/matches/rayo-vallecano-vs-levante/2djo95#4837388,2026-05-12T01:46:43.200727+00:00
4837399,87,La Liga,2025/2026,10205,Villarreal,8560,Real Sociedad,3,1,2026-03-20T20:00:00Z,finished,29,/matches/real-sociedad-vs-villarreal/2wu0mj#4837399,2026-05-12T01:46:43.200727+00:00
4837392,87,La Liga,2025/2026,10268,Elche,8661,Mallorca,2,1,2026-03-21T13:00:00Z,finished,29,/matches/mallorca-vs-elche/2yo9q6#4837392,2026-05-12T01:46:43.200727+00:00
4837393,87,La Liga,2025/2026,8558,Espanyol,8305,Getafe,1,2,2026-03-21T15:15:00Z,finished,29,/matches/getafe-vs-espanyol/2cns72#4837393,2026-05-12T01:46:43.200727+00:00
4837394,87,La Liga,2025/2026,8581,Levante,8670,Real Oviedo,4,2,2026-03-21T17:30:00Z,finished,29,/matches/levante-vs-real-oviedo/2gln04#4837394,2026-05-12T01:46:43.200727+00:00
4837398,87,La Liga,2025/2026,8371,Osasuna,7732,Girona,1,0,2026-03-21T17:30:00Z,finished,29,/matches/girona-vs-osasuna/2579sv#4837398,2026-05-12T01:46:43.200727+00:00
4837395,87,La Liga,2025/2026,8302,Sevilla,10267,Valencia,0,2,2026-03-21T20:00:00Z,finished,29,/matches/sevilla-vs-valencia/2unl97#4837395,2026-05-12T01:46:43.200727+00:00
4837391,87,La Liga,2025/2026,8634,Barcelona,8370,Rayo Vallecano,1,0,2026-03-22T13:00:00Z,finished,29,/matches/rayo-vallecano-vs-barcelona/2e2ym0#4837391,2026-05-12T01:46:43.200727+00:00
4837396,87,La Liga,2025/2026,9910,Celta Vigo,9866,Deportivo Alaves,3,4,2026-03-22T15:15:00Z,finished,29,/matches/deportivo-alaves-vs-celta-vigo/38fmty#4837396,2026-05-12T01:46:43.200727+00:00
4837390,87,La Liga,2025/2026,8315,Athletic Club,8603,Real Betis,2,1,2026-03-22T17:30:00Z,finished,29,/matches/athletic-club-vs-real-betis/2d7p20#4837390,2026-05-12T01:46:43.200727+00:00
4837397,87,La Liga,2025/2026,8633,Real Madrid,9906,Atletico Madrid,3,2,2026-03-22T20:00:00Z,finished,29,/matches/real-madrid-vs-atletico-madrid/2ubozo#4837397,2026-05-12T01:46:43.200727+00:00
4837408,87,La Liga,2025/2026,8370,Rayo Vallecano,10268,Elche,1,0,2026-04-03T19:00:00Z,finished,30,/matches/rayo-vallecano-vs-elche/2vf3sr#4837408,2026-05-12T01:46:43.200727+00:00
4837409,87,La Liga,2025/2026,8560,Real Sociedad,8581,Levante,2,0,2026-04-04T12:00:00Z,finished,30,/matches/real-sociedad-vs-levante/2fh3cs#4837409,2026-05-12T01:46:43.200727+00:00
4837404,87,La Liga,2025/2026,8661,Mallorca,8633,Real Madrid,2,1,2026-04-04T14:15:00Z,finished,30,/matches/real-madrid-vs-mallorca/2h1k3i#4837404,2026-05-12T01:46:43.200727+00:00
4837402,87,La Liga,2025/2026,8603,Real Betis,8558,Espanyol,0,0,2026-04-04T16:30:00Z,finished,30,/matches/espanyol-vs-real-betis/2fog20#4837402,2026-05-12T01:46:43.200727+00:00
4837401,87,La Liga,2025/2026,9906,Atletico Madrid,8634,Barcelona,1,2,2026-04-04T19:00:00Z,finished,30,/matches/barcelona-vs-atletico-madrid/2uc3ao#4837401,2026-05-12T01:46:43.200727+00:00
4837406,87,La Liga,2025/2026,8305,Getafe,8315,Athletic Club,2,0,2026-04-05T12:00:00Z,finished,30,/matches/getafe-vs-athletic-club/2a8kvt#4837406,2026-05-12T01:46:43.200727+00:00
4837407,87,La Liga,2025/2026,10267,Valencia,9910,Celta Vigo,2,3,2026-04-05T14:15:00Z,finished,30,/matches/celta-vigo-vs-valencia/3d7bzj#4837407,2026-05-12T01:46:43.200727+00:00
4837405,87,La Liga,2025/2026,8670,Real Oviedo,8302,Sevilla,1,0,2026-04-05T16:30:00Z,finished,30,/matches/sevilla-vs-real-oviedo/2drb64#4837405,2026-05-12T01:46:43.200727+00:00
4837400,87,La Liga,2025/2026,9866,Deportivo Alaves,8371,Osasuna,2,2,2026-04-05T19:00:00Z,finished,30,/matches/osasuna-vs-deportivo-alaves/2r0nzh#4837400,2026-05-12T01:46:43.200727+00:00
4837403,87,La Liga,2025/2026,7732,Girona,10205,Villarreal,1,0,2026-04-06T19:00:00Z,finished,30,/matches/girona-vs-villarreal/2nsbf1#4837403,2026-05-12T01:46:43.200727+00:00
4837419,87,La Liga,2025/2026,8633,Real Madrid,7732,Girona,1,1,2026-04-10T19:00:00Z,finished,31,/matches/girona-vs-real-madrid/27qfz8#4837419,2026-05-12T01:46:43.200727+00:00
4837415,87,La Liga,2025/2026,8560,Real Sociedad,9866,Deportivo Alaves,3,3,2026-04-11T12:00:00Z,finished,31,/matches/real-sociedad-vs-deportivo-alaves/2t2xeh#4837415,2026-05-12T01:46:43.200727+00:00
4837413,87,La Liga,2025/2026,10268,Elche,10267,Valencia,1,0,2026-04-11T14:15:00Z,finished,31,/matches/valencia-vs-elche/3hjjfk#4837413,2026-05-12T01:46:43.200727+00:00
4837411,87,La Liga,2025/2026,8634,Barcelona,8558,Espanyol,4,1,2026-04-11T16:30:00Z,finished,31,/matches/espanyol-vs-barcelona/2fzuy6#4837411,2026-05-12T01:46:43.200727+00:00
4837416,87,La Liga,2025/2026,8302,Sevilla,9906,Atletico Madrid,2,1,2026-04-11T19:00:00Z,finished,31,/matches/sevilla-vs-atletico-madrid/2qpc8y#4837416,2026-05-12T01:46:43.200727+00:00
4837417,87,La Liga,2025/2026,8371,Osasuna,8603,Real Betis,1,1,2026-04-12T12:00:00Z,finished,31,/matches/osasuna-vs-real-betis/2ds1b8#4837417,2026-05-12T01:46:43.200727+00:00
4837414,87,La Liga,2025/2026,8661,Mallorca,8370,Rayo Vallecano,3,0,2026-04-12T14:15:00Z,finished,31,/matches/rayo-vallecano-vs-mallorca/2ect69#4837414,2026-05-12T01:46:43.200727+00:00
4837412,87,La Liga,2025/2026,9910,Celta Vigo,8670,Real Oviedo,0,3,2026-04-12T16:30:00Z,finished,31,/matches/real-oviedo-vs-celta-vigo/2us05k#4837412,2026-05-12T01:46:43.200727+00:00
4837410,87,La Liga,2025/2026,8315,Athletic Club,10205,Villarreal,1,2,2026-04-12T19:00:00Z,finished,31,/matches/athletic-club-vs-villarreal/2u443r#4837410,2026-05-12T01:46:43.200727+00:00
4837418,87,La Liga,2025/2026,8581,Levante,8305,Getafe,1,0,2026-04-13T19:00:00Z,finished,31,/matches/getafe-vs-levante/2cw3oy#4837418,2026-05-12T01:46:43.200727+00:00
4837430,87,La Liga,2025/2026,8315,Athletic Club,8371,Osasuna,1,0,2026-04-21T17:00:00Z,finished,33,/matches/athletic-club-vs-osasuna/2aw50s#4837430,2026-05-12T01:46:43.200727+00:00
4837433,87,La Liga,2025/2026,8661,Mallorca,10267,Valencia,1,1,2026-04-21T17:00:00Z,finished,33,/matches/mallorca-vs-valencia/2ynv4d#4837433,2026-05-12T01:46:43.200727+00:00
4837437,87,La Liga,2025/2026,7732,Girona,8603,Real Betis,2,3,2026-04-21T19:30:00Z,finished,33,/matches/girona-vs-real-betis/27fxgz#4837437,2026-05-12T01:46:43.200727+00:00
4837435,87,La Liga,2025/2026,8633,Real Madrid,9866,Deportivo Alaves,2,1,2026-04-21T19:30:00Z,finished,33,/matches/real-madrid-vs-deportivo-alaves/2tvtdc#4837435,2026-05-12T01:46:43.200727+00:00
4837436,87,La Liga,2025/2026,10268,Elche,9906,Atletico Madrid,3,2,2026-04-22T17:00:00Z,finished,33,/matches/atletico-madrid-vs-elche/3d61a3#4837436,2026-05-12T01:46:43.200727+00:00
4837439,87,La Liga,2025/2026,8560,Real Sociedad,8305,Getafe,0,1,2026-04-22T18:00:00Z,finished,33,/matches/getafe-vs-real-sociedad/2coi81#4837439,2026-05-12T01:46:43.200727+00:00
4837431,87,La Liga,2025/2026,8634,Barcelona,9910,Celta Vigo,1,0,2026-04-22T19:30:00Z,finished,33,/matches/barcelona-vs-celta-vigo/2udoj2#4837431,2026-05-12T01:46:43.200727+00:00
4837432,87,La Liga,2025/2026,8581,Levante,8302,Sevilla,2,0,2026-04-23T17:00:00Z,finished,33,/matches/sevilla-vs-levante/2cv0lv#4837432,2026-05-12T01:46:43.200727+00:00
4837438,87,La Liga,2025/2026,8370,Rayo Vallecano,8558,Espanyol,1,0,2026-04-23T18:00:00Z,finished,33,/matches/rayo-vallecano-vs-espanyol/2dbblq#4837438,2026-05-12T01:46:43.200727+00:00
4837434,87,La Liga,2025/2026,8670,Real Oviedo,10205,Villarreal,1,1,2026-04-23T19:30:00Z,finished,33,/matches/real-oviedo-vs-villarreal/2y2e4o#4837434,2026-05-12T01:46:43.200727+00:00
4837421,87,La Liga,2025/2026,8603,Real Betis,8633,Real Madrid,1,1,2026-04-24T19:00:00Z,finished,32,/matches/real-betis-vs-real-madrid/2gg3e3#4837421,2026-05-12T01:46:43.200727+00:00
4837420,87,La Liga,2025/2026,9866,Deportivo Alaves,8661,Mallorca,2,1,2026-04-25T12:00:00Z,finished,32,/matches/mallorca-vs-deportivo-alaves/2u6xcq#4837420,2026-05-12T01:46:43.200727+00:00
4837426,87,La Liga,2025/2026,8305,Getafe,8634,Barcelona,0,2,2026-04-25T14:15:00Z,finished,32,/matches/getafe-vs-barcelona/2dfbe4#4837426,2026-05-12T01:46:43.200727+00:00
4837429,87,La Liga,2025/2026,10267,Valencia,7732,Girona,2,1,2026-04-25T16:30:00Z,finished,32,/matches/girona-vs-valencia/2og70s#4837429,2026-05-12T01:46:43.200727+00:00
4837425,87,La Liga,2025/2026,9906,Atletico Madrid,8315,Athletic Club,3,2,2026-04-25T19:00:00Z,finished,32,/matches/athletic-club-vs-atletico-madrid/2queyl#4837425,2026-05-12T01:46:43.200727+00:00
4837424,87,La Liga,2025/2026,8370,Rayo Vallecano,8560,Real Sociedad,3,3,2026-04-26T12:00:00Z,finished,32,/matches/rayo-vallecano-vs-real-sociedad/2dc1qb#4837424,2026-05-12T01:46:43.200727+00:00
4837428,87,La Liga,2025/2026,8670,Real Oviedo,10268,Elche,1,2,2026-04-26T14:15:00Z,finished,32,/matches/real-oviedo-vs-elche/2yrx7x#4837428,2026-05-12T01:46:43.200727+00:00
4837423,87,La Liga,2025/2026,8371,Osasuna,8302,Sevilla,2,1,2026-04-26T16:30:00Z,finished,32,/matches/sevilla-vs-osasuna/2arhpg#4837423,2026-05-12T01:46:43.200727+00:00
4837427,87,La Liga,2025/2026,10205,Villarreal,9910,Celta Vigo,2,1,2026-04-26T19:00:00Z,finished,32,/matches/celta-vigo-vs-villarreal/3cgk6s#4837427,2026-05-12T01:46:43.200727+00:00
4837422,87,La Liga,2025/2026,8558,Espanyol,8581,Levante,0,0,2026-04-27T19:00:00Z,finished,32,/matches/espanyol-vs-levante/2fgcwj#4837422,2026-05-12T01:46:43.200727+00:00
4837445,87,La Liga,2025/2026,7732,Girona,8661,Mallorca,0,1,2026-05-01T19:00:00Z,finished,34,/matches/girona-vs-mallorca/2809vm#4837445,2026-05-12T01:46:43.200727+00:00
4837448,87,La Liga,2025/2026,10205,Villarreal,8581,Levante,5,1,2026-05-02T12:00:00Z,finished,34,/matches/levante-vs-villarreal/2x2gvs#4837448,2026-05-12T01:46:43.200727+00:00
4837446,87,La Liga,2025/2026,10267,Valencia,9906,Atletico Madrid,0,2,2026-05-02T14:15:00Z,finished,34,/matches/atletico-madrid-vs-valencia/3d5lpp#4837446,2026-05-12T01:46:43.200727+00:00
4837440,87,La Liga,2025/2026,9866,Deportivo Alaves,8315,Athletic Club,2,4,2026-05-02T16:30:00Z,finished,34,/matches/athletic-club-vs-deportivo-alaves/2qet5l#4837440,2026-05-12T01:46:43.200727+00:00
4837447,87,La Liga,2025/2026,8371,Osasuna,8634,Barcelona,1,2,2026-05-02T19:00:00Z,finished,34,/matches/osasuna-vs-barcelona/2e3bqd#4837447,2026-05-12T01:46:43.200727+00:00
4837442,87,La Liga,2025/2026,9910,Celta Vigo,10268,Elche,3,1,2026-05-03T12:00:00Z,finished,34,/matches/celta-vigo-vs-elche/3d7rk1#4837442,2026-05-12T01:46:43.200727+00:00
4837444,87,La Liga,2025/2026,8305,Getafe,8370,Rayo Vallecano,0,2,2026-05-03T14:15:00Z,finished,34,/matches/getafe-vs-rayo-vallecano/2as7fs#4837444,2026-05-12T01:46:43.200727+00:00
4837441,87,La Liga,2025/2026,8603,Real Betis,8670,Real Oviedo,3,0,2026-05-03T16:30:00Z,finished,34,/matches/real-betis-vs-real-oviedo/2gts1f#4837441,2026-05-12T01:46:43.200727+00:00
4837443,87,La Liga,2025/2026,8558,Espanyol,8633,Real Madrid,0,2,2026-05-03T19:00:00Z,finished,34,/matches/espanyol-vs-real-madrid/2fzhol#4837443,2026-05-12T01:46:43.200727+00:00
4837449,87,La Liga,2025/2026,8302,Sevilla,8560,Real Sociedad,1,0,2026-05-04T19:00:00Z,finished,34,/matches/sevilla-vs-real-sociedad/2cnf6p#4837449,2026-05-12T01:46:43.200727+00:00
4837453,87,La Liga,2025/2026,8581,Levante,8371,Osasuna,3,2,2026-05-08T19:00:00Z,finished,35,/matches/osasuna-vs-levante/2dk1c1#4837453,2026-05-12T01:46:43.200727+00:00
4837455,87,La Liga,2025/2026,10268,Elche,9866,Deportivo Alaves,1,1,2026-05-09T12:00:00Z,finished,35,/matches/deportivo-alaves-vs-elche/3cor73#4837455,2026-05-12T01:46:43.200727+00:00
4837457,87,La Liga,2025/2026,8302,Sevilla,8558,Espanyol,2,1,2026-05-09T14:15:00Z,finished,35,/matches/sevilla-vs-espanyol/2cmp5w#4837457,2026-05-12T01:46:43.200727+00:00
4837451,87,La Liga,2025/2026,9906,Atletico Madrid,9910,Celta Vigo,0,1,2026-05-09T16:30:00Z,finished,35,/matches/atletico-madrid-vs-celta-vigo/38wlu2#4837451,2026-05-12T01:46:43.200727+00:00
4837456,87,La Liga,2025/2026,8560,Real Sociedad,8603,Real Betis,2,2,2026-05-09T19:00:00Z,finished,35,/matches/real-sociedad-vs-real-betis/2fp6jh#4837456,2026-05-12T01:46:43.200727+00:00
4837454,87,La Liga,2025/2026,8661,Mallorca,10205,Villarreal,1,1,2026-05-10T12:00:00Z,finished,35,/matches/mallorca-vs-villarreal/2xyr2o#4837454,2026-05-12T01:46:43.200727+00:00
4837450,87,La Liga,2025/2026,8315,Athletic Club,10267,Valencia,0,1,2026-05-10T14:15:00Z,finished,35,/matches/athletic-club-vs-valencia/2usrlk#4837450,2026-05-12T01:46:43.200727+00:00
4837458,87,La Liga,2025/2026,8670,Real Oviedo,8305,Getafe,0,0,2026-05-10T16:30:00Z,finished,35,/matches/getafe-vs-real-oviedo/2dsegm#4837458,2026-05-12T01:46:43.200727+00:00
4837452,87,La Liga,2025/2026,8634,Barcelona,8633,Real Madrid,2,0,2026-05-10T19:00:00Z,finished,35,/matches/real-madrid-vs-barcelona/2grk20#4837452,2026-05-12T01:46:43.200727+00:00
4837459,87,La Liga,2025/2026,8370,Rayo Vallecano,7732,Girona,1,1,2026-05-11T19:00:00Z,finished,35,/matches/girona-vs-rayo-vallecano/256xdj#4837459,2026-05-12T01:46:43.200727+00:00
4837462,87,La Liga,2025/2026,9910,Celta Vigo,8581,Levante,,,2026-05-12T17:00:00.000Z,upcoming,36,/matches/levante-vs-celta-vigo/2tsn8g#4837462,2026-05-12T01:46:43.200727+00:00
4837461,87,La Liga,2025/2026,8603,Real Betis,10268,Elche,,,2026-05-12T18:00:00.000Z,upcoming,36,/matches/real-betis-vs-elche/2y0rtr#4837461,2026-05-12T01:46:43.200727+00:00
4837466,87,La Liga,2025/2026,8371,Osasuna,9906,Atletico Madrid,,,2026-05-12T19:30:00.000Z,upcoming,36,/matches/osasuna-vs-atletico-madrid/2rgbip#4837466,2026-05-12T01:46:43.200727+00:00
4837465,87,La Liga,2025/2026,8558,Espanyol,8315,Athletic Club,,,2026-05-13T17:00:00Z,upcoming,36,/matches/athletic-club-vs-espanyol/2crecr#4837465,2026-05-12T01:46:43.200727+00:00
4837468,87,La Liga,2025/2026,10205,Villarreal,8302,Sevilla,,,2026-05-13T17:00:00Z,upcoming,36,/matches/sevilla-vs-villarreal/2tyyds#4837468,2026-05-12T01:46:43.200727+00:00
4837460,87,La Liga,2025/2026,9866,Deportivo Alaves,8634,Barcelona,,,2026-05-13T19:30:00Z,upcoming,36,/matches/barcelona-vs-deportivo-alaves/2tw7n8#4837460,2026-05-12T01:46:43.200727+00:00
4837463,87,La Liga,2025/2026,8305,Getafe,8661,Mallorca,,,2026-05-13T19:30:00Z,upcoming,36,/matches/getafe-vs-mallorca/2dp4lm#4837463,2026-05-12T01:46:43.200727+00:00
4837467,87,La Liga,2025/2026,10267,Valencia,8370,Rayo Vallecano,,,2026-05-14T17:00:00Z,upcoming,36,/matches/rayo-vallecano-vs-valencia/2vepf1#4837467,2026-05-12T01:46:43.200727+00:00
4837464,87,La Liga,2025/2026,7732,Girona,8560,Real Sociedad,,,2026-05-14T18:00:00Z,upcoming,36,/matches/girona-vs-real-sociedad/270w5m#4837464,2026-05-12T01:46:43.200727+00:00
4837469,87,La Liga,2025/2026,8633,Real Madrid,8670,Real Oviedo,,,2026-05-14T19:30:00Z,upcoming,36,/matches/real-madrid-vs-real-oviedo/2h4w8i#4837469,2026-05-12T01:46:43.200727+00:00
4837470,87,La Liga,2025/2026,8315,Athletic Club,9910,Celta Vigo,,,2026-05-17T17:00:00Z,upcoming,37,/matches/athletic-club-vs-celta-vigo/2qvz7j#4837470,2026-05-12T01:46:43.200727+00:00
4837471,87,La Liga,2025/2026,9906,Atletico Madrid,7732,Girona,,,2026-05-17T17:00:00Z,upcoming,37,/matches/girona-vs-atletico-madrid/2kmd87#4837471,2026-05-12T01:46:43.200727+00:00
4837472,87,La Liga,2025/2026,8634,Barcelona,8603,Real Betis,,,2026-05-17T17:00:00Z,upcoming,37,/matches/real-betis-vs-barcelona/2gggox#4837472,2026-05-12T01:46:43.200727+00:00
4837473,87,La Liga,2025/2026,10268,Elche,8305,Getafe,,,2026-05-17T17:00:00Z,upcoming,37,/matches/getafe-vs-elche/2up6ks#4837473,2026-05-12T01:46:43.200727+00:00
4837474,87,La Liga,2025/2026,8581,Levante,8661,Mallorca,,,2026-05-17T17:00:00Z,upcoming,37,/matches/levante-vs-mallorca/2gib84#4837474,2026-05-12T01:46:43.200727+00:00
4837478,87,La Liga,2025/2026,8371,Osasuna,8558,Espanyol,,,2026-05-17T17:00:00Z,upcoming,37,/matches/osasuna-vs-espanyol/2dbonz#4837478,2026-05-12T01:46:43.200727+00:00
4837475,87,La Liga,2025/2026,8370,Rayo Vallecano,10205,Villarreal,,,2026-05-17T17:00:00Z,upcoming,37,/matches/rayo-vallecano-vs-villarreal/2upzai#4837475,2026-05-12T01:46:43.200727+00:00
4837477,87,La Liga,2025/2026,8670,Real Oviedo,9866,Deportivo Alaves,,,2026-05-17T17:00:00Z,upcoming,37,/matches/real-oviedo-vs-deportivo-alaves/2uai1q#4837477,2026-05-12T01:46:43.200727+00:00
4837476,87,La Liga,2025/2026,8560,Real Sociedad,10267,Valencia,,,2026-05-17T17:00:00Z,upcoming,37,/matches/real-sociedad-vs-valencia/2xizua#4837476,2026-05-12T01:46:43.200727+00:00
4837479,87,La Liga,2025/2026,8302,Sevilla,8633,Real Madrid,,,2026-05-17T17:00:00Z,upcoming,37,/matches/sevilla-vs-real-madrid/2ddv45#4837479,2026-05-12T01:46:43.200727+00:00
4837482,87,La Liga,2025/2026,9910,Celta Vigo,8302,Sevilla,,,2026-05-23T19:00:00Z,upcoming,38,/matches/sevilla-vs-celta-vigo/2qqwgg#4837482,2026-05-12T01:46:43.200727+00:00
4837480,87,La Liga,2025/2026,9866,Deportivo Alaves,8370,Rayo Vallecano,,,2026-05-23T19:00:00Z,upcoming,38,/matches/rayo-vallecano-vs-deportivo-alaves/2r09ww#4837480,2026-05-12T01:46:43.200727+00:00
4837483,87,La Liga,2025/2026,8558,Espanyol,8560,Real Sociedad,,,2026-05-23T19:00:00Z,upcoming,38,/matches/espanyol-vs-real-sociedad/2f8nc1#4837483,2026-05-12T01:46:43.200727+00:00
4837484,87,La Liga,2025/2026,8305,Getafe,8371,Osasuna,,,2026-05-23T19:00:00Z,upcoming,38,/matches/getafe-vs-osasuna/2askb1#4837484,2026-05-12T01:46:43.200727+00:00
4837489,87,La Liga,2025/2026,7732,Girona,10268,Elche,,,2026-05-23T19:00:00Z,upcoming,38,/matches/girona-vs-elche/2ogkws#4837489,2026-05-12T01:46:43.200727+00:00
4837485,87,La Liga,2025/2026,8661,Mallorca,8670,Real Oviedo,,,2026-05-23T19:00:00Z,upcoming,38,/matches/mallorca-vs-real-oviedo/2hfado#4837485,2026-05-12T01:46:43.200727+00:00
4837481,87,La Liga,2025/2026,8603,Real Betis,8581,Levante,,,2026-05-23T19:00:00Z,upcoming,38,/matches/levante-vs-real-betis/2fwwtn#4837481,2026-05-12T01:46:43.200727+00:00
4837486,87,La Liga,2025/2026,8633,Real Madrid,8315,Athletic Club,,,2026-05-23T19:00:00Z,upcoming,38,/matches/athletic-club-vs-real-madrid/2dil23#4837486,2026-05-12T01:46:43.200727+00:00
4837488,87,La Liga,2025/2026,10267,Valencia,8634,Barcelona,,,2026-05-23T19:00:00Z,upcoming,38,/matches/barcelona-vs-valencia/2ycx1d#4837488,2026-05-12T01:46:43.200727+00:00
4837487,87,La Liga,2025/2026,10205,Villarreal,9906,Atletico Madrid,,,2026-05-24T19:00:00Z,upcoming,38,/matches/atletico-madrid-vs-villarreal/3ceu3u#4837487,2026-05-12T01:46:43.200727+00:00
4803040,55,Serie A,2025/2026,10233,Genoa,9888,Lecce,0,0,2025-08-23T16:30:00Z,finished,1,/matches/lecce-vs-genoa/3cj5b9#4803040,2026-05-12T01:56:48.202262+00:00
4803045,55,Serie A,2025/2026,7943,Sassuolo,9875,Napoli,0,2,2025-08-23T16:30:00Z,finished,1,/matches/sassuolo-vs-napoli/2mirhu#4803045,2026-05-12T01:56:48.202262+00:00
4803043,55,Serie A,2025/2026,8564,Milan,7801,Cremonese,1,2,2025-08-23T18:45:00Z,finished,1,/matches/cremonese-vs-milan/27qfxb#4803043,2026-05-12T01:56:48.202262+00:00
4803044,55,Serie A,2025/2026,8686,Roma,9857,Bologna,1,0,2025-08-23T18:45:00Z,finished,1,/matches/roma-vs-bologna/2uda6h#4803044,2026-05-12T01:56:48.202262+00:00
4803038,55,Serie A,2025/2026,8529,Cagliari,8535,Fiorentina,1,1,2025-08-24T16:30:00Z,finished,1,/matches/cagliari-vs-fiorentina/2eov63#4803038,2026-05-12T01:56:48.202262+00:00
4803039,55,Serie A,2025/2026,10171,Como,8543,Lazio,2,0,2025-08-24T16:30:00Z,finished,1,/matches/lazio-vs-como/2w9j5q#4803039,2026-05-12T01:56:48.202262+00:00
4803037,55,Serie A,2025/2026,8524,Atalanta,6479,Pisa,1,1,2025-08-24T18:45:00Z,finished,1,/matches/pisa-vs-atalanta/1v0kna#4803037,2026-05-12T01:56:48.202262+00:00
4803042,55,Serie A,2025/2026,9885,Juventus,10167,Parma,2,0,2025-08-24T18:45:00Z,finished,1,/matches/juventus-vs-parma/3bpfv3#4803042,2026-05-12T01:56:48.202262+00:00
4803046,55,Serie A,2025/2026,8600,Udinese,9876,Hellas Verona,1,1,2025-08-25T16:30:00Z,finished,1,/matches/udinese-vs-hellas-verona/2tmp9u#4803046,2026-05-12T01:56:48.202262+00:00
4803041,55,Serie A,2025/2026,8636,Inter,9804,Torino,5,0,2025-08-25T18:45:00Z,finished,1,/matches/inter-vs-torino/2t8ghc#4803041,2026-05-12T01:56:48.202262+00:00
4803048,55,Serie A,2025/2026,7801,Cremonese,7943,Sassuolo,3,2,2025-08-29T16:30:00Z,finished,2,/matches/cremonese-vs-sassuolo/21sqfb#4803048,2026-05-12T01:56:48.202262+00:00
4803052,55,Serie A,2025/2026,9888,Lecce,8564,Milan,0,2,2025-08-29T18:45:00Z,finished,2,/matches/milan-vs-lecce/2td7ci#4803052,2026-05-12T01:56:48.202262+00:00
4803047,55,Serie A,2025/2026,9857,Bologna,10171,Como,1,0,2025-08-30T16:30:00Z,finished,2,/matches/bologna-vs-como/3bf4pz#4803047,2026-05-12T01:56:48.202262+00:00
4803054,55,Serie A,2025/2026,10167,Parma,8524,Atalanta,1,1,2025-08-30T16:30:00Z,finished,2,/matches/atalanta-vs-parma/2w0b82#4803054,2026-05-12T01:56:48.202262+00:00
4803055,55,Serie A,2025/2026,6479,Pisa,8686,Roma,0,1,2025-08-30T18:45:00Z,finished,2,/matches/pisa-vs-roma/1wgyc1#4803055,2026-05-12T01:56:48.202262+00:00
4803053,55,Serie A,2025/2026,9875,Napoli,8529,Cagliari,1,0,2025-08-30T18:45:00Z,finished,2,/matches/cagliari-vs-napoli/2su8st#4803053,2026-05-12T01:56:48.202262+00:00
4803049,55,Serie A,2025/2026,10233,Genoa,9885,Juventus,0,1,2025-08-31T16:30:00Z,finished,2,/matches/juventus-vs-genoa/3chuqi#4803049,2026-05-12T01:56:48.202262+00:00
4803056,55,Serie A,2025/2026,9804,Torino,8535,Fiorentina,0,0,2025-08-31T16:30:00Z,finished,2,/matches/fiorentina-vs-torino/2s4nb6#4803056,2026-05-12T01:56:48.202262+00:00
4803050,55,Serie A,2025/2026,8636,Inter,8600,Udinese,1,2,2025-08-31T18:45:00Z,finished,2,/matches/udinese-vs-inter/2gg3e6#4803050,2026-05-12T01:56:48.202262+00:00
4803051,55,Serie A,2025/2026,8543,Lazio,9876,Hellas Verona,4,0,2025-08-31T18:45:00Z,finished,2,/matches/lazio-vs-hellas-verona/2t05wi#4803051,2026-05-12T01:56:48.202262+00:00
4803058,55,Serie A,2025/2026,8529,Cagliari,10167,Parma,2,0,2025-09-13T13:00:00Z,finished,3,/matches/cagliari-vs-parma/2w2bcl#4803058,2026-05-12T01:56:48.202262+00:00
4803061,55,Serie A,2025/2026,9885,Juventus,8636,Inter,4,3,2025-09-13T16:00:00Z,finished,3,/matches/inter-vs-juventus/2u4jlu#4803061,2026-05-12T01:56:48.202262+00:00
4803060,55,Serie A,2025/2026,8535,Fiorentina,9875,Napoli,1,3,2025-09-13T18:45:00Z,finished,3,/matches/fiorentina-vs-napoli/2swm0q#4803060,2026-05-12T01:56:48.202262+00:00
4803064,55,Serie A,2025/2026,8686,Roma,9804,Torino,0,1,2025-09-14T10:30:00Z,finished,3,/matches/roma-vs-torino/2ts8vv#4803064,2026-05-12T01:56:48.202262+00:00
4803057,55,Serie A,2025/2026,8524,Atalanta,9888,Lecce,4,1,2025-09-14T13:00:00Z,finished,3,/matches/atalanta-vs-lecce/2sxefy#4803057,2026-05-12T01:56:48.202262+00:00
4803063,55,Serie A,2025/2026,6479,Pisa,8600,Udinese,0,1,2025-09-14T13:00:00Z,finished,3,/matches/pisa-vs-udinese/1vp2ro#4803063,2026-05-12T01:56:48.202262+00:00
4803065,55,Serie A,2025/2026,7943,Sassuolo,8543,Lazio,1,0,2025-09-14T16:00:00Z,finished,3,/matches/sassuolo-vs-lazio/28x1ic#4803065,2026-05-12T01:56:48.202262+00:00
4803062,55,Serie A,2025/2026,8564,Milan,9857,Bologna,1,0,2025-09-14T18:45:00Z,finished,3,/matches/milan-vs-bologna/2t0ybc#4803062,2026-05-12T01:56:48.202262+00:00
4803066,55,Serie A,2025/2026,9876,Hellas Verona,7801,Cremonese,0,0,2025-09-15T16:30:00Z,finished,3,/matches/cremonese-vs-hellas-verona/2l14kv#4803066,2026-05-12T01:56:48.202262+00:00
4803059,55,Serie A,2025/2026,10171,Como,10233,Genoa,1,1,2025-09-15T18:45:00Z,finished,3,/matches/como-vs-genoa/3fy2aj#4803059,2026-05-12T01:56:48.202262+00:00
4803076,55,Serie A,2025/2026,9888,Lecce,8529,Cagliari,1,2,2025-09-19T18:45:00Z,finished,4,/matches/cagliari-vs-lecce/2szdhl#4803076,2026-05-12T01:56:48.202262+00:00
4803071,55,Serie A,2025/2026,9857,Bologna,10233,Genoa,2,1,2025-09-20T13:00:00Z,finished,4,/matches/bologna-vs-genoa/3c5scw#4803071,2026-05-12T01:56:48.202262+00:00
4803070,55,Serie A,2025/2026,9876,Hellas Verona,9885,Juventus,1,1,2025-09-20T16:00:00Z,finished,4,/matches/hellas-verona-vs-juventus/389a06#4803070,2026-05-12T01:56:48.202262+00:00
4803069,55,Serie A,2025/2026,8600,Udinese,8564,Milan,0,3,2025-09-20T18:45:00Z,finished,4,/matches/milan-vs-udinese/2fpjs6#4803069,2026-05-12T01:56:48.202262+00:00
4803075,55,Serie A,2025/2026,8543,Lazio,8686,Roma,0,1,2025-09-21T10:30:00Z,finished,4,/matches/lazio-vs-roma/2gdicp#4803075,2026-05-12T01:56:48.202262+00:00
4803072,55,Serie A,2025/2026,7801,Cremonese,10167,Parma,0,0,2025-09-21T13:00:00Z,finished,4,/matches/cremonese-vs-parma/2o48wh#4803072,2026-05-12T01:56:48.202262+00:00
4803068,55,Serie A,2025/2026,9804,Torino,8524,Atalanta,0,3,2025-09-21T13:00:00Z,finished,4,/matches/atalanta-vs-torino/2s0bp4#4803068,2026-05-12T01:56:48.202262+00:00
4803073,55,Serie A,2025/2026,8535,Fiorentina,10171,Como,1,2,2025-09-21T16:00:00Z,finished,4,/matches/fiorentina-vs-como/2w6bnm#4803073,2026-05-12T01:56:48.202262+00:00
4803074,55,Serie A,2025/2026,8636,Inter,7943,Sassuolo,2,1,2025-09-21T18:45:00Z,finished,4,/matches/sassuolo-vs-inter/29tzz6#4803074,2026-05-12T01:56:48.202262+00:00
4803077,55,Serie A,2025/2026,9875,Napoli,6479,Pisa,3,2,2025-09-22T18:45:00Z,finished,4,/matches/pisa-vs-napoli/27mm2u#4803077,2026-05-12T01:56:48.202262+00:00
4803079,55,Serie A,2025/2026,10171,Como,7801,Cremonese,1,1,2025-09-27T13:00:00Z,finished,5,/matches/cremonese-vs-como/2o5sd7#4803079,2026-05-12T01:56:48.202262+00:00
4803081,55,Serie A,2025/2026,9885,Juventus,8524,Atalanta,1,1,2025-09-27T16:00:00Z,finished,5,/matches/atalanta-vs-juventus/2sw7tm#4803081,2026-05-12T01:56:48.202262+00:00
4803078,55,Serie A,2025/2026,8529,Cagliari,8636,Inter,0,2,2025-09-27T18:45:00Z,finished,5,/matches/cagliari-vs-inter/2fpx1z#4803078,2026-05-12T01:56:48.202262+00:00
4803087,55,Serie A,2025/2026,7943,Sassuolo,8600,Udinese,3,1,2025-09-28T10:30:00Z,finished,5,/matches/sassuolo-vs-udinese/29h7wo#4803087,2026-05-12T01:56:48.202262+00:00
4803085,55,Serie A,2025/2026,6479,Pisa,8535,Fiorentina,0,0,2025-09-28T13:00:00Z,finished,5,/matches/pisa-vs-fiorentina/1v441o#4803085,2026-05-12T01:56:48.202262+00:00
4803086,55,Serie A,2025/2026,8686,Roma,9876,Hellas Verona,2,0,2025-09-28T13:00:00Z,finished,5,/matches/roma-vs-hellas-verona/2uku6v#4803086,2026-05-12T01:56:48.202262+00:00
4803082,55,Serie A,2025/2026,9888,Lecce,9857,Bologna,2,2,2025-09-28T16:00:00Z,finished,5,/matches/bologna-vs-lecce/382i4x#4803082,2026-05-12T01:56:48.202262+00:00
4803083,55,Serie A,2025/2026,8564,Milan,9875,Napoli,2,1,2025-09-28T18:45:00Z,finished,5,/matches/milan-vs-napoli/2t82b3#4803083,2026-05-12T01:56:48.202262+00:00
4803084,55,Serie A,2025/2026,10167,Parma,9804,Torino,2,1,2025-09-29T16:30:00Z,finished,5,/matches/torino-vs-parma/3aqp1u#4803084,2026-05-12T01:56:48.202262+00:00
4803080,55,Serie A,2025/2026,10233,Genoa,8543,Lazio,0,3,2025-09-29T18:45:00Z,finished,5,/matches/lazio-vs-genoa/2wyfxn#4803080,2026-05-12T01:56:48.202262+00:00
4803097,55,Serie A,2025/2026,9876,Hellas Verona,7943,Sassuolo,0,1,2025-10-03T18:45:00Z,finished,6,/matches/sassuolo-vs-hellas-verona/2mj58u#4803097,2026-05-12T01:56:48.202262+00:00
4803093,55,Serie A,2025/2026,8543,Lazio,9804,Torino,3,3,2025-10-04T13:00:00Z,finished,6,/matches/lazio-vs-torino/2s7sji#4803093,2026-05-12T01:56:48.202262+00:00
4803095,55,Serie A,2025/2026,10167,Parma,9888,Lecce,0,1,2025-10-04T13:00:00Z,finished,6,/matches/lecce-vs-parma/3bqqac#4803095,2026-05-12T01:56:48.202262+00:00
4803091,55,Serie A,2025/2026,8636,Inter,7801,Cremonese,4,1,2025-10-04T16:00:00Z,finished,6,/matches/cremonese-vs-inter/28fr6b#4803091,2026-05-12T01:56:48.202262+00:00
4803088,55,Serie A,2025/2026,8524,Atalanta,10171,Como,1,1,2025-10-04T18:45:00Z,finished,6,/matches/atalanta-vs-como/2w1wx4#4803088,2026-05-12T01:56:48.202262+00:00
4803096,55,Serie A,2025/2026,8600,Udinese,8529,Cagliari,1,1,2025-10-05T10:30:00Z,finished,6,/matches/cagliari-vs-udinese/2fcoph#4803096,2026-05-12T01:56:48.202262+00:00
4803089,55,Serie A,2025/2026,9857,Bologna,6479,Pisa,4,0,2025-10-05T13:00:00Z,finished,6,/matches/pisa-vs-bologna/27gb1l#4803089,2026-05-12T01:56:48.202262+00:00
4803090,55,Serie A,2025/2026,8535,Fiorentina,8686,Roma,1,2,2025-10-05T13:00:00Z,finished,6,/matches/fiorentina-vs-roma/2gak0t#4803090,2026-05-12T01:56:48.202262+00:00
4803094,55,Serie A,2025/2026,9875,Napoli,10233,Genoa,2,1,2025-10-05T16:00:00Z,finished,6,/matches/napoli-vs-genoa/3cdjj5#4803094,2026-05-12T01:56:48.202262+00:00
4803092,55,Serie A,2025/2026,9885,Juventus,8564,Milan,0,0,2025-10-05T18:45:00Z,finished,6,/matches/milan-vs-juventus/2tc0mu#4803092,2026-05-12T01:56:48.202262+00:00
4803103,55,Serie A,2025/2026,9888,Lecce,7943,Sassuolo,0,0,2025-10-18T13:00:00Z,finished,7,/matches/sassuolo-vs-lecce/2mnqb0#4803103,2026-05-12T01:56:48.202262+00:00
4803105,55,Serie A,2025/2026,6479,Pisa,9876,Hellas Verona,0,0,2025-10-18T13:00:00Z,finished,7,/matches/pisa-vs-hellas-verona/27myp6#4803105,2026-05-12T01:56:48.202262+00:00
4803107,55,Serie A,2025/2026,9804,Torino,9875,Napoli,1,0,2025-10-18T16:00:00Z,finished,7,/matches/torino-vs-napoli/37am8z#4803107,2026-05-12T01:56:48.202262+00:00
4803106,55,Serie A,2025/2026,8686,Roma,8636,Inter,0,1,2025-10-18T18:45:00Z,finished,7,/matches/inter-vs-roma/2hby2d#4803106,2026-05-12T01:56:48.202262+00:00
4803100,55,Serie A,2025/2026,10171,Como,9885,Juventus,2,0,2025-10-19T10:30:00Z,finished,7,/matches/juventus-vs-como/3br5rd#4803100,2026-05-12T01:56:48.202262+00:00
4803099,55,Serie A,2025/2026,8529,Cagliari,9857,Bologna,0,2,2025-10-19T13:00:00Z,finished,7,/matches/cagliari-vs-bologna/2sn5ak#4803099,2026-05-12T01:56:48.202262+00:00
4803102,55,Serie A,2025/2026,10233,Genoa,10167,Parma,0,0,2025-10-19T13:00:00Z,finished,7,/matches/parma-vs-genoa/3fwbbl#4803102,2026-05-12T01:56:48.202262+00:00
4803098,55,Serie A,2025/2026,8524,Atalanta,8543,Lazio,0,0,2025-10-19T16:00:00Z,finished,7,/matches/atalanta-vs-lazio/2epyoh#4803098,2026-05-12T01:56:48.202262+00:00
4803104,55,Serie A,2025/2026,8564,Milan,8535,Fiorentina,2,1,2025-10-19T18:45:00Z,finished,7,/matches/fiorentina-vs-milan/2f1oie#4803104,2026-05-12T01:56:48.202262+00:00
4803101,55,Serie A,2025/2026,7801,Cremonese,8600,Udinese,1,1,2025-10-20T18:45:00Z,finished,7,/matches/cremonese-vs-udinese/28331t#4803101,2026-05-12T01:56:48.202262+00:00
4803113,55,Serie A,2025/2026,8564,Milan,6479,Pisa,2,2,2025-10-24T18:45:00Z,finished,8,/matches/pisa-vs-milan/1vdgd6#4803113,2026-05-12T01:56:48.202262+00:00
4803115,55,Serie A,2025/2026,10167,Parma,10171,Como,0,0,2025-10-25T13:00:00Z,finished,8,/matches/parma-vs-como/3f58t2#4803115,2026-05-12T01:56:48.202262+00:00
4803108,55,Serie A,2025/2026,8600,Udinese,9888,Lecce,3,2,2025-10-25T13:00:00Z,finished,8,/matches/udinese-vs-lecce/2trgf0#4803108,2026-05-12T01:56:48.202262+00:00
4803114,55,Serie A,2025/2026,9875,Napoli,8636,Inter,3,1,2025-10-25T16:00:00Z,finished,8,/matches/inter-vs-napoli/2u0kq3#4803114,2026-05-12T01:56:48.202262+00:00
4803110,55,Serie A,2025/2026,7801,Cremonese,8524,Atalanta,1,1,2025-10-25T18:45:00Z,finished,8,/matches/cremonese-vs-atalanta/27cfej#4803110,2026-05-12T01:56:48.202262+00:00
4803117,55,Serie A,2025/2026,9804,Torino,10233,Genoa,2,1,2025-10-26T11:30:00Z,finished,8,/matches/torino-vs-genoa/3bizsr#4803117,2026-05-12T01:56:48.202262+00:00
4803109,55,Serie A,2025/2026,9876,Hellas Verona,8529,Cagliari,2,2,2025-10-26T14:00:00Z,finished,8,/matches/cagliari-vs-hellas-verona/2sun03#4803109,2026-05-12T01:56:48.202262+00:00
4803116,55,Serie A,2025/2026,7943,Sassuolo,8686,Roma,0,1,2025-10-26T14:00:00Z,finished,8,/matches/sassuolo-vs-roma/2absmd#4803116,2026-05-12T01:56:48.202262+00:00
4803111,55,Serie A,2025/2026,8535,Fiorentina,9857,Bologna,2,2,2025-10-26T17:00:00Z,finished,8,/matches/fiorentina-vs-bologna/2spifh#4803111,2026-05-12T01:56:48.202262+00:00
4803112,55,Serie A,2025/2026,8543,Lazio,9885,Juventus,1,0,2025-10-26T19:45:00Z,finished,8,/matches/lazio-vs-juventus/2t3pur#4803112,2026-05-12T01:56:48.202262+00:00
4803125,55,Serie A,2025/2026,9888,Lecce,9875,Napoli,0,1,2025-10-28T17:30:00Z,finished,9,/matches/napoli-vs-lecce/38a4i6#4803125,2026-05-12T01:56:48.202262+00:00
4803118,55,Serie A,2025/2026,8524,Atalanta,8564,Milan,1,1,2025-10-28T19:45:00Z,finished,9,/matches/atalanta-vs-milan/2exnf8#4803118,2026-05-12T01:56:48.202262+00:00
4803121,55,Serie A,2025/2026,10171,Como,9876,Hellas Verona,3,1,2025-10-29T17:30:00Z,finished,9,/matches/hellas-verona-vs-como/3bnai4#4803121,2026-05-12T01:56:48.202262+00:00
4803124,55,Serie A,2025/2026,9885,Juventus,8600,Udinese,3,1,2025-10-29T17:30:00Z,finished,9,/matches/udinese-vs-juventus/2tq9mc#4803124,2026-05-12T01:56:48.202262+00:00
4803127,55,Serie A,2025/2026,8686,Roma,10167,Parma,2,1,2025-10-29T17:30:00Z,finished,9,/matches/roma-vs-parma/2xthwt#4803127,2026-05-12T01:56:48.202262+00:00
4803119,55,Serie A,2025/2026,9857,Bologna,9804,Torino,0,0,2025-10-29T19:45:00Z,finished,9,/matches/torino-vs-bologna/373118#4803119,2026-05-12T01:56:48.202262+00:00
4803122,55,Serie A,2025/2026,10233,Genoa,7801,Cremonese,0,2,2025-10-29T19:45:00Z,finished,9,/matches/cremonese-vs-genoa/2otpn8#4803122,2026-05-12T01:56:48.202262+00:00
4803123,55,Serie A,2025/2026,8636,Inter,8535,Fiorentina,3,0,2025-10-29T19:45:00Z,finished,9,/matches/fiorentina-vs-inter/2fs4je#4803123,2026-05-12T01:56:48.202262+00:00
4803120,55,Serie A,2025/2026,8529,Cagliari,7943,Sassuolo,1,2,2025-10-30T17:30:00Z,finished,9,/matches/sassuolo-vs-cagliari/28s3h9#4803120,2026-05-12T01:56:48.202262+00:00
4803126,55,Serie A,2025/2026,6479,Pisa,8543,Lazio,0,0,2025-10-30T19:45:00Z,finished,9,/matches/pisa-vs-lazio/1v6orc#4803126,2026-05-12T01:56:48.202262+00:00
4803136,55,Serie A,2025/2026,8600,Udinese,8524,Atalanta,1,0,2025-11-01T14:00:00Z,finished,10,/matches/atalanta-vs-udinese/2faumq#4803136,2026-05-12T01:56:48.202262+00:00
4803132,55,Serie A,2025/2026,9875,Napoli,10171,Como,0,0,2025-11-01T17:00:00Z,finished,10,/matches/napoli-vs-como/3bmv18#4803132,2026-05-12T01:56:48.202262+00:00
4803128,55,Serie A,2025/2026,7801,Cremonese,9885,Juventus,1,2,2025-11-01T19:45:00Z,finished,10,/matches/cremonese-vs-juventus/2l4jdm#4803128,2026-05-12T01:56:48.202262+00:00
4803137,55,Serie A,2025/2026,9876,Hellas Verona,8636,Inter,1,2,2025-11-02T11:30:00Z,finished,10,/matches/inter-vs-hellas-verona/2u0z0c#4803137,2026-05-12T01:56:48.202262+00:00
4803129,55,Serie A,2025/2026,8535,Fiorentina,9888,Lecce,0,1,2025-11-02T14:00:00Z,finished,10,/matches/fiorentina-vs-lecce/2t1qro#4803129,2026-05-12T01:56:48.202262+00:00
4803135,55,Serie A,2025/2026,9804,Torino,6479,Pisa,2,2,2025-11-02T14:00:00Z,finished,10,/matches/pisa-vs-torino/26xs06#4803135,2026-05-12T01:56:48.202262+00:00
4803133,55,Serie A,2025/2026,10167,Parma,9857,Bologna,1,3,2025-11-02T17:00:00Z,finished,10,/matches/bologna-vs-parma/3bdewt#4803133,2026-05-12T01:56:48.202262+00:00
4803131,55,Serie A,2025/2026,8564,Milan,8686,Roma,1,0,2025-11-02T19:45:00Z,finished,10,/matches/milan-vs-roma/2gl9pd#4803131,2026-05-12T01:56:48.202262+00:00
4803134,55,Serie A,2025/2026,7943,Sassuolo,10233,Genoa,1,2,2025-11-03T17:30:00Z,finished,10,/matches/sassuolo-vs-genoa/2qctjb#4803134,2026-05-12T01:56:48.202262+00:00
4803130,55,Serie A,2025/2026,8543,Lazio,8529,Cagliari,2,0,2025-11-03T19:45:00Z,finished,10,/matches/cagliari-vs-lazio/2ersjb#4803130,2026-05-12T01:56:48.202262+00:00
4803146,55,Serie A,2025/2026,6479,Pisa,7801,Cremonese,1,0,2025-11-07T19:45:00Z,finished,11,/matches/pisa-vs-cremonese/1opnr1#4803146,2026-05-12T01:56:48.202262+00:00
4803140,55,Serie A,2025/2026,10171,Como,8529,Cagliari,0,0,2025-11-08T14:00:00Z,finished,11,/matches/cagliari-vs-como/2w3x27#4803140,2026-05-12T01:56:48.202262+00:00
4803144,55,Serie A,2025/2026,9888,Lecce,9876,Hellas Verona,0,0,2025-11-08T14:00:00Z,finished,11,/matches/hellas-verona-vs-lecce/38ajr6#4803144,2026-05-12T01:56:48.202262+00:00
4803143,55,Serie A,2025/2026,9885,Juventus,9804,Torino,0,0,2025-11-08T17:00:00Z,finished,11,/matches/torino-vs-juventus/37eu56#4803143,2026-05-12T01:56:48.202262+00:00
4803145,55,Serie A,2025/2026,10167,Parma,8564,Milan,2,2,2025-11-08T19:45:00Z,finished,11,/matches/milan-vs-parma/2wgcrq#4803145,2026-05-12T01:56:48.202262+00:00
4803138,55,Serie A,2025/2026,8524,Atalanta,7943,Sassuolo,0,3,2025-11-09T11:30:00Z,finished,11,/matches/sassuolo-vs-atalanta/28qbxm#4803138,2026-05-12T01:56:48.202262+00:00
4803139,55,Serie A,2025/2026,9857,Bologna,9875,Napoli,2,0,2025-11-09T14:00:00Z,finished,11,/matches/bologna-vs-napoli/37x04l#4803139,2026-05-12T01:56:48.202262+00:00
4803141,55,Serie A,2025/2026,10233,Genoa,8535,Fiorentina,2,2,2025-11-09T14:00:00Z,finished,11,/matches/fiorentina-vs-genoa/2wv81r#4803141,2026-05-12T01:56:48.202262+00:00
4803147,55,Serie A,2025/2026,8686,Roma,8600,Udinese,2,0,2025-11-09T17:00:00Z,finished,11,/matches/udinese-vs-roma/2gyldv#4803147,2026-05-12T01:56:48.202262+00:00
4803142,55,Serie A,2025/2026,8636,Inter,8543,Lazio,2,0,2025-11-09T19:45:00Z,finished,11,/matches/lazio-vs-inter/2fv2k6#4803142,2026-05-12T01:56:48.202262+00:00
4803149,55,Serie A,2025/2026,8529,Cagliari,10233,Genoa,3,3,2025-11-22T14:00:00Z,finished,12,/matches/cagliari-vs-genoa/2wst60#4803149,2026-05-12T01:56:48.202262+00:00
4803157,55,Serie A,2025/2026,8600,Udinese,9857,Bologna,0,3,2025-11-22T14:00:00Z,finished,12,/matches/udinese-vs-bologna/2tf6iu#4803157,2026-05-12T01:56:48.202262+00:00
4803151,55,Serie A,2025/2026,8535,Fiorentina,9885,Juventus,1,1,2025-11-22T17:00:00Z,finished,12,/matches/fiorentina-vs-juventus/2t0k4f#4803151,2026-05-12T01:56:48.202262+00:00
4803154,55,Serie A,2025/2026,9875,Napoli,8524,Atalanta,3,1,2025-11-22T19:45:00Z,finished,12,/matches/atalanta-vs-napoli/2ss9sz#4803154,2026-05-12T01:56:48.202262+00:00
4803148,55,Serie A,2025/2026,9876,Hellas Verona,10167,Parma,1,2,2025-11-23T11:30:00Z,finished,12,/matches/hellas-verona-vs-parma/3blkmu#4803148,2026-05-12T01:56:48.202262+00:00
4803150,55,Serie A,2025/2026,7801,Cremonese,8686,Roma,1,3,2025-11-23T14:00:00Z,finished,12,/matches/cremonese-vs-roma/28xeca#4803150,2026-05-12T01:56:48.202262+00:00
4803153,55,Serie A,2025/2026,8543,Lazio,9888,Lecce,2,0,2025-11-23T17:00:00Z,finished,12,/matches/lazio-vs-lecce/2t4wio#4803153,2026-05-12T01:56:48.202262+00:00
4803152,55,Serie A,2025/2026,8636,Inter,8564,Milan,0,1,2025-11-23T19:45:00Z,finished,12,/matches/milan-vs-inter/2g2t3o#4803152,2026-05-12T01:56:48.202262+00:00
4803156,55,Serie A,2025/2026,9804,Torino,10171,Como,1,5,2025-11-24T17:30:00Z,finished,12,/matches/torino-vs-como/3asep4#4803156,2026-05-12T01:56:48.202262+00:00
4803155,55,Serie A,2025/2026,7943,Sassuolo,6479,Pisa,2,2,2025-11-24T19:45:00Z,finished,12,/matches/pisa-vs-sassuolo/1pxcbo#4803155,2026-05-12T01:56:48.202262+00:00
4803160,55,Serie A,2025/2026,10171,Como,7943,Sassuolo,2,0,2025-11-28T19:45:00Z,finished,13,/matches/sassuolo-vs-como/2popgq#4803160,2026-05-12T01:56:48.202262+00:00
4803161,55,Serie A,2025/2026,10233,Genoa,9876,Hellas Verona,2,1,2025-11-29T14:00:00Z,finished,13,/matches/hellas-verona-vs-genoa/3cdz1r#4803161,2026-05-12T01:56:48.202262+00:00
4803165,55,Serie A,2025/2026,10167,Parma,8600,Udinese,0,2,2025-11-29T14:00:00Z,finished,13,/matches/udinese-vs-parma/2wutm8#4803165,2026-05-12T01:56:48.202262+00:00
4803162,55,Serie A,2025/2026,9885,Juventus,8529,Cagliari,2,1,2025-11-29T17:00:00Z,finished,13,/matches/cagliari-vs-juventus/2sy6uu#4803162,2026-05-12T01:56:48.202262+00:00
4803164,55,Serie A,2025/2026,8564,Milan,8543,Lazio,1,0,2025-11-29T19:45:00Z,finished,13,/matches/lazio-vs-milan/2f4m36#4803164,2026-05-12T01:56:48.202262+00:00
4803163,55,Serie A,2025/2026,9888,Lecce,9804,Torino,2,1,2025-11-30T11:30:00Z,finished,13,/matches/torino-vs-lecce/37g3q6#4803163,2026-05-12T01:56:48.202262+00:00
4803166,55,Serie A,2025/2026,6479,Pisa,8636,Inter,0,2,2025-11-30T14:00:00Z,finished,13,/matches/pisa-vs-inter/1w0q66#4803166,2026-05-12T01:56:48.202262+00:00
4803158,55,Serie A,2025/2026,8524,Atalanta,8535,Fiorentina,2,0,2025-11-30T17:00:00Z,finished,13,/matches/atalanta-vs-fiorentina/2en1cd#4803158,2026-05-12T01:56:48.202262+00:00
4803167,55,Serie A,2025/2026,8686,Roma,9875,Napoli,0,1,2025-11-30T19:45:00Z,finished,13,/matches/roma-vs-napoli/2ukfv8#4803167,2026-05-12T01:56:48.202262+00:00
4803159,55,Serie A,2025/2026,9857,Bologna,7801,Cremonese,1,3,2025-12-01T19:45:00Z,finished,13,/matches/cremonese-vs-bologna/2ktxjk#4803159,2026-05-12T01:56:48.202262+00:00
4803174,55,Serie A,2025/2026,7943,Sassuolo,8535,Fiorentina,3,1,2025-12-06T14:00:00Z,finished,14,/matches/sassuolo-vs-fiorentina/28u7rc#4803174,2026-05-12T01:56:48.202262+00:00
4803170,55,Serie A,2025/2026,8636,Inter,10171,Como,4,0,2025-12-06T17:00:00Z,finished,14,/matches/inter-vs-como/2xaxi8#4803170,2026-05-12T01:56:48.202262+00:00
4803177,55,Serie A,2025/2026,9876,Hellas Verona,8524,Atalanta,3,1,2025-12-06T19:45:00Z,finished,14,/matches/atalanta-vs-hellas-verona/2sso04#4803177,2026-05-12T01:56:48.202262+00:00
4803169,55,Serie A,2025/2026,7801,Cremonese,9888,Lecce,2,0,2025-12-07T11:30:00Z,finished,14,/matches/cremonese-vs-lecce/2l5obp#4803169,2026-05-12T01:56:48.202262+00:00
4803168,55,Serie A,2025/2026,8529,Cagliari,8686,Roma,1,0,2025-12-07T14:00:00Z,finished,14,/matches/cagliari-vs-roma/2g8cb2#4803168,2026-05-12T01:56:48.202262+00:00
4803171,55,Serie A,2025/2026,8543,Lazio,9857,Bologna,1,1,2025-12-07T17:00:00Z,finished,14,/matches/lazio-vs-bologna/2ssnzl#4803171,2026-05-12T01:56:48.202262+00:00
4803172,55,Serie A,2025/2026,9875,Napoli,9885,Juventus,2,1,2025-12-07T19:45:00Z,finished,14,/matches/napoli-vs-juventus/388ur9#4803172,2026-05-12T01:56:48.202262+00:00
4803173,55,Serie A,2025/2026,6479,Pisa,10167,Parma,0,1,2025-12-08T14:00:00Z,finished,14,/matches/pisa-vs-parma/2aht5w#4803173,2026-05-12T01:56:48.202262+00:00
4803176,55,Serie A,2025/2026,8600,Udinese,10233,Genoa,1,2,2025-12-08T17:00:00Z,finished,14,/matches/udinese-vs-genoa/2xlf1t#4803176,2026-05-12T01:56:48.202262+00:00
4803175,55,Serie A,2025/2026,9804,Torino,8564,Milan,2,3,2025-12-08T19:45:00Z,finished,14,/matches/milan-vs-torino/2sg20c#4803175,2026-05-12T01:56:48.202262+00:00
4803182,55,Serie A,2025/2026,9888,Lecce,6479,Pisa,1,0,2025-12-12T19:45:00Z,finished,15,/matches/pisa-vs-lecce/27r67c#4803182,2026-05-12T01:56:48.202262+00:00
4803186,55,Serie A,2025/2026,9804,Torino,7801,Cremonese,1,0,2025-12-13T14:00:00Z,finished,15,/matches/cremonese-vs-torino/2k9wfv#4803186,2026-05-12T01:56:48.202262+00:00
4803184,55,Serie A,2025/2026,10167,Parma,8543,Lazio,0,1,2025-12-13T17:00:00Z,finished,15,/matches/lazio-vs-parma/2w7xek#4803184,2026-05-12T01:56:48.202262+00:00
4803178,55,Serie A,2025/2026,8524,Atalanta,8529,Cagliari,2,1,2025-12-13T19:45:00Z,finished,15,/matches/atalanta-vs-cagliari/2ekudg#4803178,2026-05-12T01:56:48.202262+00:00
4803183,55,Serie A,2025/2026,8564,Milan,7943,Sassuolo,2,2,2025-12-14T11:30:00Z,finished,15,/matches/sassuolo-vs-milan/294gu6#4803183,2026-05-12T01:56:48.202262+00:00
4803180,55,Serie A,2025/2026,8535,Fiorentina,9876,Hellas Verona,1,2,2025-12-14T14:00:00Z,finished,15,/matches/fiorentina-vs-hellas-verona/2sx086#4803180,2026-05-12T01:56:48.202262+00:00
4803187,55,Serie A,2025/2026,8600,Udinese,9875,Napoli,1,0,2025-12-14T14:00:00Z,finished,15,/matches/udinese-vs-napoli/2tmb0l#4803187,2026-05-12T01:56:48.202262+00:00
4803181,55,Serie A,2025/2026,10233,Genoa,8636,Inter,1,2,2025-12-14T17:00:00Z,finished,15,/matches/inter-vs-genoa/2xzyqb#4803181,2026-05-12T01:56:48.202262+00:00
4803179,55,Serie A,2025/2026,9857,Bologna,9885,Juventus,0,1,2025-12-14T19:45:00Z,finished,15,/matches/bologna-vs-juventus/3818fi#4803179,2026-05-12T01:56:48.202262+00:00
4803185,55,Serie A,2025/2026,8686,Roma,10171,Como,1,0,2025-12-15T19:45:00Z,finished,15,/matches/roma-vs-como/2xv43v#4803185,2026-05-12T01:56:48.202262+00:00
4803194,55,Serie A,2025/2026,8543,Lazio,7801,Cremonese,0,0,2025-12-20T17:00:00Z,finished,16,/matches/cremonese-vs-lazio/27j2wb#4803194,2026-05-12T01:56:48.202262+00:00
4803193,55,Serie A,2025/2026,9885,Juventus,8686,Roma,2,1,2025-12-20T19:45:00Z,finished,16,/matches/roma-vs-juventus/2uof4v#4803193,2026-05-12T01:56:48.202262+00:00
4803188,55,Serie A,2025/2026,8529,Cagliari,6479,Pisa,2,2,2025-12-21T11:30:00Z,finished,16,/matches/pisa-vs-cagliari/1v26jl#4803188,2026-05-12T01:56:48.202262+00:00
4803196,55,Serie A,2025/2026,7943,Sassuolo,9804,Torino,0,1,2025-12-21T14:00:00Z,finished,16,/matches/sassuolo-vs-torino/2lrp7u#4803196,2026-05-12T01:56:48.202262+00:00
4803190,55,Serie A,2025/2026,8535,Fiorentina,8600,Udinese,5,1,2025-12-21T17:00:00Z,finished,16,/matches/fiorentina-vs-udinese/2few0w#4803190,2026-05-12T01:56:48.202262+00:00
4803191,55,Serie A,2025/2026,10233,Genoa,8524,Atalanta,0,1,2025-12-21T19:45:00Z,finished,16,/matches/atalanta-vs-genoa/2wqssb#4803191,2026-05-12T01:56:48.202262+00:00
4803202,55,Serie A,2025/2026,10167,Parma,8535,Fiorentina,1,0,2025-12-27T11:30:00Z,finished,17,/matches/fiorentina-vs-parma/2w4pxc#4803202,2026-05-12T01:56:48.202262+00:00
4803200,55,Serie A,2025/2026,9888,Lecce,10171,Como,0,3,2025-12-27T14:00:00Z,finished,17,/matches/lecce-vs-como/3bsg6y#4803200,2026-05-12T01:56:48.202262+00:00
4803205,55,Serie A,2025/2026,9804,Torino,8529,Cagliari,1,2,2025-12-27T14:00:00Z,finished,17,/matches/cagliari-vs-torino/2s2af3#4803205,2026-05-12T01:56:48.202262+00:00
4803206,55,Serie A,2025/2026,8600,Udinese,8543,Lazio,1,1,2025-12-27T17:00:00Z,finished,17,/matches/lazio-vs-udinese/2fhtto#4803206,2026-05-12T01:56:48.202262+00:00
4803203,55,Serie A,2025/2026,6479,Pisa,9885,Juventus,0,2,2025-12-27T19:45:00Z,finished,17,/matches/pisa-vs-juventus/27q4bf#4803203,2026-05-12T01:56:48.202262+00:00
4803201,55,Serie A,2025/2026,8564,Milan,9876,Hellas Verona,3,0,2025-12-28T11:30:00Z,finished,17,/matches/milan-vs-hellas-verona/2t8gjc#4803201,2026-05-12T01:56:48.202262+00:00
4803199,55,Serie A,2025/2026,7801,Cremonese,9875,Napoli,0,2,2025-12-28T14:00:00Z,finished,17,/matches/cremonese-vs-napoli/2l0qxt#4803199,2026-05-12T01:56:48.202262+00:00
4803198,55,Serie A,2025/2026,9857,Bologna,7943,Sassuolo,1,1,2025-12-28T17:00:00Z,finished,17,/matches/sassuolo-vs-bologna/2mbw4l#4803198,2026-05-12T01:56:48.202262+00:00
4803207,55,Serie A,2025/2026,8524,Atalanta,8636,Inter,0,1,2025-12-28T19:45:00Z,finished,17,/matches/atalanta-vs-inter/2fo2u8#4803207,2026-05-12T01:56:48.202262+00:00
4803204,55,Serie A,2025/2026,8686,Roma,10233,Genoa,3,1,2025-12-29T19:45:00Z,finished,17,/matches/roma-vs-genoa/2yk7q2#4803204,2026-05-12T01:56:48.202262+00:00
4803209,55,Serie A,2025/2026,8529,Cagliari,8564,Milan,0,1,2026-01-02T19:45:00Z,finished,18,/matches/cagliari-vs-milan/2ezhcz#4803209,2026-05-12T01:56:48.202262+00:00
4803210,55,Serie A,2025/2026,10171,Como,8600,Udinese,1,0,2026-01-03T11:30:00Z,finished,18,/matches/udinese-vs-como/2wwfjq#4803210,2026-05-12T01:56:48.202262+00:00
4803212,55,Serie A,2025/2026,10233,Genoa,6479,Pisa,1,1,2026-01-03T14:00:00Z,finished,18,/matches/pisa-vs-genoa/2b5ekz#4803212,2026-05-12T01:56:48.202262+00:00
4803216,55,Serie A,2025/2026,7943,Sassuolo,10167,Parma,1,1,2026-01-03T14:00:00Z,finished,18,/matches/sassuolo-vs-parma/2pn5k8#4803216,2026-05-12T01:56:48.202262+00:00
4803214,55,Serie A,2025/2026,9885,Juventus,9888,Lecce,1,1,2026-01-03T17:00:00Z,finished,18,/matches/juventus-vs-lecce/38ed1f#4803214,2026-05-12T01:56:48.202262+00:00
4803208,55,Serie A,2025/2026,8524,Atalanta,8686,Roma,1,0,2026-01-03T19:45:00Z,finished,18,/matches/atalanta-vs-roma/2g6hwd#4803208,2026-05-12T01:56:48.202262+00:00
4803215,55,Serie A,2025/2026,8543,Lazio,9875,Napoli,0,2,2026-01-04T11:30:00Z,finished,18,/matches/lazio-vs-napoli/2szrou#4803215,2026-05-12T01:56:48.202262+00:00
4803211,55,Serie A,2025/2026,8535,Fiorentina,7801,Cremonese,1,0,2026-01-04T14:00:00Z,finished,18,/matches/cremonese-vs-fiorentina/27ga0v#4803211,2026-05-12T01:56:48.202262+00:00
4803217,55,Serie A,2025/2026,9876,Hellas Verona,9804,Torino,0,3,2026-01-04T17:00:00Z,finished,18,/matches/torino-vs-hellas-verona/37b1fo#4803217,2026-05-12T01:56:48.202262+00:00
4803213,55,Serie A,2025/2026,8636,Inter,9857,Bologna,3,1,2026-01-04T19:45:00Z,finished,18,/matches/inter-vs-bologna/2ttfqc#4803213,2026-05-12T01:56:48.202262+00:00
4803225,55,Serie A,2025/2026,6479,Pisa,10171,Como,0,3,2026-01-06T14:00:00Z,finished,19,/matches/pisa-vs-como/2aj8jq#4803225,2026-05-12T01:56:48.202262+00:00
4803221,55,Serie A,2025/2026,9888,Lecce,8686,Roma,0,2,2026-01-06T17:00:00Z,finished,19,/matches/roma-vs-lecce/2upm4p#4803221,2026-05-12T01:56:48.202262+00:00
4803226,55,Serie A,2025/2026,7943,Sassuolo,9885,Juventus,0,3,2026-01-06T19:45:00Z,finished,19,/matches/sassuolo-vs-juventus/2mml13#4803226,2026-05-12T01:56:48.202262+00:00
4803218,55,Serie A,2025/2026,9857,Bologna,8524,Atalanta,0,2,2026-01-07T17:30:00Z,finished,19,/matches/atalanta-vs-bologna/2sl6d8#4803218,2026-05-12T01:56:48.202262+00:00
4803223,55,Serie A,2025/2026,9875,Napoli,9876,Hellas Verona,2,2,2026-01-07T17:30:00Z,finished,19,/matches/napoli-vs-hellas-verona/3851k0#4803223,2026-05-12T01:56:48.202262+00:00
4803220,55,Serie A,2025/2026,8543,Lazio,8535,Fiorentina,2,2,2026-01-07T19:45:00Z,finished,19,/matches/fiorentina-vs-lazio/2etzl8#4803220,2026-05-12T01:56:48.202262+00:00
4803224,55,Serie A,2025/2026,10167,Parma,8636,Inter,0,2,2026-01-07T19:45:00Z,finished,19,/matches/inter-vs-parma/2x9bgq#4803224,2026-05-12T01:56:48.202262+00:00
4803227,55,Serie A,2025/2026,9804,Torino,8600,Udinese,1,2,2026-01-07T19:45:00Z,finished,19,/matches/udinese-vs-torino/2su8qu#4803227,2026-05-12T01:56:48.202262+00:00
4803219,55,Serie A,2025/2026,7801,Cremonese,8529,Cagliari,2,2,2026-01-08T17:30:00Z,finished,19,/matches/cremonese-vs-cagliari/27e6eg#4803219,2026-05-12T01:56:48.202262+00:00
4803222,55,Serie A,2025/2026,8564,Milan,10233,Genoa,1,1,2026-01-08T19:45:00Z,finished,19,/matches/milan-vs-genoa/2x6wdb#4803222,2026-05-12T01:56:48.202262+00:00
4803229,55,Serie A,2025/2026,10171,Como,9857,Bologna,1,1,2026-01-10T14:00:00Z,finished,20,/matches/bologna-vs-como/3bf4pz#4803229,2026-05-12T01:56:48.202262+00:00
4803236,55,Serie A,2025/2026,8600,Udinese,6479,Pisa,2,2,2026-01-10T14:00:00Z,finished,20,/matches/pisa-vs-udinese/1vp2ro#4803236,2026-05-12T01:56:48.202262+00:00
4803235,55,Serie A,2025/2026,8686,Roma,7943,Sassuolo,2,0,2026-01-10T17:00:00Z,finished,20,/matches/sassuolo-vs-roma/2absmd#4803235,2026-05-12T01:56:48.202262+00:00
4803228,55,Serie A,2025/2026,8524,Atalanta,9804,Torino,2,0,2026-01-10T19:45:00Z,finished,20,/matches/atalanta-vs-torino/2s0bp4#4803228,2026-05-12T01:56:48.202262+00:00
4803234,55,Serie A,2025/2026,9888,Lecce,10167,Parma,1,2,2026-01-11T11:30:00Z,finished,20,/matches/lecce-vs-parma/3bqqac#4803234,2026-05-12T01:56:48.202262+00:00
4803230,55,Serie A,2025/2026,8535,Fiorentina,8564,Milan,1,1,2026-01-11T14:00:00Z,finished,20,/matches/fiorentina-vs-milan/2f1oie#4803230,2026-05-12T01:56:48.202262+00:00
4803237,55,Serie A,2025/2026,9876,Hellas Verona,8543,Lazio,0,1,2026-01-11T17:00:00Z,finished,20,/matches/lazio-vs-hellas-verona/2t05wi#4803237,2026-05-12T01:56:48.202262+00:00
4803232,55,Serie A,2025/2026,8636,Inter,9875,Napoli,2,2,2026-01-11T19:45:00Z,finished,20,/matches/inter-vs-napoli/2u0kq3#4803232,2026-05-12T01:56:48.202262+00:00
4803231,55,Serie A,2025/2026,10233,Genoa,8529,Cagliari,3,0,2026-01-12T17:30:00Z,finished,20,/matches/cagliari-vs-genoa/2wst60#4803231,2026-05-12T01:56:48.202262+00:00
4803233,55,Serie A,2025/2026,9885,Juventus,7801,Cremonese,5,0,2026-01-12T19:45:00Z,finished,20,/matches/cremonese-vs-juventus/2l4jdm#4803233,2026-05-12T01:56:48.202262+00:00
4803195,55,Serie A,2025/2026,9875,Napoli,10167,Parma,0,0,2026-01-14T17:30:00Z,finished,16,/matches/napoli-vs-parma/3bl562#4803195,2026-05-12T01:56:48.202262+00:00
4803192,55,Serie A,2025/2026,8636,Inter,9888,Lecce,1,0,2026-01-14T19:45:00Z,finished,16,/matches/inter-vs-lecce/2u5qhi#4803192,2026-05-12T01:56:48.202262+00:00
4803197,55,Serie A,2025/2026,9876,Hellas Verona,9857,Bologna,2,3,2026-01-15T17:30:00Z,finished,16,/matches/bologna-vs-hellas-verona/37xfcr#4803197,2026-05-12T01:56:48.202262+00:00
4803189,55,Serie A,2025/2026,10171,Como,8564,Milan,1,3,2026-01-15T19:45:00Z,finished,16,/matches/milan-vs-como/2whyl8#4803189,2026-05-12T01:56:48.202262+00:00
4803243,55,Serie A,2025/2026,6479,Pisa,8524,Atalanta,1,1,2026-01-16T19:45:00Z,finished,21,/matches/pisa-vs-atalanta/1v0kna#4803243,2026-05-12T01:56:48.202262+00:00
4803245,55,Serie A,2025/2026,8600,Udinese,8636,Inter,0,1,2026-01-17T14:00:00Z,finished,21,/matches/udinese-vs-inter/2gg3e6#4803245,2026-05-12T01:56:48.202262+00:00
4803241,55,Serie A,2025/2026,9875,Napoli,7943,Sassuolo,1,0,2026-01-17T17:00:00Z,finished,21,/matches/sassuolo-vs-napoli/2mirhu#4803241,2026-05-12T01:56:48.202262+00:00
4803247,55,Serie A,2025/2026,8529,Cagliari,9885,Juventus,1,0,2026-01-17T19:45:00Z,finished,21,/matches/cagliari-vs-juventus/2sy6uu#4803247,2026-05-12T01:56:48.202262+00:00
4803242,55,Serie A,2025/2026,10167,Parma,10233,Genoa,0,0,2026-01-18T11:30:00Z,finished,21,/matches/parma-vs-genoa/3fwbbl#4803242,2026-05-12T01:56:48.202262+00:00
4803246,55,Serie A,2025/2026,9857,Bologna,8535,Fiorentina,1,2,2026-01-18T14:00:00Z,finished,21,/matches/fiorentina-vs-bologna/2spifh#4803246,2026-05-12T01:56:48.202262+00:00
4803244,55,Serie A,2025/2026,9804,Torino,8686,Roma,0,2,2026-01-18T17:00:00Z,finished,21,/matches/roma-vs-torino/2ts8vv#4803244,2026-05-12T01:56:48.202262+00:00
4803240,55,Serie A,2025/2026,8564,Milan,9888,Lecce,1,0,2026-01-18T19:45:00Z,finished,21,/matches/milan-vs-lecce/2td7ci#4803240,2026-05-12T01:56:48.202262+00:00
4803238,55,Serie A,2025/2026,7801,Cremonese,9876,Hellas Verona,0,0,2026-01-19T17:30:00Z,finished,21,/matches/cremonese-vs-hellas-verona/2l14kv#4803238,2026-05-12T01:56:48.202262+00:00
4803239,55,Serie A,2025/2026,8543,Lazio,10171,Como,0,3,2026-01-19T19:45:00Z,finished,21,/matches/lazio-vs-como/2w9j5q#4803239,2026-05-12T01:56:48.202262+00:00
4803252,55,Serie A,2025/2026,8636,Inter,6479,Pisa,6,2,2026-01-23T19:45:00Z,finished,22,/matches/pisa-vs-inter/1w0q66#4803252,2026-05-12T01:56:48.202262+00:00
4803249,55,Serie A,2025/2026,10171,Como,9804,Torino,6,0,2026-01-24T14:00:00Z,finished,22,/matches/torino-vs-como/3asep4#4803249,2026-05-12T01:56:48.202262+00:00
4803250,55,Serie A,2025/2026,8535,Fiorentina,8529,Cagliari,1,2,2026-01-24T17:00:00Z,finished,22,/matches/cagliari-vs-fiorentina/2eov63#4803250,2026-05-12T01:56:48.202262+00:00
4803254,55,Serie A,2025/2026,9888,Lecce,8543,Lazio,0,0,2026-01-24T19:45:00Z,finished,22,/matches/lazio-vs-lecce/2t4wio#4803254,2026-05-12T01:56:48.202262+00:00
4803256,55,Serie A,2025/2026,7943,Sassuolo,7801,Cremonese,1,0,2026-01-25T11:30:00Z,finished,22,/matches/cremonese-vs-sassuolo/21sqfb#4803256,2026-05-12T01:56:48.202262+00:00
4803248,55,Serie A,2025/2026,8524,Atalanta,10167,Parma,4,0,2026-01-25T14:00:00Z,finished,22,/matches/atalanta-vs-parma/2w0b82#4803248,2026-05-12T01:56:48.202262+00:00
4803251,55,Serie A,2025/2026,10233,Genoa,9857,Bologna,3,2,2026-01-25T14:00:00Z,finished,22,/matches/bologna-vs-genoa/3c5scw#4803251,2026-05-12T01:56:48.202262+00:00
4803253,55,Serie A,2025/2026,9885,Juventus,9875,Napoli,3,0,2026-01-25T17:00:00Z,finished,22,/matches/napoli-vs-juventus/388ur9#4803253,2026-05-12T01:56:48.202262+00:00
4803255,55,Serie A,2025/2026,8686,Roma,8564,Milan,1,1,2026-01-25T19:45:00Z,finished,22,/matches/milan-vs-roma/2gl9pd#4803255,2026-05-12T01:56:48.202262+00:00
4803257,55,Serie A,2025/2026,9876,Hellas Verona,8600,Udinese,1,3,2026-01-26T19:45:00Z,finished,22,/matches/udinese-vs-hellas-verona/2tmp9u#4803257,2026-05-12T01:56:48.202262+00:00
4803262,55,Serie A,2025/2026,8543,Lazio,10233,Genoa,3,2,2026-01-30T19:45:00Z,finished,23,/matches/lazio-vs-genoa/2wyfxn#4803262,2026-05-12T01:56:48.202262+00:00
4803265,55,Serie A,2025/2026,6479,Pisa,7943,Sassuolo,1,3,2026-01-31T14:00:00Z,finished,23,/matches/pisa-vs-sassuolo/1pxcbo#4803265,2026-05-12T01:56:48.202262+00:00
4803263,55,Serie A,2025/2026,9875,Napoli,8535,Fiorentina,2,1,2026-01-31T17:00:00Z,finished,23,/matches/fiorentina-vs-napoli/2swm0q#4803263,2026-05-12T01:56:48.202262+00:00
4803259,55,Serie A,2025/2026,8529,Cagliari,9876,Hellas Verona,4,0,2026-01-31T19:45:00Z,finished,23,/matches/cagliari-vs-hellas-verona/2sun03#4803259,2026-05-12T01:56:48.202262+00:00
4803266,55,Serie A,2025/2026,9804,Torino,9888,Lecce,1,0,2026-02-01T11:30:00Z,finished,23,/matches/torino-vs-lecce/37g3q6#4803266,2026-05-12T01:56:48.202262+00:00
4803260,55,Serie A,2025/2026,10171,Como,8524,Atalanta,0,0,2026-02-01T14:00:00Z,finished,23,/matches/atalanta-vs-como/2w1wx4#4803260,2026-05-12T01:56:48.202262+00:00
4803261,55,Serie A,2025/2026,7801,Cremonese,8636,Inter,0,2,2026-02-01T17:00:00Z,finished,23,/matches/cremonese-vs-inter/28fr6b#4803261,2026-05-12T01:56:48.202262+00:00
4803264,55,Serie A,2025/2026,10167,Parma,9885,Juventus,1,4,2026-02-01T19:45:00Z,finished,23,/matches/juventus-vs-parma/3bpfv3#4803264,2026-05-12T01:56:48.202262+00:00
4803267,55,Serie A,2025/2026,8600,Udinese,8686,Roma,1,0,2026-02-02T19:45:00Z,finished,23,/matches/udinese-vs-roma/2gyldv#4803267,2026-05-12T01:56:48.202262+00:00
4803258,55,Serie A,2025/2026,9857,Bologna,8564,Milan,0,3,2026-02-03T19:45:00Z,finished,23,/matches/milan-vs-bologna/2t0ybc#4803258,2026-05-12T01:56:48.202262+00:00
4803268,55,Serie A,2025/2026,9876,Hellas Verona,6479,Pisa,0,0,2026-02-06T19:45:00Z,finished,24,/matches/pisa-vs-hellas-verona/27myp6#4803268,2026-05-12T01:56:48.202262+00:00
4803274,55,Serie A,2025/2026,10233,Genoa,9875,Napoli,2,3,2026-02-07T17:00:00Z,finished,24,/matches/napoli-vs-genoa/3cdjj5#4803274,2026-05-12T01:56:48.202262+00:00
4803273,55,Serie A,2025/2026,8535,Fiorentina,9804,Torino,2,2,2026-02-07T19:45:00Z,finished,24,/matches/fiorentina-vs-torino/2s4nb6#4803273,2026-05-12T01:56:48.202262+00:00
4803272,55,Serie A,2025/2026,9857,Bologna,10167,Parma,0,1,2026-02-08T11:30:00Z,finished,24,/matches/bologna-vs-parma/3bdewt#4803272,2026-05-12T01:56:48.202262+00:00
4803276,55,Serie A,2025/2026,9888,Lecce,8600,Udinese,2,1,2026-02-08T14:00:00Z,finished,24,/matches/udinese-vs-lecce/2trgf0#4803276,2026-05-12T01:56:48.202262+00:00
4803269,55,Serie A,2025/2026,7943,Sassuolo,8636,Inter,0,5,2026-02-08T17:00:00Z,finished,24,/matches/sassuolo-vs-inter/29tzz6#4803269,2026-05-12T01:56:48.202262+00:00
4803275,55,Serie A,2025/2026,9885,Juventus,8543,Lazio,2,2,2026-02-08T19:45:00Z,finished,24,/matches/lazio-vs-juventus/2t3pur#4803275,2026-05-12T01:56:48.202262+00:00
4803271,55,Serie A,2025/2026,8524,Atalanta,7801,Cremonese,2,1,2026-02-09T17:30:00Z,finished,24,/matches/cremonese-vs-atalanta/27cfej#4803271,2026-05-12T01:56:48.202262+00:00
4803270,55,Serie A,2025/2026,8686,Roma,8529,Cagliari,2,0,2026-02-09T19:45:00Z,finished,24,/matches/cagliari-vs-roma/2g8cb2#4803270,2026-05-12T01:56:48.202262+00:00
4803285,55,Serie A,2025/2026,6479,Pisa,8564,Milan,1,2,2026-02-13T19:45:00Z,finished,25,/matches/pisa-vs-milan/1vdgd6#4803285,2026-05-12T01:56:48.202262+00:00
4803279,55,Serie A,2025/2026,10171,Como,8535,Fiorentina,1,2,2026-02-14T14:00:00Z,finished,25,/matches/fiorentina-vs-como/2w6bnm#4803279,2026-05-12T01:56:48.202262+00:00
4803282,55,Serie A,2025/2026,8543,Lazio,8524,Atalanta,0,2,2026-02-14T17:00:00Z,finished,25,/matches/atalanta-vs-lazio/2epyoh#4803282,2026-05-12T01:56:48.202262+00:00
4803281,55,Serie A,2025/2026,8636,Inter,9885,Juventus,3,2,2026-02-14T19:45:00Z,finished,25,/matches/inter-vs-juventus/2u4jlu#4803281,2026-05-12T01:56:48.202262+00:00
4803287,55,Serie A,2025/2026,8600,Udinese,7943,Sassuolo,1,2,2026-02-15T11:30:00Z,finished,25,/matches/sassuolo-vs-udinese/29h7wo#4803287,2026-05-12T01:56:48.202262+00:00
4803280,55,Serie A,2025/2026,7801,Cremonese,10233,Genoa,0,0,2026-02-15T14:00:00Z,finished,25,/matches/cremonese-vs-genoa/2otpn8#4803280,2026-05-12T01:56:48.202262+00:00
4803284,55,Serie A,2025/2026,10167,Parma,9876,Hellas Verona,2,1,2026-02-15T14:00:00Z,finished,25,/matches/hellas-verona-vs-parma/3blkmu#4803284,2026-05-12T01:56:48.202262+00:00
4803286,55,Serie A,2025/2026,9804,Torino,9857,Bologna,1,2,2026-02-15T17:00:00Z,finished,25,/matches/torino-vs-bologna/373118#4803286,2026-05-12T01:56:48.202262+00:00
4803283,55,Serie A,2025/2026,9875,Napoli,8686,Roma,2,2,2026-02-15T19:45:00Z,finished,25,/matches/roma-vs-napoli/2ukfv8#4803283,2026-05-12T01:56:48.202262+00:00
4803278,55,Serie A,2025/2026,8529,Cagliari,9888,Lecce,0,2,2026-02-16T19:45:00Z,finished,25,/matches/cagliari-vs-lecce/2szdhl#4803278,2026-05-12T01:56:48.202262+00:00
4803277,55,Serie A,2025/2026,8564,Milan,10171,Como,1,1,2026-02-18T19:45:00Z,finished,24,/matches/milan-vs-como/2whyl8#4803277,2026-05-12T01:56:48.202262+00:00
4803297,55,Serie A,2025/2026,7943,Sassuolo,9876,Hellas Verona,3,0,2026-02-20T19:45:00Z,finished,26,/matches/sassuolo-vs-hellas-verona/2mj58u#4803297,2026-05-12T01:56:48.202262+00:00
4803293,55,Serie A,2025/2026,9885,Juventus,10171,Como,0,2,2026-02-21T14:00:00Z,finished,26,/matches/juventus-vs-como/3br5rd#4803293,2026-05-12T01:56:48.202262+00:00
4803294,55,Serie A,2025/2026,9888,Lecce,8636,Inter,0,2,2026-02-21T17:00:00Z,finished,26,/matches/inter-vs-lecce/2u5qhi#4803294,2026-05-12T01:56:48.202262+00:00
4803290,55,Serie A,2025/2026,8529,Cagliari,8543,Lazio,0,0,2026-02-21T19:45:00Z,finished,26,/matches/cagliari-vs-lazio/2ersjb#4803290,2026-05-12T01:56:48.202262+00:00
4803292,55,Serie A,2025/2026,10233,Genoa,9804,Torino,3,0,2026-02-22T11:30:00Z,finished,26,/matches/torino-vs-genoa/3bizsr#4803292,2026-05-12T01:56:48.202262+00:00
4803288,55,Serie A,2025/2026,8524,Atalanta,9875,Napoli,2,1,2026-02-22T14:00:00Z,finished,26,/matches/atalanta-vs-napoli/2ss9sz#4803288,2026-05-12T01:56:48.202262+00:00
4803295,55,Serie A,2025/2026,8564,Milan,10167,Parma,0,1,2026-02-22T17:00:00Z,finished,26,/matches/milan-vs-parma/2wgcrq#4803295,2026-05-12T01:56:48.202262+00:00
4803296,55,Serie A,2025/2026,8686,Roma,7801,Cremonese,3,0,2026-02-22T19:45:00Z,finished,26,/matches/cremonese-vs-roma/28xeca#4803296,2026-05-12T01:56:48.202262+00:00
4803291,55,Serie A,2025/2026,8535,Fiorentina,6479,Pisa,1,0,2026-02-23T17:30:00Z,finished,26,/matches/pisa-vs-fiorentina/1v441o#4803291,2026-05-12T01:56:48.202262+00:00
4803289,55,Serie A,2025/2026,9857,Bologna,8600,Udinese,1,0,2026-02-23T19:45:00Z,finished,26,/matches/udinese-vs-bologna/2tf6iu#4803289,2026-05-12T01:56:48.202262+00:00
4803300,55,Serie A,2025/2026,10167,Parma,8529,Cagliari,1,1,2026-02-27T19:45:00Z,finished,27,/matches/cagliari-vs-parma/2w2bcl#4803300,2026-05-12T01:56:48.202262+00:00
4803307,55,Serie A,2025/2026,10171,Como,9888,Lecce,3,1,2026-02-28T14:00:00Z,finished,27,/matches/lecce-vs-como/3bsg6y#4803307,2026-05-12T01:56:48.202262+00:00
4803303,55,Serie A,2025/2026,9876,Hellas Verona,9875,Napoli,1,2,2026-02-28T17:00:00Z,finished,27,/matches/napoli-vs-hellas-verona/3851k0#4803303,2026-05-12T01:56:48.202262+00:00
4803299,55,Serie A,2025/2026,8636,Inter,10233,Genoa,2,0,2026-02-28T19:45:00Z,finished,27,/matches/inter-vs-genoa/2xzyqb#4803299,2026-05-12T01:56:48.202262+00:00
4803298,55,Serie A,2025/2026,7801,Cremonese,8564,Milan,0,2,2026-03-01T11:30:00Z,finished,27,/matches/cremonese-vs-milan/27qfxb#4803298,2026-05-12T01:56:48.202262+00:00
4803306,55,Serie A,2025/2026,7943,Sassuolo,8524,Atalanta,2,1,2026-03-01T14:00:00Z,finished,27,/matches/sassuolo-vs-atalanta/28qbxm#4803306,2026-05-12T01:56:48.202262+00:00
4803305,55,Serie A,2025/2026,9804,Torino,8543,Lazio,2,0,2026-03-01T17:00:00Z,finished,27,/matches/lazio-vs-torino/2s7sji#4803305,2026-05-12T01:56:48.202262+00:00
4803302,55,Serie A,2025/2026,8686,Roma,9885,Juventus,3,3,2026-03-01T19:45:00Z,finished,27,/matches/roma-vs-juventus/2uof4v#4803302,2026-05-12T01:56:48.202262+00:00
4803301,55,Serie A,2025/2026,6479,Pisa,9857,Bologna,0,1,2026-03-02T17:30:00Z,finished,27,/matches/pisa-vs-bologna/27gb1l#4803301,2026-05-12T01:56:48.202262+00:00
4803304,55,Serie A,2025/2026,8600,Udinese,8535,Fiorentina,3,0,2026-03-02T19:45:00Z,finished,27,/matches/fiorentina-vs-udinese/2few0w#4803304,2026-05-12T01:56:48.202262+00:00
4803308,55,Serie A,2025/2026,9875,Napoli,9804,Torino,2,1,2026-03-06T19:45:00Z,finished,28,/matches/torino-vs-napoli/37am8z#4803308,2026-05-12T01:56:48.202262+00:00
4803310,55,Serie A,2025/2026,8529,Cagliari,10171,Como,1,2,2026-03-07T14:00:00Z,finished,28,/matches/cagliari-vs-como/2w3x27#4803310,2026-05-12T01:56:48.202262+00:00
4803309,55,Serie A,2025/2026,8524,Atalanta,8600,Udinese,2,2,2026-03-07T17:00:00Z,finished,28,/matches/atalanta-vs-udinese/2faumq#4803309,2026-05-12T01:56:48.202262+00:00
4803313,55,Serie A,2025/2026,9885,Juventus,6479,Pisa,4,0,2026-03-07T19:45:00Z,finished,28,/matches/pisa-vs-juventus/27q4bf#4803313,2026-05-12T01:56:48.202262+00:00
4803315,55,Serie A,2025/2026,9888,Lecce,7801,Cremonese,2,1,2026-03-08T11:30:00Z,finished,28,/matches/cremonese-vs-lecce/2l5obp#4803315,2026-05-12T01:56:48.202262+00:00
4803317,55,Serie A,2025/2026,9857,Bologna,9876,Hellas Verona,1,2,2026-03-08T14:00:00Z,finished,28,/matches/bologna-vs-hellas-verona/37xfcr#4803317,2026-05-12T01:56:48.202262+00:00
4803311,55,Serie A,2025/2026,8535,Fiorentina,10167,Parma,0,0,2026-03-08T14:00:00Z,finished,28,/matches/fiorentina-vs-parma/2w4pxc#4803311,2026-05-12T01:56:48.202262+00:00
4803312,55,Serie A,2025/2026,10233,Genoa,8686,Roma,2,1,2026-03-08T17:00:00Z,finished,28,/matches/roma-vs-genoa/2yk7q2#4803312,2026-05-12T01:56:48.202262+00:00
4803316,55,Serie A,2025/2026,8564,Milan,8636,Inter,1,0,2026-03-08T19:45:00Z,finished,28,/matches/milan-vs-inter/2g2t3o#4803316,2026-05-12T01:56:48.202262+00:00
4803314,55,Serie A,2025/2026,8543,Lazio,7943,Sassuolo,2,1,2026-03-09T19:45:00Z,finished,28,/matches/sassuolo-vs-lazio/28x1ic#4803314,2026-05-12T01:56:48.202262+00:00
4803325,55,Serie A,2025/2026,9804,Torino,10167,Parma,4,1,2026-03-13T19:45:00Z,finished,29,/matches/torino-vs-parma/3aqp1u#4803325,2026-05-12T01:56:48.202262+00:00
4803320,55,Serie A,2025/2026,8636,Inter,8524,Atalanta,1,1,2026-03-14T14:00:00Z,finished,29,/matches/atalanta-vs-inter/2fo2u8#4803320,2026-05-12T01:56:48.202262+00:00
4803322,55,Serie A,2025/2026,9875,Napoli,9888,Lecce,2,1,2026-03-14T17:00:00Z,finished,29,/matches/napoli-vs-lecce/38a4i6#4803322,2026-05-12T01:56:48.202262+00:00
4803326,55,Serie A,2025/2026,8600,Udinese,9885,Juventus,0,1,2026-03-14T19:45:00Z,finished,29,/matches/udinese-vs-juventus/2tq9mc#4803326,2026-05-12T01:56:48.202262+00:00
4803327,55,Serie A,2025/2026,9876,Hellas Verona,10233,Genoa,0,2,2026-03-15T11:30:00Z,finished,29,/matches/hellas-verona-vs-genoa/3cdz1r#4803327,2026-05-12T01:56:48.202262+00:00
4803323,55,Serie A,2025/2026,6479,Pisa,8529,Cagliari,3,1,2026-03-15T14:00:00Z,finished,29,/matches/pisa-vs-cagliari/1v26jl#4803323,2026-05-12T01:56:48.202262+00:00
4803324,55,Serie A,2025/2026,7943,Sassuolo,9857,Bologna,0,1,2026-03-15T14:00:00Z,finished,29,/matches/sassuolo-vs-bologna/2mbw4l#4803324,2026-05-12T01:56:48.202262+00:00
4803318,55,Serie A,2025/2026,10171,Como,8686,Roma,2,1,2026-03-15T17:00:00Z,finished,29,/matches/roma-vs-como/2xv43v#4803318,2026-05-12T01:56:48.202262+00:00
4803321,55,Serie A,2025/2026,8543,Lazio,8564,Milan,1,0,2026-03-15T19:45:00Z,finished,29,/matches/lazio-vs-milan/2f4m36#4803321,2026-05-12T01:56:48.202262+00:00
4803319,55,Serie A,2025/2026,7801,Cremonese,8535,Fiorentina,1,4,2026-03-16T19:45:00Z,finished,29,/matches/cremonese-vs-fiorentina/27ga0v#4803319,2026-05-12T01:56:48.202262+00:00
4803330,55,Serie A,2025/2026,8529,Cagliari,9875,Napoli,0,1,2026-03-20T17:30:00Z,finished,30,/matches/cagliari-vs-napoli/2su8st#4803330,2026-05-12T01:56:48.202262+00:00
4803333,55,Serie A,2025/2026,10233,Genoa,8600,Udinese,0,2,2026-03-20T19:45:00Z,finished,30,/matches/udinese-vs-genoa/2xlf1t#4803333,2026-05-12T01:56:48.202262+00:00
4803336,55,Serie A,2025/2026,10167,Parma,7801,Cremonese,0,2,2026-03-21T14:00:00Z,finished,30,/matches/cremonese-vs-parma/2o48wh#4803336,2026-05-12T01:56:48.202262+00:00
4803335,55,Serie A,2025/2026,8564,Milan,9804,Torino,3,2,2026-03-21T17:00:00Z,finished,30,/matches/milan-vs-torino/2sg20c#4803335,2026-05-12T01:56:48.202262+00:00
4803334,55,Serie A,2025/2026,9885,Juventus,7943,Sassuolo,1,1,2026-03-21T19:45:00Z,finished,30,/matches/sassuolo-vs-juventus/2mml13#4803334,2026-05-12T01:56:48.202262+00:00
4803331,55,Serie A,2025/2026,10171,Como,6479,Pisa,5,0,2026-03-22T11:30:00Z,finished,30,/matches/pisa-vs-como/2aj8jq#4803331,2026-05-12T01:56:48.202262+00:00
4803328,55,Serie A,2025/2026,8524,Atalanta,9876,Hellas Verona,1,0,2026-03-22T14:00:00Z,finished,30,/matches/atalanta-vs-hellas-verona/2sso04#4803328,2026-05-12T01:56:48.202262+00:00
4803329,55,Serie A,2025/2026,9857,Bologna,8543,Lazio,0,2,2026-03-22T14:00:00Z,finished,30,/matches/lazio-vs-bologna/2ssnzl#4803329,2026-05-12T01:56:48.202262+00:00
4803337,55,Serie A,2025/2026,8686,Roma,9888,Lecce,1,0,2026-03-22T17:00:00Z,finished,30,/matches/roma-vs-lecce/2upm4p#4803337,2026-05-12T01:56:48.202262+00:00
4803332,55,Serie A,2025/2026,8535,Fiorentina,8636,Inter,1,1,2026-03-22T19:45:00Z,finished,30,/matches/fiorentina-vs-inter/2fs4je#4803332,2026-05-12T01:56:48.202262+00:00
4803345,55,Serie A,2025/2026,7943,Sassuolo,8529,Cagliari,2,1,2026-04-04T13:00:00Z,finished,31,/matches/sassuolo-vs-cagliari/28s3h9#4803345,2026-05-12T01:56:48.202262+00:00
4803347,55,Serie A,2025/2026,9876,Hellas Verona,8535,Fiorentina,0,1,2026-04-04T16:00:00Z,finished,31,/matches/fiorentina-vs-hellas-verona/2sx086#4803347,2026-05-12T01:56:48.202262+00:00
4803341,55,Serie A,2025/2026,8543,Lazio,10167,Parma,1,1,2026-04-04T18:45:00Z,finished,31,/matches/lazio-vs-parma/2w7xek#4803341,2026-05-12T01:56:48.202262+00:00
4803338,55,Serie A,2025/2026,7801,Cremonese,9857,Bologna,1,2,2026-04-05T13:00:00Z,finished,31,/matches/cremonese-vs-bologna/2ktxjk#4803338,2026-05-12T01:56:48.202262+00:00
4803344,55,Serie A,2025/2026,6479,Pisa,9804,Torino,0,1,2026-04-05T16:00:00Z,finished,31,/matches/pisa-vs-torino/26xs06#4803344,2026-05-12T01:56:48.202262+00:00
4803339,55,Serie A,2025/2026,8636,Inter,8686,Roma,5,2,2026-04-05T18:45:00Z,finished,31,/matches/inter-vs-roma/2hby2d#4803339,2026-05-12T01:56:48.202262+00:00
4803346,55,Serie A,2025/2026,8600,Udinese,10171,Como,0,0,2026-04-06T10:30:00Z,finished,31,/matches/udinese-vs-como/2wwfjq#4803346,2026-05-12T01:56:48.202262+00:00
4803342,55,Serie A,2025/2026,9888,Lecce,8524,Atalanta,0,3,2026-04-06T13:00:00Z,finished,31,/matches/atalanta-vs-lecce/2sxefy#4803342,2026-05-12T01:56:48.202262+00:00
4803340,55,Serie A,2025/2026,9885,Juventus,10233,Genoa,2,0,2026-04-06T16:00:00Z,finished,31,/matches/juventus-vs-genoa/3chuqi#4803340,2026-05-12T01:56:48.202262+00:00
4803343,55,Serie A,2025/2026,9875,Napoli,8564,Milan,1,0,2026-04-06T18:45:00Z,finished,31,/matches/milan-vs-napoli/2t82b3#4803343,2026-05-12T01:56:48.202262+00:00
4803356,55,Serie A,2025/2026,8686,Roma,6479,Pisa,3,0,2026-04-10T18:45:00Z,finished,32,/matches/pisa-vs-roma/1wgyc1#4803356,2026-05-12T01:56:48.202262+00:00
4803350,55,Serie A,2025/2026,8529,Cagliari,7801,Cremonese,1,0,2026-04-11T13:00:00Z,finished,32,/matches/cremonese-vs-cagliari/27e6eg#4803350,2026-05-12T01:56:48.202262+00:00
4803357,55,Serie A,2025/2026,9804,Torino,9876,Hellas Verona,2,1,2026-04-11T13:00:00Z,finished,32,/matches/torino-vs-hellas-verona/37b1fo#4803357,2026-05-12T01:56:48.202262+00:00
4803354,55,Serie A,2025/2026,8564,Milan,8600,Udinese,0,3,2026-04-11T16:00:00Z,finished,32,/matches/milan-vs-udinese/2fpjs6#4803354,2026-05-12T01:56:48.202262+00:00
4803348,55,Serie A,2025/2026,8524,Atalanta,9885,Juventus,0,1,2026-04-11T18:45:00Z,finished,32,/matches/atalanta-vs-juventus/2sw7tm#4803348,2026-05-12T01:56:48.202262+00:00
4803353,55,Serie A,2025/2026,10233,Genoa,7943,Sassuolo,2,1,2026-04-12T10:30:00Z,finished,32,/matches/sassuolo-vs-genoa/2qctjb#4803353,2026-05-12T01:56:48.202262+00:00
4803355,55,Serie A,2025/2026,10167,Parma,9875,Napoli,1,1,2026-04-12T13:00:00Z,finished,32,/matches/napoli-vs-parma/3bl562#4803355,2026-05-12T01:56:48.202262+00:00
4803349,55,Serie A,2025/2026,9857,Bologna,9888,Lecce,2,0,2026-04-12T16:00:00Z,finished,32,/matches/bologna-vs-lecce/382i4x#4803349,2026-05-12T01:56:48.202262+00:00
4803351,55,Serie A,2025/2026,10171,Como,8636,Inter,3,4,2026-04-12T18:45:00Z,finished,32,/matches/inter-vs-como/2xaxi8#4803351,2026-05-12T01:56:48.202262+00:00
4803352,55,Serie A,2025/2026,8535,Fiorentina,8543,Lazio,1,0,2026-04-13T18:45:00Z,finished,32,/matches/fiorentina-vs-lazio/2etzl8#4803352,2026-05-12T01:56:48.202262+00:00
4803364,55,Serie A,2025/2026,7943,Sassuolo,10171,Como,2,1,2026-04-17T16:30:00Z,finished,33,/matches/sassuolo-vs-como/2popgq#4803364,2026-05-12T01:56:48.202262+00:00
4803358,55,Serie A,2025/2026,8636,Inter,8529,Cagliari,3,0,2026-04-17T18:45:00Z,finished,33,/matches/cagliari-vs-inter/2fpx1z#4803358,2026-05-12T01:56:48.202262+00:00
4803365,55,Serie A,2025/2026,8600,Udinese,10167,Parma,0,1,2026-04-18T13:00:00Z,finished,33,/matches/udinese-vs-parma/2wutm8#4803365,2026-05-12T01:56:48.202262+00:00
4803361,55,Serie A,2025/2026,9875,Napoli,8543,Lazio,0,2,2026-04-18T16:00:00Z,finished,33,/matches/lazio-vs-napoli/2szrou#4803361,2026-05-12T01:56:48.202262+00:00
4803363,55,Serie A,2025/2026,8686,Roma,8524,Atalanta,1,1,2026-04-18T18:45:00Z,finished,33,/matches/atalanta-vs-roma/2g6hwd#4803363,2026-05-12T01:56:48.202262+00:00
4803367,55,Serie A,2025/2026,7801,Cremonese,9804,Torino,0,0,2026-04-19T10:30:00Z,finished,33,/matches/cremonese-vs-torino/2k9wfv#4803367,2026-05-12T01:56:48.202262+00:00
4803366,55,Serie A,2025/2026,9876,Hellas Verona,8564,Milan,0,1,2026-04-19T13:00:00Z,finished,33,/matches/milan-vs-hellas-verona/2t8gjc#4803366,2026-05-12T01:56:48.202262+00:00
4803362,55,Serie A,2025/2026,6479,Pisa,10233,Genoa,1,2,2026-04-19T16:00:00Z,finished,33,/matches/pisa-vs-genoa/2b5ekz#4803362,2026-05-12T01:56:48.202262+00:00
4803359,55,Serie A,2025/2026,9885,Juventus,9857,Bologna,2,0,2026-04-19T18:45:00Z,finished,33,/matches/bologna-vs-juventus/3818fi#4803359,2026-05-12T01:56:48.202262+00:00
4803360,55,Serie A,2025/2026,9888,Lecce,8535,Fiorentina,1,1,2026-04-20T18:45:00Z,finished,33,/matches/fiorentina-vs-lecce/2t1qro#4803360,2026-05-12T01:56:48.202262+00:00
4803374,55,Serie A,2025/2026,9875,Napoli,7801,Cremonese,4,0,2026-04-24T18:45:00Z,finished,34,/matches/cremonese-vs-napoli/2l0qxt#4803374,2026-05-12T01:56:48.202262+00:00
4803375,55,Serie A,2025/2026,10167,Parma,6479,Pisa,1,0,2026-04-25T13:00:00Z,finished,34,/matches/pisa-vs-parma/2aht5w#4803375,2026-05-12T01:56:48.202262+00:00
4803368,55,Serie A,2025/2026,9857,Bologna,8686,Roma,0,2,2026-04-25T16:00:00Z,finished,34,/matches/roma-vs-bologna/2uda6h#4803368,2026-05-12T01:56:48.202262+00:00
4803377,55,Serie A,2025/2026,9876,Hellas Verona,9888,Lecce,0,0,2026-04-25T18:45:00Z,finished,34,/matches/hellas-verona-vs-lecce/38ajr6#4803377,2026-05-12T01:56:48.202262+00:00
4803370,55,Serie A,2025/2026,8535,Fiorentina,7943,Sassuolo,0,0,2026-04-26T10:30:00Z,finished,34,/matches/sassuolo-vs-fiorentina/28u7rc#4803370,2026-05-12T01:56:48.202262+00:00
4803371,55,Serie A,2025/2026,10233,Genoa,10171,Como,0,2,2026-04-26T13:00:00Z,finished,34,/matches/como-vs-genoa/3fy2aj#4803371,2026-05-12T01:56:48.202262+00:00
4803376,55,Serie A,2025/2026,9804,Torino,8636,Inter,2,2,2026-04-26T16:00:00Z,finished,34,/matches/inter-vs-torino/2t8ghc#4803376,2026-05-12T01:56:48.202262+00:00
4803373,55,Serie A,2025/2026,8564,Milan,9885,Juventus,0,0,2026-04-26T18:45:00Z,finished,34,/matches/milan-vs-juventus/2tc0mu#4803373,2026-05-12T01:56:48.202262+00:00
4803369,55,Serie A,2025/2026,8529,Cagliari,8524,Atalanta,3,2,2026-04-27T16:30:00Z,finished,34,/matches/atalanta-vs-cagliari/2ekudg#4803369,2026-05-12T01:56:48.202262+00:00
4803372,55,Serie A,2025/2026,8543,Lazio,8600,Udinese,3,3,2026-04-27T18:45:00Z,finished,34,/matches/lazio-vs-udinese/2fhtto#4803372,2026-05-12T01:56:48.202262+00:00
4803384,55,Serie A,2025/2026,6479,Pisa,9888,Lecce,1,2,2026-05-01T18:45:00Z,finished,35,/matches/pisa-vs-lecce/27r67c#4803384,2026-05-12T01:56:48.202262+00:00
4803387,55,Serie A,2025/2026,8600,Udinese,9804,Torino,2,0,2026-05-02T13:00:00Z,finished,35,/matches/udinese-vs-torino/2su8qu#4803387,2026-05-12T01:56:48.202262+00:00
4803380,55,Serie A,2025/2026,10171,Como,9875,Napoli,0,0,2026-05-02T16:00:00Z,finished,35,/matches/napoli-vs-como/3bmv18#4803380,2026-05-12T01:56:48.202262+00:00
4803378,55,Serie A,2025/2026,8524,Atalanta,10233,Genoa,0,0,2026-05-02T18:45:00Z,finished,35,/matches/atalanta-vs-genoa/2wqssb#4803378,2026-05-12T01:56:48.202262+00:00
4803379,55,Serie A,2025/2026,9857,Bologna,8529,Cagliari,0,0,2026-05-03T10:30:00Z,finished,35,/matches/cagliari-vs-bologna/2sn5ak#4803379,2026-05-12T01:56:48.202262+00:00
4803386,55,Serie A,2025/2026,7943,Sassuolo,8564,Milan,2,0,2026-05-03T13:00:00Z,finished,35,/matches/sassuolo-vs-milan/294gu6#4803386,2026-05-12T01:56:48.202262+00:00
4803383,55,Serie A,2025/2026,9885,Juventus,9876,Hellas Verona,1,1,2026-05-03T16:00:00Z,finished,35,/matches/hellas-verona-vs-juventus/389a06#4803383,2026-05-12T01:56:48.202262+00:00
4803382,55,Serie A,2025/2026,8636,Inter,10167,Parma,2,0,2026-05-03T18:45:00Z,finished,35,/matches/inter-vs-parma/2x9bgq#4803382,2026-05-12T01:56:48.202262+00:00
4803381,55,Serie A,2025/2026,7801,Cremonese,8543,Lazio,1,2,2026-05-04T16:30:00Z,finished,35,/matches/cremonese-vs-lazio/27j2wb#4803381,2026-05-12T01:56:48.202262+00:00
4803385,55,Serie A,2025/2026,8686,Roma,8535,Fiorentina,4,0,2026-05-04T18:45:00Z,finished,35,/matches/fiorentina-vs-roma/2gak0t#4803385,2026-05-12T01:56:48.202262+00:00
4803397,55,Serie A,2025/2026,9804,Torino,7943,Sassuolo,2,1,2026-05-08T18:45:00Z,finished,36,/matches/sassuolo-vs-torino/2lrp7u#4803397,2026-05-12T01:56:48.202262+00:00
4803389,55,Serie A,2025/2026,8529,Cagliari,8600,Udinese,0,2,2026-05-09T13:00:00Z,finished,36,/matches/cagliari-vs-udinese/2fcoph#4803389,2026-05-12T01:56:48.202262+00:00
4803392,55,Serie A,2025/2026,8543,Lazio,8636,Inter,0,3,2026-05-09T16:00:00Z,finished,36,/matches/lazio-vs-inter/2fv2k6#4803392,2026-05-12T01:56:48.202262+00:00
4803393,55,Serie A,2025/2026,9888,Lecce,9885,Juventus,0,1,2026-05-09T18:45:00Z,finished,36,/matches/juventus-vs-lecce/38ed1f#4803393,2026-05-12T01:56:48.202262+00:00
4803388,55,Serie A,2025/2026,9876,Hellas Verona,10171,Como,0,1,2026-05-10T10:30:00Z,finished,36,/matches/hellas-verona-vs-como/3bnai4#4803388,2026-05-12T01:56:48.202262+00:00
4803390,55,Serie A,2025/2026,7801,Cremonese,6479,Pisa,3,0,2026-05-10T13:00:00Z,finished,36,/matches/pisa-vs-cremonese/1opnr1#4803390,2026-05-12T01:56:48.202262+00:00
4803391,55,Serie A,2025/2026,8535,Fiorentina,10233,Genoa,0,0,2026-05-10T13:00:00Z,finished,36,/matches/fiorentina-vs-genoa/2wv81r#4803391,2026-05-12T01:56:48.202262+00:00
4803396,55,Serie A,2025/2026,10167,Parma,8686,Roma,2,3,2026-05-10T16:00:00Z,finished,36,/matches/roma-vs-parma/2xthwt#4803396,2026-05-12T01:56:48.202262+00:00
4803394,55,Serie A,2025/2026,8564,Milan,8524,Atalanta,2,3,2026-05-10T18:45:00Z,finished,36,/matches/atalanta-vs-milan/2exnf8#4803394,2026-05-12T01:56:48.202262+00:00
4803395,55,Serie A,2025/2026,9875,Napoli,9857,Bologna,2,3,2026-05-11T18:45:00Z,finished,36,/matches/bologna-vs-napoli/37x04l#4803395,2026-05-12T01:56:48.202262+00:00
4803398,55,Serie A,2025/2026,8524,Atalanta,9857,Bologna,,,2026-05-17T16:00:00Z,upcoming,37,/matches/atalanta-vs-bologna/2sl6d8#4803398,2026-05-12T01:56:48.202262+00:00
4803399,55,Serie A,2025/2026,8529,Cagliari,9804,Torino,,,2026-05-17T16:00:00Z,upcoming,37,/matches/cagliari-vs-torino/2s2af3#4803399,2026-05-12T01:56:48.202262+00:00
4803400,55,Serie A,2025/2026,10171,Como,10167,Parma,,,2026-05-17T16:00:00Z,upcoming,37,/matches/parma-vs-como/3f58t2#4803400,2026-05-12T01:56:48.202262+00:00
4803401,55,Serie A,2025/2026,10233,Genoa,8564,Milan,,,2026-05-17T16:00:00Z,upcoming,37,/matches/milan-vs-genoa/2x6wdb#4803401,2026-05-12T01:56:48.202262+00:00
4803402,55,Serie A,2025/2026,8636,Inter,9876,Hellas Verona,,,2026-05-17T16:00:00Z,upcoming,37,/matches/inter-vs-hellas-verona/2u0z0c#4803402,2026-05-12T01:56:48.202262+00:00
4803403,55,Serie A,2025/2026,9885,Juventus,8535,Fiorentina,,,2026-05-17T16:00:00Z,upcoming,37,/matches/fiorentina-vs-juventus/2t0k4f#4803403,2026-05-12T01:56:48.202262+00:00
4803404,55,Serie A,2025/2026,6479,Pisa,9875,Napoli,,,2026-05-17T16:00:00Z,upcoming,37,/matches/pisa-vs-napoli/27mm2u#4803404,2026-05-12T01:56:48.202262+00:00
4803405,55,Serie A,2025/2026,8686,Roma,8543,Lazio,,,2026-05-17T16:00:00Z,upcoming,37,/matches/lazio-vs-roma/2gdicp#4803405,2026-05-12T01:56:48.202262+00:00
4803406,55,Serie A,2025/2026,7943,Sassuolo,9888,Lecce,,,2026-05-17T16:00:00Z,upcoming,37,/matches/sassuolo-vs-lecce/2mnqb0#4803406,2026-05-12T01:56:48.202262+00:00
4803407,55,Serie A,2025/2026,8600,Udinese,7801,Cremonese,,,2026-05-17T16:00:00Z,upcoming,37,/matches/cremonese-vs-udinese/28331t#4803407,2026-05-12T01:56:48.202262+00:00
4803413,55,Serie A,2025/2026,8564,Milan,8529,Cagliari,,,2026-05-24T16:00:00Z,upcoming,38,/matches/cagliari-vs-milan/2ezhcz#4803413,2026-05-12T01:56:48.202262+00:00
4803408,55,Serie A,2025/2026,9857,Bologna,8636,Inter,,,2026-05-24T16:00:00Z,upcoming,38,/matches/inter-vs-bologna/2ttfqc#4803408,2026-05-12T01:56:48.202262+00:00
4803409,55,Serie A,2025/2026,7801,Cremonese,10171,Como,,,2026-05-24T16:00:00Z,upcoming,38,/matches/cremonese-vs-como/2o5sd7#4803409,2026-05-12T01:56:48.202262+00:00
4803410,55,Serie A,2025/2026,8535,Fiorentina,8524,Atalanta,,,2026-05-24T16:00:00Z,upcoming,38,/matches/atalanta-vs-fiorentina/2en1cd#4803410,2026-05-12T01:56:48.202262+00:00
4803417,55,Serie A,2025/2026,9876,Hellas Verona,8686,Roma,,,2026-05-24T16:00:00Z,upcoming,38,/matches/roma-vs-hellas-verona/2uku6v#4803417,2026-05-12T01:56:48.202262+00:00
4803411,55,Serie A,2025/2026,8543,Lazio,6479,Pisa,,,2026-05-24T16:00:00Z,upcoming,38,/matches/pisa-vs-lazio/1v6orc#4803411,2026-05-12T01:56:48.202262+00:00
4803412,55,Serie A,2025/2026,9888,Lecce,10233,Genoa,,,2026-05-24T16:00:00Z,upcoming,38,/matches/lecce-vs-genoa/3cj5b9#4803412,2026-05-12T01:56:48.202262+00:00
4803415,55,Serie A,2025/2026,10167,Parma,7943,Sassuolo,,,2026-05-24T16:00:00Z,upcoming,38,/matches/sassuolo-vs-parma/2pn5k8#4803415,2026-05-12T01:56:48.202262+00:00
4803414,55,Serie A,2025/2026,9875,Napoli,8600,Udinese,,,2026-05-24T16:00:00Z,upcoming,38,/matches/udinese-vs-napoli/2tmb0l#4803414,2026-05-12T01:56:48.202262+00:00
4803416,55,Serie A,2025/2026,9804,Torino,9885,Juventus,,,2026-05-24T16:00:00Z,upcoming,38,/matches/torino-vs-juventus/37eu56#4803416,2026-05-12T01:56:48.202262+00:00
4824901,54,Bundesliga,2025/2026,9823,Bayern München,178475,RB Leipzig,6,0,2025-08-22T18:30:00Z,finished,1,/matches/bayern-munchen-vs-rb-leipzig/856w9cm#4824901,2026-05-12T02:07:12.754437+00:00
4829221,54,Bundesliga,2025/2026,8178,Bayer Leverkusen,8226,Hoffenheim,1,2,2025-08-23T13:30:00Z,finished,1,/matches/bayer-leverkusen-vs-hoffenheim/2844qc#4829221,2026-05-12T02:07:12.754437+00:00
4829222,54,Bundesliga,2025/2026,9810,Eintracht Frankfurt,8697,Werder Bremen,4,1,2025-08-23T13:30:00Z,finished,1,/matches/werder-bremen-vs-eintracht-frankfurt/2tyzjo#4829222,2026-05-12T02:07:12.754437+00:00
4829228,54,Bundesliga,2025/2026,94937,FC Heidenheim,8721,Wolfsburg,1,3,2025-08-23T13:30:00Z,finished,1,/matches/wolfsburg-vs-fc-heidenheim/2guq9fk#4829228,2026-05-12T02:07:12.754437+00:00
4829223,54,Bundesliga,2025/2026,8358,Freiburg,8406,Augsburg,1,3,2025-08-23T13:30:00Z,finished,1,/matches/freiburg-vs-augsburg/2bo3oc#4829223,2026-05-12T02:07:12.754437+00:00
4829226,54,Bundesliga,2025/2026,8149,Union Berlin,10269,VfB Stuttgart,2,1,2025-08-23T13:30:00Z,finished,1,/matches/union-berlin-vs-vfb-stuttgart/2szqcw#4829226,2026-05-12T02:07:12.754437+00:00
4829227,54,Bundesliga,2025/2026,8152,St. Pauli,9789,Borussia Dortmund,3,3,2025-08-23T16:30:00Z,finished,1,/matches/st-pauli-vs-borussia-dortmund/2ntwdg#4829227,2026-05-12T02:07:12.754437+00:00
4829224,54,Bundesliga,2025/2026,9905,Mainz 05,8722,1. FC Köln,0,1,2025-08-24T13:30:00Z,finished,1,/matches/1-fc-koln-vs-mainz-05/2vaqtz#4829224,2026-05-12T02:07:12.754437+00:00
4829225,54,Bundesliga,2025/2026,9788,Borussia Mönchengladbach,9790,Hamburger SV,0,0,2025-08-24T15:30:00Z,finished,1,/matches/borussia-monchengladbach-vs-hamburger-sv/3644gd#4829225,2026-05-12T02:07:12.754437+00:00
4829248,54,Bundesliga,2025/2026,9790,Hamburger SV,8152,St. Pauli,0,2,2025-08-29T18:30:00Z,finished,2,/matches/st-pauli-vs-hamburger-sv/2nua7v#4829248,2026-05-12T02:07:12.754437+00:00
4829246,54,Bundesliga,2025/2026,8226,Hoffenheim,9810,Eintracht Frankfurt,1,3,2025-08-30T13:30:00Z,finished,2,/matches/hoffenheim-vs-eintracht-frankfurt/2ouj10#4829246,2026-05-12T02:07:12.754437+00:00
4829241,54,Bundesliga,2025/2026,178475,RB Leipzig,94937,FC Heidenheim,2,0,2025-08-30T13:30:00Z,finished,2,/matches/fc-heidenheim-vs-rb-leipzig/h65h3hf#4829241,2026-05-12T02:07:12.754437+00:00
4829243,54,Bundesliga,2025/2026,10269,VfB Stuttgart,9788,Borussia Mönchengladbach,1,0,2025-08-30T13:30:00Z,finished,2,/matches/borussia-monchengladbach-vs-vfb-stuttgart/3brl5t#4829243,2026-05-12T02:07:12.754437+00:00
4829242,54,Bundesliga,2025/2026,8697,Werder Bremen,8178,Bayer Leverkusen,3,3,2025-08-30T13:30:00Z,finished,2,/matches/bayer-leverkusen-vs-werder-bremen/2cs4i3#4829242,2026-05-12T02:07:12.754437+00:00
4829245,54,Bundesliga,2025/2026,8406,Augsburg,9823,Bayern München,2,3,2025-08-30T16:30:00Z,finished,2,/matches/augsburg-vs-bayern-munchen/2qxjee#4829245,2026-05-12T02:07:12.754437+00:00
4829244,54,Bundesliga,2025/2026,8721,Wolfsburg,9905,Mainz 05,1,1,2025-08-31T13:30:00Z,finished,2,/matches/wolfsburg-vs-mainz-05/2vacgk#4829244,2026-05-12T02:07:12.754437+00:00
4829240,54,Bundesliga,2025/2026,9789,Borussia Dortmund,8149,Union Berlin,3,0,2025-08-31T15:30:00Z,finished,2,/matches/union-berlin-vs-borussia-dortmund/2nsqug#4829240,2026-05-12T02:07:12.754437+00:00
4829247,54,Bundesliga,2025/2026,8722,1. FC Köln,8358,Freiburg,4,1,2025-08-31T17:30:00Z,finished,2,/matches/freiburg-vs-1-fc-koln/2euq32#4829247,2026-05-12T02:07:12.754437+00:00
4829332,54,Bundesliga,2025/2026,8178,Bayer Leverkusen,9810,Eintracht Frankfurt,3,1,2025-09-12T18:30:00Z,finished,3,/matches/bayer-leverkusen-vs-eintracht-frankfurt/2obzwc#4829332,2026-05-12T02:07:12.754437+00:00
4829339,54,Bundesliga,2025/2026,94937,FC Heidenheim,9789,Borussia Dortmund,0,2,2025-09-13T13:30:00Z,finished,3,/matches/borussia-dortmund-vs-fc-heidenheim/2ioxi2i#4829339,2026-05-12T02:07:12.754437+00:00
4829333,54,Bundesliga,2025/2026,8358,Freiburg,10269,VfB Stuttgart,3,1,2025-09-13T13:30:00Z,finished,3,/matches/freiburg-vs-vfb-stuttgart/2vapn0#4829333,2026-05-12T02:07:12.754437+00:00
4829334,54,Bundesliga,2025/2026,9905,Mainz 05,178475,RB Leipzig,0,1,2025-09-13T13:30:00Z,finished,3,/matches/mainz-05-vs-rb-leipzig/85g39yf#4829334,2026-05-12T02:07:12.754437+00:00
4829337,54,Bundesliga,2025/2026,8149,Union Berlin,8226,Hoffenheim,2,4,2025-09-13T13:30:00Z,finished,3,/matches/union-berlin-vs-hoffenheim/27txza#4829337,2026-05-12T02:07:12.754437+00:00
4829336,54,Bundesliga,2025/2026,8721,Wolfsburg,8722,1. FC Köln,3,3,2025-09-13T13:30:00Z,finished,3,/matches/wolfsburg-vs-1-fc-koln/2il11k#4829336,2026-05-12T02:07:12.754437+00:00
4829331,54,Bundesliga,2025/2026,9823,Bayern München,9790,Hamburger SV,5,0,2025-09-13T16:30:00Z,finished,3,/matches/hamburger-sv-vs-bayern-munchen/36itoy#4829331,2026-05-12T02:07:12.754437+00:00
4829338,54,Bundesliga,2025/2026,8152,St. Pauli,8406,Augsburg,2,1,2025-09-14T13:30:00Z,finished,3,/matches/st-pauli-vs-augsburg/29mjbj#4829338,2026-05-12T02:07:12.754437+00:00
4829335,54,Bundesliga,2025/2026,9788,Borussia Mönchengladbach,8697,Werder Bremen,0,4,2025-09-14T15:30:00Z,finished,3,/matches/werder-bremen-vs-borussia-monchengladbach/2tq9jn#4829335,2026-05-12T02:07:12.754437+00:00
4829349,54,Bundesliga,2025/2026,10269,VfB Stuttgart,8152,St. Pauli,2,0,2025-09-19T18:30:00Z,finished,4,/matches/st-pauli-vs-vfb-stuttgart/2t0wzz#4829349,2026-05-12T02:07:12.754437+00:00
4829342,54,Bundesliga,2025/2026,8406,Augsburg,9905,Mainz 05,1,4,2025-09-20T13:30:00Z,finished,4,/matches/augsburg-vs-mainz-05/2rtngt#4829342,2026-05-12T02:07:12.754437+00:00
4829346,54,Bundesliga,2025/2026,9790,Hamburger SV,94937,FC Heidenheim,2,1,2025-09-20T13:30:00Z,finished,4,/matches/hamburger-sv-vs-fc-heidenheim/2iozqvm#4829346,2026-05-12T02:07:12.754437+00:00
4829347,54,Bundesliga,2025/2026,8226,Hoffenheim,9823,Bayern München,1,4,2025-09-20T13:30:00Z,finished,4,/matches/hoffenheim-vs-bayern-munchen/2ozk0w#4829347,2026-05-12T02:07:12.754437+00:00
4829350,54,Bundesliga,2025/2026,8697,Werder Bremen,8358,Freiburg,0,3,2025-09-20T13:30:00Z,finished,4,/matches/freiburg-vs-werder-bremen/2elktl#4829350,2026-05-12T02:07:12.754437+00:00
4829348,54,Bundesliga,2025/2026,178475,RB Leipzig,8722,1. FC Köln,3,1,2025-09-20T16:30:00Z,finished,4,/matches/1-fc-koln-vs-rb-leipzig/81rtpmd#4829348,2026-05-12T02:07:12.754437+00:00
4829345,54,Bundesliga,2025/2026,9810,Eintracht Frankfurt,8149,Union Berlin,3,4,2025-09-21T13:30:00Z,finished,4,/matches/union-berlin-vs-eintracht-frankfurt/2o0tpa#4829345,2026-05-12T02:07:12.754437+00:00
4829343,54,Bundesliga,2025/2026,8178,Bayer Leverkusen,9788,Borussia Mönchengladbach,1,1,2025-09-21T15:30:00Z,finished,4,/matches/bayer-leverkusen-vs-borussia-monchengladbach/2o3iph#4829343,2026-05-12T02:07:12.754437+00:00
4829344,54,Bundesliga,2025/2026,9789,Borussia Dortmund,8721,Wolfsburg,1,0,2025-09-21T17:30:00Z,finished,4,/matches/wolfsburg-vs-borussia-dortmund/2u06di#4829344,2026-05-12T02:07:12.754437+00:00
4829351,54,Bundesliga,2025/2026,9823,Bayern München,8697,Werder Bremen,4,0,2025-09-26T18:30:00Z,finished,5,/matches/werder-bremen-vs-bayern-munchen/2u459n#4829351,2026-05-12T02:07:12.754437+00:00
4829355,54,Bundesliga,2025/2026,94937,FC Heidenheim,8406,Augsburg,2,1,2025-09-27T13:30:00Z,finished,5,/matches/augsburg-vs-fc-heidenheim/2gbbgxt#4829355,2026-05-12T02:07:12.754437+00:00
4829356,54,Bundesliga,2025/2026,9905,Mainz 05,9789,Borussia Dortmund,0,2,2025-09-27T13:30:00Z,finished,5,/matches/borussia-dortmund-vs-mainz-05/37gy4q#4829356,2026-05-12T02:07:12.754437+00:00
4829357,54,Bundesliga,2025/2026,8152,St. Pauli,8178,Bayer Leverkusen,1,2,2025-09-27T13:30:00Z,finished,5,/matches/st-pauli-vs-bayer-leverkusen/27e64p#4829357,2026-05-12T02:07:12.754437+00:00
4829359,54,Bundesliga,2025/2026,8721,Wolfsburg,178475,RB Leipzig,0,1,2025-09-27T13:30:00Z,finished,5,/matches/wolfsburg-vs-rb-leipzig/81rpp6f#4829359,2026-05-12T02:07:12.754437+00:00
4829352,54,Bundesliga,2025/2026,9788,Borussia Mönchengladbach,9810,Eintracht Frankfurt,4,6,2025-09-27T16:30:00Z,finished,5,/matches/borussia-monchengladbach-vs-eintracht-frankfurt/36cirf#4829352,2026-05-12T02:07:12.754437+00:00
4829354,54,Bundesliga,2025/2026,8358,Freiburg,8226,Hoffenheim,1,1,2025-09-28T13:30:00Z,finished,5,/matches/hoffenheim-vs-freiburg/29vrqi#4829354,2026-05-12T02:07:12.754437+00:00
4829353,54,Bundesliga,2025/2026,8722,1. FC Köln,10269,VfB Stuttgart,1,2,2025-09-28T15:30:00Z,finished,5,/matches/1-fc-koln-vs-vfb-stuttgart/2zdgu2#4829353,2026-05-12T02:07:12.754437+00:00
4829358,54,Bundesliga,2025/2026,8149,Union Berlin,9790,Hamburger SV,0,0,2025-09-28T17:30:00Z,finished,5,/matches/union-berlin-vs-hamburger-sv/2nt4os#4829358,2026-05-12T02:07:12.754437+00:00
4829366,54,Bundesliga,2025/2026,8226,Hoffenheim,8722,1. FC Köln,0,1,2025-10-03T18:30:00Z,finished,6,/matches/hoffenheim-vs-1-fc-koln/2dil4k#4829366,2026-05-12T02:07:12.754437+00:00
4829360,54,Bundesliga,2025/2026,8406,Augsburg,8721,Wolfsburg,3,1,2025-10-04T13:30:00Z,finished,6,/matches/augsburg-vs-wolfsburg/2fbyd9#4829360,2026-05-12T02:07:12.754437+00:00
4829361,54,Bundesliga,2025/2026,8178,Bayer Leverkusen,8149,Union Berlin,2,0,2025-10-04T13:30:00Z,finished,6,/matches/union-berlin-vs-bayer-leverkusen/27d4by#4829361,2026-05-12T02:07:12.754437+00:00
4829363,54,Bundesliga,2025/2026,9789,Borussia Dortmund,178475,RB Leipzig,1,1,2025-10-04T13:30:00Z,finished,6,/matches/borussia-dortmund-vs-rb-leipzig/85331u9#4829363,2026-05-12T02:07:12.754437+00:00
4829368,54,Bundesliga,2025/2026,8697,Werder Bremen,8152,St. Pauli,1,0,2025-10-04T13:30:00Z,finished,6,/matches/st-pauli-vs-werder-bremen/2ciq7m#4829368,2026-05-12T02:07:12.754437+00:00
4829364,54,Bundesliga,2025/2026,9810,Eintracht Frankfurt,9823,Bayern München,0,3,2025-10-04T16:30:00Z,finished,6,/matches/eintracht-frankfurt-vs-bayern-munchen/36r8iw#4829364,2026-05-12T02:07:12.754437+00:00
4829367,54,Bundesliga,2025/2026,10269,VfB Stuttgart,94937,FC Heidenheim,1,0,2025-10-05T13:30:00Z,finished,6,/matches/vfb-stuttgart-vs-fc-heidenheim/2jiz892#4829367,2026-05-12T02:07:12.754437+00:00
4829365,54,Bundesliga,2025/2026,9790,Hamburger SV,9905,Mainz 05,4,0,2025-10-05T15:30:00Z,finished,6,/matches/hamburger-sv-vs-mainz-05/37hdbt#4829365,2026-05-12T02:07:12.754437+00:00
4829362,54,Bundesliga,2025/2026,9788,Borussia Mönchengladbach,8358,Freiburg,0,0,2025-10-05T17:30:00Z,finished,6,/matches/freiburg-vs-borussia-monchengladbach/2q16jz#4829362,2026-05-12T02:07:12.754437+00:00
4829376,54,Bundesliga,2025/2026,8149,Union Berlin,9788,Borussia Mönchengladbach,3,1,2025-10-17T18:30:00Z,finished,7,/matches/union-berlin-vs-borussia-monchengladbach/2nsd05#4829376,2026-05-12T02:07:12.754437+00:00
4829372,54,Bundesliga,2025/2026,94937,FC Heidenheim,8697,Werder Bremen,2,2,2025-10-18T13:30:00Z,finished,7,/matches/werder-bremen-vs-fc-heidenheim/2gt8y1w#4829372,2026-05-12T02:07:12.754437+00:00
4829370,54,Bundesliga,2025/2026,8722,1. FC Köln,8406,Augsburg,1,1,2025-10-18T13:30:00Z,finished,7,/matches/augsburg-vs-1-fc-koln/2fcbl2#4829370,2026-05-12T02:07:12.754437+00:00
4829373,54,Bundesliga,2025/2026,9905,Mainz 05,8178,Bayer Leverkusen,3,4,2025-10-18T13:30:00Z,finished,7,/matches/bayer-leverkusen-vs-mainz-05/2pcq1z#4829373,2026-05-12T02:07:12.754437+00:00
4829374,54,Bundesliga,2025/2026,178475,RB Leipzig,9790,Hamburger SV,2,1,2025-10-18T13:30:00Z,finished,7,/matches/hamburger-sv-vs-rb-leipzig/853733v#4829374,2026-05-12T02:07:12.754437+00:00
4829377,54,Bundesliga,2025/2026,8721,Wolfsburg,10269,VfB Stuttgart,0,3,2025-10-18T13:30:00Z,finished,7,/matches/wolfsburg-vs-vfb-stuttgart/2zd26i#4829377,2026-05-12T02:07:12.754437+00:00
4829369,54,Bundesliga,2025/2026,9823,Bayern München,9789,Borussia Dortmund,2,1,2025-10-18T16:30:00Z,finished,7,/matches/borussia-dortmund-vs-bayern-munchen/36iek5#4829369,2026-05-12T02:07:12.754437+00:00
4829371,54,Bundesliga,2025/2026,8358,Freiburg,9810,Eintracht Frankfurt,2,2,2025-10-19T13:30:00Z,finished,7,/matches/freiburg-vs-eintracht-frankfurt/2q9qsu#4829371,2026-05-12T02:07:12.754437+00:00
4829375,54,Bundesliga,2025/2026,8152,St. Pauli,8226,Hoffenheim,0,3,2025-10-19T15:30:00Z,finished,7,/matches/st-pauli-vs-hoffenheim/27uzw1#4829375,2026-05-12T02:07:12.754437+00:00
4829386,54,Bundesliga,2025/2026,8697,Werder Bremen,8149,Union Berlin,1,0,2025-10-24T18:30:00Z,finished,8,/matches/union-berlin-vs-werder-bremen/2chn7m#4829386,2026-05-12T02:07:12.754437+00:00
4829378,54,Bundesliga,2025/2026,8406,Augsburg,178475,RB Leipzig,0,6,2025-10-25T13:30:00Z,finished,8,/matches/augsburg-vs-rb-leipzig/80smw2f#4829378,2026-05-12T02:07:12.754437+00:00
4829382,54,Bundesliga,2025/2026,9810,Eintracht Frankfurt,8152,St. Pauli,2,0,2025-10-25T13:30:00Z,finished,8,/matches/st-pauli-vs-eintracht-frankfurt/2o1za1#4829382,2026-05-12T02:07:12.754437+00:00
4829383,54,Bundesliga,2025/2026,9790,Hamburger SV,8721,Wolfsburg,0,1,2025-10-25T13:30:00Z,finished,8,/matches/wolfsburg-vs-hamburger-sv/2u0knq#4829383,2026-05-12T02:07:12.754437+00:00
4829384,54,Bundesliga,2025/2026,8226,Hoffenheim,94937,FC Heidenheim,3,1,2025-10-25T13:30:00Z,finished,8,/matches/hoffenheim-vs-fc-heidenheim/2g0946b#4829384,2026-05-12T02:07:12.754437+00:00
4829380,54,Bundesliga,2025/2026,9788,Borussia Mönchengladbach,9823,Bayern München,0,3,2025-10-25T13:45:00Z,finished,8,/matches/borussia-monchengladbach-vs-bayern-munchen/36hzfd#4829380,2026-05-12T02:07:12.754437+00:00
4829381,54,Bundesliga,2025/2026,9789,Borussia Dortmund,8722,1. FC Köln,1,0,2025-10-25T16:30:00Z,finished,8,/matches/1-fc-koln-vs-borussia-dortmund/2u0knp#4829381,2026-05-12T02:07:12.754437+00:00
4829379,54,Bundesliga,2025/2026,8178,Bayer Leverkusen,8358,Freiburg,2,0,2025-10-26T14:30:00Z,finished,8,/matches/bayer-leverkusen-vs-freiburg/29eqdu#4829379,2026-05-12T02:07:12.754437+00:00
4829385,54,Bundesliga,2025/2026,10269,VfB Stuttgart,9905,Mainz 05,2,1,2025-10-26T16:30:00Z,finished,8,/matches/mainz-05-vs-vfb-stuttgart/3d61a2#4829385,2026-05-12T02:07:12.754437+00:00
4829387,54,Bundesliga,2025/2026,8406,Augsburg,9789,Borussia Dortmund,0,1,2025-10-31T19:30:00Z,finished,9,/matches/augsburg-vs-borussia-dortmund/2qk9kr#4829387,2026-05-12T02:07:12.754437+00:00
4829390,54,Bundesliga,2025/2026,94937,FC Heidenheim,9810,Eintracht Frankfurt,1,1,2025-11-01T14:30:00Z,finished,9,/matches/eintracht-frankfurt-vs-fc-heidenheim/2iq8n7o#4829390,2026-05-12T02:07:12.754437+00:00
4829391,54,Bundesliga,2025/2026,9905,Mainz 05,8697,Werder Bremen,1,1,2025-11-01T14:30:00Z,finished,9,/matches/werder-bremen-vs-mainz-05/2v0rqw#4829391,2026-05-12T02:07:12.754437+00:00
4829392,54,Bundesliga,2025/2026,178475,RB Leipzig,10269,VfB Stuttgart,3,1,2025-11-01T14:30:00Z,finished,9,/matches/vfb-stuttgart-vs-rb-leipzig/86l20hb#4829392,2026-05-12T02:07:12.754437+00:00
4829393,54,Bundesliga,2025/2026,8152,St. Pauli,9788,Borussia Mönchengladbach,0,4,2025-11-01T14:30:00Z,finished,9,/matches/st-pauli-vs-borussia-monchengladbach/2ntij2#4829393,2026-05-12T02:07:12.754437+00:00
4829394,54,Bundesliga,2025/2026,8149,Union Berlin,8358,Freiburg,0,0,2025-11-01T14:30:00Z,finished,9,/matches/union-berlin-vs-freiburg/294gog#4829394,2026-05-12T02:07:12.754437+00:00
4829388,54,Bundesliga,2025/2026,9823,Bayern München,8178,Bayer Leverkusen,3,0,2025-11-01T17:30:00Z,finished,9,/matches/bayer-leverkusen-vs-bayern-munchen/2oh0ew#4829388,2026-05-12T02:07:12.754437+00:00
4829389,54,Bundesliga,2025/2026,8722,1. FC Köln,9790,Hamburger SV,4,1,2025-11-02T14:30:00Z,finished,9,/matches/1-fc-koln-vs-hamburger-sv/2u0yxy#4829389,2026-05-12T02:07:12.754437+00:00
4829395,54,Bundesliga,2025/2026,8721,Wolfsburg,8226,Hoffenheim,2,3,2025-11-02T16:30:00Z,finished,9,/matches/hoffenheim-vs-wolfsburg/2di81r#4829395,2026-05-12T02:07:12.754437+00:00
4829404,54,Bundesliga,2025/2026,8697,Werder Bremen,8721,Wolfsburg,2,1,2025-11-07T19:30:00Z,finished,10,/matches/werder-bremen-vs-wolfsburg/2iboso#4829404,2026-05-12T02:07:12.754437+00:00
4829396,54,Bundesliga,2025/2026,8178,Bayer Leverkusen,94937,FC Heidenheim,6,0,2025-11-08T14:30:00Z,finished,10,/matches/bayer-leverkusen-vs-fc-heidenheim/2fxb06z#4829396,2026-05-12T02:07:12.754437+00:00
4829400,54,Bundesliga,2025/2026,9790,Hamburger SV,9789,Borussia Dortmund,1,1,2025-11-08T14:30:00Z,finished,10,/matches/borussia-dortmund-vs-hamburger-sv/364jk8#4829400,2026-05-12T02:07:12.754437+00:00
4829401,54,Bundesliga,2025/2026,8226,Hoffenheim,178475,RB Leipzig,3,1,2025-11-08T14:30:00Z,finished,10,/matches/hoffenheim-vs-rb-leipzig/808m8nx#4829401,2026-05-12T02:07:12.754437+00:00
4829403,54,Bundesliga,2025/2026,8149,Union Berlin,9823,Bayern München,2,2,2025-11-08T14:30:00Z,finished,10,/matches/union-berlin-vs-bayern-munchen/2o5txd#4829403,2026-05-12T02:07:12.754437+00:00
4829397,54,Bundesliga,2025/2026,9788,Borussia Mönchengladbach,8722,1. FC Köln,3,1,2025-11-08T17:30:00Z,finished,10,/matches/1-fc-koln-vs-borussia-monchengladbach/2u06dh#4829397,2026-05-12T02:07:12.754437+00:00
4829399,54,Bundesliga,2025/2026,8358,Freiburg,8152,St. Pauli,2,1,2025-11-09T14:30:00Z,finished,10,/matches/st-pauli-vs-freiburg/295iw7#4829399,2026-05-12T02:07:12.754437+00:00
4829402,54,Bundesliga,2025/2026,10269,VfB Stuttgart,8406,Augsburg,3,2,2025-11-09T16:30:00Z,finished,10,/matches/augsburg-vs-vfb-stuttgart/2vtwh0#4829402,2026-05-12T02:07:12.754437+00:00
4829398,54,Bundesliga,2025/2026,9810,Eintracht Frankfurt,9905,Mainz 05,1,0,2025-11-09T18:30:00Z,finished,10,/matches/eintracht-frankfurt-vs-mainz-05/37ptfb#4829398,2026-05-12T02:07:12.754437+00:00
4829410,54,Bundesliga,2025/2026,9905,Mainz 05,8226,Hoffenheim,1,1,2025-11-21T19:30:00Z,finished,11,/matches/hoffenheim-vs-mainz-05/2pvcpb#4829410,2026-05-12T02:07:12.754437+00:00
4829405,54,Bundesliga,2025/2026,8406,Augsburg,9790,Hamburger SV,1,0,2025-11-22T14:30:00Z,finished,11,/matches/augsburg-vs-hamburger-sv/2qknm8#4829405,2026-05-12T02:07:12.754437+00:00
4829406,54,Bundesliga,2025/2026,9823,Bayern München,8358,Freiburg,6,2,2025-11-22T14:30:00Z,finished,11,/matches/freiburg-vs-bayern-munchen/2qet4e#4829406,2026-05-12T02:07:12.754437+00:00
4829407,54,Bundesliga,2025/2026,9789,Borussia Dortmund,10269,VfB Stuttgart,3,3,2025-11-22T14:30:00Z,finished,11,/matches/borussia-dortmund-vs-vfb-stuttgart/3bs0n0#4829407,2026-05-12T02:07:12.754437+00:00
4829409,54,Bundesliga,2025/2026,94937,FC Heidenheim,9788,Borussia Mönchengladbach,0,3,2025-11-22T14:30:00Z,finished,11,/matches/borussia-monchengladbach-vs-fc-heidenheim/2iov99f#4829409,2026-05-12T02:07:12.754437+00:00
4829413,54,Bundesliga,2025/2026,8721,Wolfsburg,8178,Bayer Leverkusen,1,3,2025-11-22T14:30:00Z,finished,11,/matches/bayer-leverkusen-vs-wolfsburg/2d0t93#4829413,2026-05-12T02:07:12.754437+00:00
4829408,54,Bundesliga,2025/2026,8722,1. FC Köln,9810,Eintracht Frankfurt,3,4,2025-11-22T17:30:00Z,finished,11,/matches/1-fc-koln-vs-eintracht-frankfurt/2u8wss#4829408,2026-05-12T02:07:12.754437+00:00
4829411,54,Bundesliga,2025/2026,178475,RB Leipzig,8697,Werder Bremen,2,0,2025-11-23T14:30:00Z,finished,11,/matches/werder-bremen-vs-rb-leipzig/81p1es3#4829411,2026-05-12T02:07:12.754437+00:00
4829412,54,Bundesliga,2025/2026,8152,St. Pauli,8149,Union Berlin,0,1,2025-11-23T16:30:00Z,finished,11,/matches/union-berlin-vs-st-pauli/27410j#4829412,2026-05-12T02:07:12.754437+00:00
4829416,54,Bundesliga,2025/2026,9788,Borussia Mönchengladbach,178475,RB Leipzig,0,0,2025-11-28T19:30:00Z,finished,12,/matches/borussia-monchengladbach-vs-rb-leipzig/852z0ko#4829416,2026-05-12T02:07:12.754437+00:00
4829415,54,Bundesliga,2025/2026,9823,Bayern München,8152,St. Pauli,3,1,2025-11-29T14:30:00Z,finished,12,/matches/st-pauli-vs-bayern-munchen/2o6zj7#4829415,2026-05-12T02:07:12.754437+00:00
4829420,54,Bundesliga,2025/2026,8226,Hoffenheim,8406,Augsburg,3,0,2025-11-29T14:30:00Z,finished,12,/matches/hoffenheim-vs-augsburg/2acuwi#4829420,2026-05-12T02:07:12.754437+00:00
4829421,54,Bundesliga,2025/2026,8149,Union Berlin,94937,FC Heidenheim,1,2,2025-11-29T14:30:00Z,finished,12,/matches/union-berlin-vs-fc-heidenheim/2fvix5e#4829421,2026-05-12T02:07:12.754437+00:00
4829422,54,Bundesliga,2025/2026,8697,Werder Bremen,8722,1. FC Köln,1,1,2025-11-29T14:30:00Z,finished,12,/matches/werder-bremen-vs-1-fc-koln/2ic28k#4829422,2026-05-12T02:07:12.754437+00:00
4829414,54,Bundesliga,2025/2026,8178,Bayer Leverkusen,9789,Borussia Dortmund,1,2,2025-11-29T17:30:00Z,finished,12,/matches/bayer-leverkusen-vs-borussia-dortmund/2o3wkl#4829414,2026-05-12T02:07:12.754437+00:00
4829419,54,Bundesliga,2025/2026,9790,Hamburger SV,10269,VfB Stuttgart,2,1,2025-11-30T14:30:00Z,finished,12,/matches/hamburger-sv-vs-vfb-stuttgart/3bsg48#4829419,2026-05-12T02:07:12.754437+00:00
4829417,54,Bundesliga,2025/2026,9810,Eintracht Frankfurt,8721,Wolfsburg,1,1,2025-11-30T16:30:00Z,finished,12,/matches/wolfsburg-vs-eintracht-frankfurt/2u8ii0#4829417,2026-05-12T02:07:12.754437+00:00
4829418,54,Bundesliga,2025/2026,8358,Freiburg,9905,Mainz 05,4,0,2025-11-30T18:30:00Z,finished,12,/matches/freiburg-vs-mainz-05/2rau5h#4829418,2026-05-12T02:07:12.754437+00:00
4829428,54,Bundesliga,2025/2026,9905,Mainz 05,9788,Borussia Mönchengladbach,0,1,2025-12-05T19:30:00Z,finished,13,/matches/borussia-monchengladbach-vs-mainz-05/37gixo#4829428,2026-05-12T02:07:12.754437+00:00
4829423,54,Bundesliga,2025/2026,8406,Augsburg,8178,Bayer Leverkusen,2,0,2025-12-06T14:30:00Z,finished,13,/matches/bayer-leverkusen-vs-augsburg/29vrru#4829423,2026-05-12T02:07:12.754437+00:00
4829427,54,Bundesliga,2025/2026,94937,FC Heidenheim,8358,Freiburg,2,1,2025-12-06T14:30:00Z,finished,13,/matches/freiburg-vs-fc-heidenheim/2g8d6ah#4829427,2026-05-12T02:07:12.754437+00:00
4829425,54,Bundesliga,2025/2026,8722,1. FC Köln,8152,St. Pauli,1,1,2025-12-06T14:30:00Z,finished,13,/matches/st-pauli-vs-1-fc-koln/2crri1#4829425,2026-05-12T02:07:12.754437+00:00
4829430,54,Bundesliga,2025/2026,10269,VfB Stuttgart,9823,Bayern München,0,5,2025-12-06T14:30:00Z,finished,13,/matches/bayern-munchen-vs-vfb-stuttgart/3c6nc5#4829430,2026-05-12T02:07:12.754437+00:00
4829431,54,Bundesliga,2025/2026,8721,Wolfsburg,8149,Union Berlin,3,1,2025-12-06T14:30:00Z,finished,13,/matches/union-berlin-vs-wolfsburg/2cqbfa#4829431,2026-05-12T02:07:12.754437+00:00
4829429,54,Bundesliga,2025/2026,178475,RB Leipzig,9810,Eintracht Frankfurt,6,0,2025-12-06T17:30:00Z,finished,13,/matches/eintracht-frankfurt-vs-rb-leipzig/855fslx#4829429,2026-05-12T02:07:12.754437+00:00
4829426,54,Bundesliga,2025/2026,9790,Hamburger SV,8697,Werder Bremen,3,2,2025-12-07T14:30:00Z,finished,13,/matches/werder-bremen-vs-hamburger-sv/2tr22q#4829426,2026-05-12T02:07:12.754437+00:00
4829424,54,Bundesliga,2025/2026,9789,Borussia Dortmund,8226,Hoffenheim,2,0,2025-12-07T16:30:00Z,finished,13,/matches/hoffenheim-vs-borussia-dortmund/2omex9#4829424,2026-05-12T02:07:12.754437+00:00
4829439,54,Bundesliga,2025/2026,8149,Union Berlin,178475,RB Leipzig,3,1,2025-12-12T19:30:00Z,finished,14,/matches/union-berlin-vs-rb-leipzig/80026ad#4829439,2026-05-12T02:07:12.754437+00:00
4829434,54,Bundesliga,2025/2026,9788,Borussia Mönchengladbach,8721,Wolfsburg,1,3,2025-12-13T14:30:00Z,finished,14,/matches/wolfsburg-vs-borussia-monchengladbach/2tzs3b#4829434,2026-05-12T02:07:12.754437+00:00
4829435,54,Bundesliga,2025/2026,9810,Eintracht Frankfurt,8406,Augsburg,1,0,2025-12-13T14:30:00Z,finished,14,/matches/augsburg-vs-eintracht-frankfurt/2qsgli#4829435,2026-05-12T02:07:12.754437+00:00
4829437,54,Bundesliga,2025/2026,8226,Hoffenheim,9790,Hamburger SV,4,1,2025-12-13T14:30:00Z,finished,14,/matches/hoffenheim-vs-hamburger-sv/2omstq#4829437,2026-05-12T02:07:12.754437+00:00
4829438,54,Bundesliga,2025/2026,8152,St. Pauli,94937,FC Heidenheim,2,1,2025-12-13T14:30:00Z,finished,14,/matches/st-pauli-vs-fc-heidenheim/2fvpjs2#4829438,2026-05-12T02:07:12.754437+00:00
4829432,54,Bundesliga,2025/2026,8178,Bayer Leverkusen,8722,1. FC Köln,2,0,2025-12-13T17:30:00Z,finished,14,/matches/bayer-leverkusen-vs-1-fc-koln/2d16ak#4829432,2026-05-12T02:07:12.754437+00:00
4829436,54,Bundesliga,2025/2026,8358,Freiburg,9789,Borussia Dortmund,1,1,2025-12-14T14:30:00Z,finished,14,/matches/freiburg-vs-borussia-dortmund/2q1kk3#4829436,2026-05-12T02:07:12.754437+00:00
4829433,54,Bundesliga,2025/2026,9823,Bayern München,9905,Mainz 05,2,2,2025-12-14T16:30:00Z,finished,14,/matches/bayern-munchen-vs-mainz-05/37vb95#4829433,2026-05-12T02:07:12.754437+00:00
4829440,54,Bundesliga,2025/2026,8697,Werder Bremen,10269,VfB Stuttgart,0,4,2025-12-14T18:30:00Z,finished,14,/matches/werder-bremen-vs-vfb-stuttgart/2z3api#4829440,2026-05-12T02:07:12.754437+00:00
4829442,54,Bundesliga,2025/2026,9789,Borussia Dortmund,9788,Borussia Mönchengladbach,2,0,2025-12-19T19:30:00Z,finished,15,/matches/borussia-monchengladbach-vs-borussia-dortmund/363pci#4829442,2026-05-12T02:07:12.754437+00:00
4829441,54,Bundesliga,2025/2026,8406,Augsburg,8697,Werder Bremen,0,0,2025-12-20T14:30:00Z,finished,15,/matches/augsburg-vs-werder-bremen/2f35e9#4829441,2026-05-12T02:07:12.754437+00:00
4829443,54,Bundesliga,2025/2026,8722,1. FC Köln,8149,Union Berlin,0,1,2025-12-20T14:30:00Z,finished,15,/matches/union-berlin-vs-1-fc-koln/2cqofy#4829443,2026-05-12T02:07:12.754437+00:00
4829444,54,Bundesliga,2025/2026,9790,Hamburger SV,9810,Eintracht Frankfurt,1,1,2025-12-20T14:30:00Z,finished,15,/matches/hamburger-sv-vs-eintracht-frankfurt/36dd0a#4829444,2026-05-12T02:07:12.754437+00:00
4829448,54,Bundesliga,2025/2026,10269,VfB Stuttgart,8226,Hoffenheim,0,0,2025-12-20T14:30:00Z,finished,15,/matches/hoffenheim-vs-vfb-stuttgart/2tu70i#4829448,2026-05-12T02:07:12.754437+00:00
4829449,54,Bundesliga,2025/2026,8721,Wolfsburg,8358,Freiburg,3,4,2025-12-20T14:30:00Z,finished,15,/matches/freiburg-vs-wolfsburg/2eucwl#4829449,2026-05-12T02:07:12.754437+00:00
4829447,54,Bundesliga,2025/2026,178475,RB Leipzig,8178,Bayer Leverkusen,1,3,2025-12-20T17:30:00Z,finished,15,/matches/bayer-leverkusen-vs-rb-leipzig/803a6n9#4829447,2026-05-12T02:07:12.754437+00:00
4829446,54,Bundesliga,2025/2026,9905,Mainz 05,8152,St. Pauli,0,0,2025-12-21T14:30:00Z,finished,15,/matches/st-pauli-vs-mainz-05/2p2nj2#4829446,2026-05-12T02:07:12.754437+00:00
4829445,54,Bundesliga,2025/2026,94937,FC Heidenheim,9823,Bayern München,0,4,2025-12-21T16:30:00Z,finished,15,/matches/bayern-munchen-vs-fc-heidenheim/2ir1tzv#4829445,2026-05-12T02:07:12.754437+00:00
4829453,54,Bundesliga,2025/2026,9810,Eintracht Frankfurt,9789,Borussia Dortmund,3,3,2026-01-09T19:30:00Z,finished,16,/matches/borussia-dortmund-vs-eintracht-frankfurt/36cxvu#4829453,2026-05-12T02:07:12.754437+00:00
4829455,54,Bundesliga,2025/2026,94937,FC Heidenheim,8722,1. FC Köln,2,2,2026-01-10T14:30:00Z,finished,16,/matches/1-fc-koln-vs-fc-heidenheim/2gushez#4829455,2026-05-12T02:07:12.754437+00:00
4829454,54,Bundesliga,2025/2026,8358,Freiburg,9790,Hamburger SV,2,1,2026-01-10T14:30:00Z,finished,16,/matches/freiburg-vs-hamburger-sv/2q1yk8#4829454,2026-05-12T02:07:12.754437+00:00
4829457,54,Bundesliga,2025/2026,8149,Union Berlin,9905,Mainz 05,2,2,2026-01-10T14:30:00Z,finished,16,/matches/union-berlin-vs-mainz-05/2p1hqe#4829457,2026-05-12T02:07:12.754437+00:00
4829450,54,Bundesliga,2025/2026,8178,Bayer Leverkusen,10269,VfB Stuttgart,1,4,2026-01-10T17:30:00Z,finished,16,/matches/bayer-leverkusen-vs-vfb-stuttgart/2tb6ui#4829450,2026-05-12T02:07:12.754437+00:00
4829452,54,Bundesliga,2025/2026,9788,Borussia Mönchengladbach,8406,Augsburg,4,0,2026-01-11T14:30:00Z,finished,16,/matches/augsburg-vs-borussia-monchengladbach/2qjvjb#4829452,2026-05-12T02:07:12.754437+00:00
4829451,54,Bundesliga,2025/2026,9823,Bayern München,8721,Wolfsburg,8,1,2026-01-11T16:30:00Z,finished,16,/matches/wolfsburg-vs-bayern-munchen/2udogn#4829451,2026-05-12T02:07:12.754437+00:00
4829466,54,Bundesliga,2025/2026,10269,VfB Stuttgart,9810,Eintracht Frankfurt,3,2,2026-01-13T17:30:00Z,finished,17,/matches/eintracht-frankfurt-vs-vfb-stuttgart/3c11ui#4829466,2026-05-12T02:07:12.754437+00:00
4829460,54,Bundesliga,2025/2026,9789,Borussia Dortmund,8697,Werder Bremen,3,0,2026-01-13T19:30:00Z,finished,17,/matches/werder-bremen-vs-borussia-dortmund/2tqnt6#4829460,2026-05-12T02:07:12.754437+00:00
4829464,54,Bundesliga,2025/2026,9905,Mainz 05,94937,FC Heidenheim,2,1,2026-01-13T19:30:00Z,finished,17,/matches/mainz-05-vs-fc-heidenheim/2iw610o#4829464,2026-05-12T02:07:12.754437+00:00
4829467,54,Bundesliga,2025/2026,8721,Wolfsburg,8152,St. Pauli,2,1,2026-01-14T17:30:00Z,finished,17,/matches/st-pauli-vs-wolfsburg/2creha#4829467,2026-05-12T02:07:12.754437+00:00
4829461,54,Bundesliga,2025/2026,8722,1. FC Köln,9823,Bayern München,1,3,2026-01-14T19:30:00Z,finished,17,/matches/1-fc-koln-vs-bayern-munchen/2ue2rs#4829461,2026-05-12T02:07:12.754437+00:00
4829463,54,Bundesliga,2025/2026,8226,Hoffenheim,9788,Borussia Mönchengladbach,5,1,2026-01-14T19:30:00Z,finished,17,/matches/hoffenheim-vs-borussia-monchengladbach/2om10t#4829463,2026-05-12T02:07:12.754437+00:00
4829465,54,Bundesliga,2025/2026,178475,RB Leipzig,8358,Freiburg,2,0,2026-01-14T19:30:00Z,finished,17,/matches/freiburg-vs-rb-leipzig/80nandr#4829465,2026-05-12T02:07:12.754437+00:00
4829459,54,Bundesliga,2025/2026,8406,Augsburg,8149,Union Berlin,1,1,2026-01-15T19:30:00Z,finished,17,/matches/union-berlin-vs-augsburg/29lgzs#4829459,2026-05-12T02:07:12.754437+00:00
4829475,54,Bundesliga,2025/2026,8697,Werder Bremen,9810,Eintracht Frankfurt,3,3,2026-01-16T19:30:00Z,finished,18,/matches/werder-bremen-vs-eintracht-frankfurt/2tyzjo#4829475,2026-05-12T02:07:12.754437+00:00
4829469,54,Bundesliga,2025/2026,9789,Borussia Dortmund,8152,St. Pauli,3,2,2026-01-17T14:30:00Z,finished,18,/matches/st-pauli-vs-borussia-dortmund/2ntwdg#4829469,2026-05-12T02:07:12.754437+00:00
4829470,54,Bundesliga,2025/2026,8722,1. FC Köln,9905,Mainz 05,2,1,2026-01-17T14:30:00Z,finished,18,/matches/1-fc-koln-vs-mainz-05/2vaqtz#4829470,2026-05-12T02:07:12.754437+00:00
4829471,54,Bundesliga,2025/2026,9790,Hamburger SV,9788,Borussia Mönchengladbach,0,0,2026-01-17T14:30:00Z,finished,18,/matches/borussia-monchengladbach-vs-hamburger-sv/3644gd#4829471,2026-05-12T02:07:12.754437+00:00
4829472,54,Bundesliga,2025/2026,8226,Hoffenheim,8178,Bayer Leverkusen,1,0,2026-01-17T14:30:00Z,finished,18,/matches/bayer-leverkusen-vs-hoffenheim/2844qc#4829472,2026-05-12T02:07:12.754437+00:00
4829476,54,Bundesliga,2025/2026,8721,Wolfsburg,94937,FC Heidenheim,1,1,2026-01-17T14:30:00Z,finished,18,/matches/wolfsburg-vs-fc-heidenheim/2guq9fk#4829476,2026-05-12T02:07:12.754437+00:00
4829473,54,Bundesliga,2025/2026,178475,RB Leipzig,9823,Bayern München,1,5,2026-01-17T17:30:00Z,finished,18,/matches/bayern-munchen-vs-rb-leipzig/856w9cm#4829473,2026-05-12T02:07:12.754437+00:00
4829474,54,Bundesliga,2025/2026,10269,VfB Stuttgart,8149,Union Berlin,1,1,2026-01-18T14:30:00Z,finished,18,/matches/union-berlin-vs-vfb-stuttgart/2szqcw#4829474,2026-05-12T02:07:12.754437+00:00
4829468,54,Bundesliga,2025/2026,8406,Augsburg,8358,Freiburg,2,2,2026-01-18T16:30:00Z,finished,18,/matches/freiburg-vs-augsburg/2bo3oc#4829468,2026-05-12T02:07:12.754437+00:00
4829484,54,Bundesliga,2025/2026,8152,St. Pauli,9790,Hamburger SV,0,0,2026-01-23T19:30:00Z,finished,19,/matches/st-pauli-vs-hamburger-sv/2nua7v#4829484,2026-05-12T02:07:12.754437+00:00
4829477,54,Bundesliga,2025/2026,8178,Bayer Leverkusen,8697,Werder Bremen,1,0,2026-01-24T14:30:00Z,finished,19,/matches/bayer-leverkusen-vs-werder-bremen/2cs4i3#4829477,2026-05-12T02:07:12.754437+00:00
4829478,54,Bundesliga,2025/2026,9823,Bayern München,8406,Augsburg,1,2,2026-01-24T14:30:00Z,finished,19,/matches/augsburg-vs-bayern-munchen/2qxjee#4829478,2026-05-12T02:07:12.754437+00:00
4829480,54,Bundesliga,2025/2026,9810,Eintracht Frankfurt,8226,Hoffenheim,1,3,2026-01-24T14:30:00Z,finished,19,/matches/hoffenheim-vs-eintracht-frankfurt/2ouj10#4829480,2026-05-12T02:07:12.754437+00:00
4829482,54,Bundesliga,2025/2026,94937,FC Heidenheim,178475,RB Leipzig,0,3,2026-01-24T14:30:00Z,finished,19,/matches/fc-heidenheim-vs-rb-leipzig/h65h3hf#4829482,2026-05-12T02:07:12.754437+00:00
4829483,54,Bundesliga,2025/2026,9905,Mainz 05,8721,Wolfsburg,3,1,2026-01-24T14:30:00Z,finished,19,/matches/wolfsburg-vs-mainz-05/2vacgk#4829483,2026-05-12T02:07:12.754437+00:00
4829485,54,Bundesliga,2025/2026,8149,Union Berlin,9789,Borussia Dortmund,0,3,2026-01-24T17:30:00Z,finished,19,/matches/union-berlin-vs-borussia-dortmund/2nsqug#4829485,2026-05-12T02:07:12.754437+00:00
4829479,54,Bundesliga,2025/2026,9788,Borussia Mönchengladbach,10269,VfB Stuttgart,0,3,2026-01-25T14:30:00Z,finished,19,/matches/borussia-monchengladbach-vs-vfb-stuttgart/3brl5t#4829479,2026-05-12T02:07:12.754437+00:00
4829481,54,Bundesliga,2025/2026,8358,Freiburg,8722,1. FC Köln,2,1,2026-01-25T16:30:00Z,finished,19,/matches/freiburg-vs-1-fc-koln/2euq32#4829481,2026-05-12T02:07:12.754437+00:00
4829456,54,Bundesliga,2025/2026,8152,St. Pauli,178475,RB Leipzig,1,1,2026-01-27T19:30:00Z,finished,16,/matches/st-pauli-vs-rb-leipzig/800e6am#4829456,2026-05-12T02:07:12.754437+00:00
4829458,54,Bundesliga,2025/2026,8697,Werder Bremen,8226,Hoffenheim,0,2,2026-01-27T19:30:00Z,finished,16,/matches/hoffenheim-vs-werder-bremen/2d9ier#4829458,2026-05-12T02:07:12.754437+00:00
4829489,54,Bundesliga,2025/2026,8722,1. FC Köln,8721,Wolfsburg,1,0,2026-01-30T19:30:00Z,finished,20,/matches/wolfsburg-vs-1-fc-koln/2il11k#4829489,2026-05-12T02:07:12.754437+00:00
4829486,54,Bundesliga,2025/2026,8406,Augsburg,8152,St. Pauli,2,1,2026-01-31T14:30:00Z,finished,20,/matches/st-pauli-vs-augsburg/29mjbj#4829486,2026-05-12T02:07:12.754437+00:00
4829488,54,Bundesliga,2025/2026,9810,Eintracht Frankfurt,8178,Bayer Leverkusen,1,3,2026-01-31T14:30:00Z,finished,20,/matches/bayer-leverkusen-vs-eintracht-frankfurt/2obzwc#4829488,2026-05-12T02:07:12.754437+00:00
4829491,54,Bundesliga,2025/2026,8226,Hoffenheim,8149,Union Berlin,3,1,2026-01-31T14:30:00Z,finished,20,/matches/union-berlin-vs-hoffenheim/27txza#4829491,2026-05-12T02:07:12.754437+00:00
4829492,54,Bundesliga,2025/2026,178475,RB Leipzig,9905,Mainz 05,1,2,2026-01-31T14:30:00Z,finished,20,/matches/mainz-05-vs-rb-leipzig/85g39yf#4829492,2026-05-12T02:07:12.754437+00:00
4829494,54,Bundesliga,2025/2026,8697,Werder Bremen,9788,Borussia Mönchengladbach,1,1,2026-01-31T14:30:00Z,finished,20,/matches/werder-bremen-vs-borussia-monchengladbach/2tq9jn#4829494,2026-05-12T02:07:12.754437+00:00
4829490,54,Bundesliga,2025/2026,9790,Hamburger SV,9823,Bayern München,2,2,2026-01-31T17:30:00Z,finished,20,/matches/hamburger-sv-vs-bayern-munchen/36itoy#4829490,2026-05-12T02:07:12.754437+00:00
4829493,54,Bundesliga,2025/2026,10269,VfB Stuttgart,8358,Freiburg,1,0,2026-02-01T14:30:00Z,finished,20,/matches/freiburg-vs-vfb-stuttgart/2vapn0#4829493,2026-05-12T02:07:12.754437+00:00
4829487,54,Bundesliga,2025/2026,9789,Borussia Dortmund,94937,FC Heidenheim,3,2,2026-02-01T16:30:00Z,finished,20,/matches/borussia-dortmund-vs-fc-heidenheim/2ioxi2i#4829487,2026-05-12T02:07:12.754437+00:00
4829502,54,Bundesliga,2025/2026,8149,Union Berlin,9810,Eintracht Frankfurt,1,1,2026-02-06T19:30:00Z,finished,21,/matches/union-berlin-vs-eintracht-frankfurt/2o0tpa#4829502,2026-05-12T02:07:12.754437+00:00
4829499,54,Bundesliga,2025/2026,94937,FC Heidenheim,9790,Hamburger SV,0,2,2026-02-07T14:30:00Z,finished,21,/matches/hamburger-sv-vs-fc-heidenheim/2iozqvm#4829499,2026-05-12T02:07:12.754437+00:00
4829498,54,Bundesliga,2025/2026,8358,Freiburg,8697,Werder Bremen,1,0,2026-02-07T14:30:00Z,finished,21,/matches/freiburg-vs-werder-bremen/2elktl#4829498,2026-05-12T02:07:12.754437+00:00
4829500,54,Bundesliga,2025/2026,9905,Mainz 05,8406,Augsburg,2,0,2026-02-07T14:30:00Z,finished,21,/matches/augsburg-vs-mainz-05/2rtngt#4829500,2026-05-12T02:07:12.754437+00:00
4829501,54,Bundesliga,2025/2026,8152,St. Pauli,10269,VfB Stuttgart,2,1,2026-02-07T14:30:00Z,finished,21,/matches/st-pauli-vs-vfb-stuttgart/2t0wzz#4829501,2026-05-12T02:07:12.754437+00:00
4829503,54,Bundesliga,2025/2026,8721,Wolfsburg,9789,Borussia Dortmund,1,2,2026-02-07T14:30:00Z,finished,21,/matches/wolfsburg-vs-borussia-dortmund/2u06di#4829503,2026-05-12T02:07:12.754437+00:00
4829496,54,Bundesliga,2025/2026,9788,Borussia Mönchengladbach,8178,Bayer Leverkusen,1,1,2026-02-07T17:30:00Z,finished,21,/matches/bayer-leverkusen-vs-borussia-monchengladbach/2o3iph#4829496,2026-05-12T02:07:12.754437+00:00
4829497,54,Bundesliga,2025/2026,8722,1. FC Köln,178475,RB Leipzig,1,2,2026-02-08T14:30:00Z,finished,21,/matches/1-fc-koln-vs-rb-leipzig/81rtpmd#4829497,2026-05-12T02:07:12.754437+00:00
4829495,54,Bundesliga,2025/2026,9823,Bayern München,8226,Hoffenheim,5,1,2026-02-08T16:30:00Z,finished,21,/matches/hoffenheim-vs-bayern-munchen/2ozk0w#4829495,2026-05-12T02:07:12.754437+00:00
4829506,54,Bundesliga,2025/2026,9789,Borussia Dortmund,9905,Mainz 05,4,0,2026-02-13T19:30:00Z,finished,22,/matches/borussia-dortmund-vs-mainz-05/37gy4q#4829506,2026-05-12T02:07:12.754437+00:00
4829505,54,Bundesliga,2025/2026,8178,Bayer Leverkusen,8152,St. Pauli,4,0,2026-02-14T14:30:00Z,finished,22,/matches/st-pauli-vs-bayer-leverkusen/27e64p#4829505,2026-05-12T02:07:12.754437+00:00
4829507,54,Bundesliga,2025/2026,9810,Eintracht Frankfurt,9788,Borussia Mönchengladbach,3,0,2026-02-14T14:30:00Z,finished,22,/matches/borussia-monchengladbach-vs-eintracht-frankfurt/36cirf#4829507,2026-05-12T02:07:12.754437+00:00
4829508,54,Bundesliga,2025/2026,9790,Hamburger SV,8149,Union Berlin,3,2,2026-02-14T14:30:00Z,finished,22,/matches/union-berlin-vs-hamburger-sv/2nt4os#4829508,2026-05-12T02:07:12.754437+00:00
4829509,54,Bundesliga,2025/2026,8226,Hoffenheim,8358,Freiburg,3,0,2026-02-14T14:30:00Z,finished,22,/matches/hoffenheim-vs-freiburg/29vrqi#4829509,2026-05-12T02:07:12.754437+00:00
4829512,54,Bundesliga,2025/2026,8697,Werder Bremen,9823,Bayern München,0,3,2026-02-14T14:30:00Z,finished,22,/matches/werder-bremen-vs-bayern-munchen/2u459n#4829512,2026-05-12T02:07:12.754437+00:00
4829511,54,Bundesliga,2025/2026,10269,VfB Stuttgart,8722,1. FC Köln,3,1,2026-02-14T17:30:00Z,finished,22,/matches/1-fc-koln-vs-vfb-stuttgart/2zdgu2#4829511,2026-05-12T02:07:12.754437+00:00
4829504,54,Bundesliga,2025/2026,8406,Augsburg,94937,FC Heidenheim,1,0,2026-02-15T14:30:00Z,finished,22,/matches/augsburg-vs-fc-heidenheim/2gbbgxt#4829504,2026-05-12T02:07:12.754437+00:00
4829510,54,Bundesliga,2025/2026,178475,RB Leipzig,8721,Wolfsburg,2,2,2026-02-15T16:30:00Z,finished,22,/matches/wolfsburg-vs-rb-leipzig/81rpp6f#4829510,2026-05-12T02:07:12.754437+00:00
4829517,54,Bundesliga,2025/2026,9905,Mainz 05,9790,Hamburger SV,1,1,2026-02-20T19:40:00Z,finished,23,/matches/hamburger-sv-vs-mainz-05/37hdbt#4829517,2026-05-12T02:07:12.754437+00:00
4829513,54,Bundesliga,2025/2026,9823,Bayern München,9810,Eintracht Frankfurt,3,2,2026-02-21T14:30:00Z,finished,23,/matches/eintracht-frankfurt-vs-bayern-munchen/36r8iw#4829513,2026-05-12T02:07:12.754437+00:00
4829514,54,Bundesliga,2025/2026,8722,1. FC Köln,8226,Hoffenheim,2,2,2026-02-21T14:30:00Z,finished,23,/matches/hoffenheim-vs-1-fc-koln/2dil4k#4829514,2026-05-12T02:07:12.754437+00:00
4829520,54,Bundesliga,2025/2026,8149,Union Berlin,8178,Bayer Leverkusen,1,0,2026-02-21T14:30:00Z,finished,23,/matches/union-berlin-vs-bayer-leverkusen/27d4by#4829520,2026-05-12T02:07:12.754437+00:00
4829521,54,Bundesliga,2025/2026,8721,Wolfsburg,8406,Augsburg,2,3,2026-02-21T14:30:00Z,finished,23,/matches/augsburg-vs-wolfsburg/2fbyd9#4829521,2026-05-12T02:07:12.754437+00:00
4829518,54,Bundesliga,2025/2026,178475,RB Leipzig,9789,Borussia Dortmund,2,2,2026-02-21T17:30:00Z,finished,23,/matches/borussia-dortmund-vs-rb-leipzig/85331u9#4829518,2026-05-12T02:07:12.754437+00:00
4829515,54,Bundesliga,2025/2026,8358,Freiburg,9788,Borussia Mönchengladbach,2,1,2026-02-22T14:30:00Z,finished,23,/matches/freiburg-vs-borussia-monchengladbach/2q16jz#4829515,2026-05-12T02:07:12.754437+00:00
4829519,54,Bundesliga,2025/2026,8152,St. Pauli,8697,Werder Bremen,2,1,2026-02-22T16:30:00Z,finished,23,/matches/st-pauli-vs-werder-bremen/2ciq7m#4829519,2026-05-12T02:07:12.754437+00:00
4829516,54,Bundesliga,2025/2026,94937,FC Heidenheim,10269,VfB Stuttgart,3,3,2026-02-22T18:30:00Z,finished,23,/matches/vfb-stuttgart-vs-fc-heidenheim/2jiz892#4829516,2026-05-12T02:07:12.754437+00:00
4829522,54,Bundesliga,2025/2026,8406,Augsburg,8722,1. FC Köln,2,0,2026-02-27T19:30:00Z,finished,24,/matches/augsburg-vs-1-fc-koln/2fcbl2#4829522,2026-05-12T02:07:12.754437+00:00
4829523,54,Bundesliga,2025/2026,8178,Bayer Leverkusen,9905,Mainz 05,1,1,2026-02-28T14:30:00Z,finished,24,/matches/bayer-leverkusen-vs-mainz-05/2pcq1z#4829523,2026-05-12T02:07:12.754437+00:00
4829524,54,Bundesliga,2025/2026,9788,Borussia Mönchengladbach,8149,Union Berlin,1,0,2026-02-28T14:30:00Z,finished,24,/matches/union-berlin-vs-borussia-monchengladbach/2nsd05#4829524,2026-05-12T02:07:12.754437+00:00
4829528,54,Bundesliga,2025/2026,8226,Hoffenheim,8152,St. Pauli,0,1,2026-02-28T14:30:00Z,finished,24,/matches/st-pauli-vs-hoffenheim/27uzw1#4829528,2026-05-12T02:07:12.754437+00:00
4829530,54,Bundesliga,2025/2026,8697,Werder Bremen,94937,FC Heidenheim,2,0,2026-02-28T14:30:00Z,finished,24,/matches/werder-bremen-vs-fc-heidenheim/2gt8y1w#4829530,2026-05-12T02:07:12.754437+00:00
4829525,54,Bundesliga,2025/2026,9789,Borussia Dortmund,9823,Bayern München,2,3,2026-02-28T17:30:00Z,finished,24,/matches/borussia-dortmund-vs-bayern-munchen/36iek5#4829525,2026-05-12T02:07:12.754437+00:00
4829529,54,Bundesliga,2025/2026,10269,VfB Stuttgart,8721,Wolfsburg,4,0,2026-03-01T14:30:00Z,finished,24,/matches/wolfsburg-vs-vfb-stuttgart/2zd26i#4829529,2026-05-12T02:07:12.754437+00:00
4829526,54,Bundesliga,2025/2026,9810,Eintracht Frankfurt,8358,Freiburg,2,0,2026-03-01T16:30:00Z,finished,24,/matches/freiburg-vs-eintracht-frankfurt/2q9qsu#4829526,2026-05-12T02:07:12.754437+00:00
4829527,54,Bundesliga,2025/2026,9790,Hamburger SV,178475,RB Leipzig,1,2,2026-03-01T18:30:00Z,finished,24,/matches/hamburger-sv-vs-rb-leipzig/853733v#4829527,2026-05-12T02:07:12.754437+00:00
4829462,54,Bundesliga,2025/2026,9790,Hamburger SV,8178,Bayer Leverkusen,0,1,2026-03-04T19:30:00Z,finished,17,/matches/bayer-leverkusen-vs-hamburger-sv/2o4afq#4829462,2026-05-12T02:07:12.754437+00:00
4829531,54,Bundesliga,2025/2026,9823,Bayern München,9788,Borussia Mönchengladbach,4,1,2026-03-06T19:30:00Z,finished,25,/matches/borussia-monchengladbach-vs-bayern-munchen/36hzfd#4829531,2026-05-12T02:07:12.754437+00:00
4829534,54,Bundesliga,2025/2026,94937,FC Heidenheim,8226,Hoffenheim,2,4,2026-03-07T14:30:00Z,finished,25,/matches/hoffenheim-vs-fc-heidenheim/2g0946b#4829534,2026-05-12T02:07:12.754437+00:00
4829533,54,Bundesliga,2025/2026,8358,Freiburg,8178,Bayer Leverkusen,3,3,2026-03-07T14:30:00Z,finished,25,/matches/bayer-leverkusen-vs-freiburg/29eqdu#4829533,2026-05-12T02:07:12.754437+00:00
4829535,54,Bundesliga,2025/2026,9905,Mainz 05,10269,VfB Stuttgart,2,2,2026-03-07T14:30:00Z,finished,25,/matches/mainz-05-vs-vfb-stuttgart/3d61a2#4829535,2026-05-12T02:07:12.754437+00:00
4829536,54,Bundesliga,2025/2026,178475,RB Leipzig,8406,Augsburg,2,1,2026-03-07T14:30:00Z,finished,25,/matches/augsburg-vs-rb-leipzig/80smw2f#4829536,2026-05-12T02:07:12.754437+00:00
4829539,54,Bundesliga,2025/2026,8721,Wolfsburg,9790,Hamburger SV,1,2,2026-03-07T14:30:00Z,finished,25,/matches/wolfsburg-vs-hamburger-sv/2u0knq#4829539,2026-05-12T02:07:12.754437+00:00
4829532,54,Bundesliga,2025/2026,8722,1. FC Köln,9789,Borussia Dortmund,1,2,2026-03-07T17:30:00Z,finished,25,/matches/1-fc-koln-vs-borussia-dortmund/2u0knp#4829532,2026-05-12T02:07:12.754437+00:00
4829537,54,Bundesliga,2025/2026,8152,St. Pauli,9810,Eintracht Frankfurt,0,0,2026-03-08T14:30:00Z,finished,25,/matches/st-pauli-vs-eintracht-frankfurt/2o1za1#4829537,2026-05-12T02:07:12.754437+00:00
4829538,54,Bundesliga,2025/2026,8149,Union Berlin,8697,Werder Bremen,1,4,2026-03-08T16:30:00Z,finished,25,/matches/union-berlin-vs-werder-bremen/2chn7m#4829538,2026-05-12T02:07:12.754437+00:00
4829541,54,Bundesliga,2025/2026,9788,Borussia Mönchengladbach,8152,St. Pauli,2,0,2026-03-13T19:30:00Z,finished,26,/matches/st-pauli-vs-borussia-monchengladbach/2ntij2#4829541,2026-05-12T02:07:12.754437+00:00
4829540,54,Bundesliga,2025/2026,8178,Bayer Leverkusen,9823,Bayern München,1,1,2026-03-14T14:30:00Z,finished,26,/matches/bayer-leverkusen-vs-bayern-munchen/2oh0ew#4829540,2026-05-12T02:07:12.754437+00:00
4829542,54,Bundesliga,2025/2026,9789,Borussia Dortmund,8406,Augsburg,2,0,2026-03-14T14:30:00Z,finished,26,/matches/augsburg-vs-borussia-dortmund/2qk9kr#4829542,2026-05-12T02:07:12.754437+00:00
4829543,54,Bundesliga,2025/2026,9810,Eintracht Frankfurt,94937,FC Heidenheim,1,0,2026-03-14T14:30:00Z,finished,26,/matches/eintracht-frankfurt-vs-fc-heidenheim/2iq8n7o#4829543,2026-05-12T02:07:12.754437+00:00
4829546,54,Bundesliga,2025/2026,8226,Hoffenheim,8721,Wolfsburg,1,1,2026-03-14T14:30:00Z,finished,26,/matches/hoffenheim-vs-wolfsburg/2di81r#4829546,2026-05-12T02:07:12.754437+00:00
4829545,54,Bundesliga,2025/2026,9790,Hamburger SV,8722,1. FC Köln,1,1,2026-03-14T17:30:00Z,finished,26,/matches/1-fc-koln-vs-hamburger-sv/2u0yxy#4829545,2026-05-12T02:07:12.754437+00:00
4829548,54,Bundesliga,2025/2026,8697,Werder Bremen,9905,Mainz 05,0,2,2026-03-15T14:30:00Z,finished,26,/matches/werder-bremen-vs-mainz-05/2v0rqw#4829548,2026-05-12T02:07:12.754437+00:00
4829544,54,Bundesliga,2025/2026,8358,Freiburg,8149,Union Berlin,0,1,2026-03-15T16:30:00Z,finished,26,/matches/union-berlin-vs-freiburg/294gog#4829544,2026-05-12T02:07:12.754437+00:00
4829547,54,Bundesliga,2025/2026,10269,VfB Stuttgart,178475,RB Leipzig,1,0,2026-03-15T18:30:00Z,finished,26,/matches/vfb-stuttgart-vs-rb-leipzig/86l20hb#4829547,2026-05-12T02:07:12.754437+00:00
4829555,54,Bundesliga,2025/2026,178475,RB Leipzig,8226,Hoffenheim,5,0,2026-03-20T19:30:00Z,finished,27,/matches/hoffenheim-vs-rb-leipzig/808m8nx#4829555,2026-05-12T02:07:12.754437+00:00
4829550,54,Bundesliga,2025/2026,9823,Bayern München,8149,Union Berlin,4,0,2026-03-21T14:30:00Z,finished,27,/matches/union-berlin-vs-bayern-munchen/2o5txd#4829550,2026-05-12T02:07:12.754437+00:00
4829553,54,Bundesliga,2025/2026,94937,FC Heidenheim,8178,Bayer Leverkusen,3,3,2026-03-21T14:30:00Z,finished,27,/matches/bayer-leverkusen-vs-fc-heidenheim/2fxb06z#4829553,2026-05-12T02:07:12.754437+00:00
4829552,54,Bundesliga,2025/2026,8722,1. FC Köln,9788,Borussia Mönchengladbach,3,3,2026-03-21T14:30:00Z,finished,27,/matches/1-fc-koln-vs-borussia-monchengladbach/2u06dh#4829552,2026-05-12T02:07:12.754437+00:00
4829557,54,Bundesliga,2025/2026,8721,Wolfsburg,8697,Werder Bremen,0,1,2026-03-21T14:30:00Z,finished,27,/matches/werder-bremen-vs-wolfsburg/2iboso#4829557,2026-05-12T02:07:12.754437+00:00
4829551,54,Bundesliga,2025/2026,9789,Borussia Dortmund,9790,Hamburger SV,3,2,2026-03-21T17:30:00Z,finished,27,/matches/borussia-dortmund-vs-hamburger-sv/364jk8#4829551,2026-05-12T02:07:12.754437+00:00
4829554,54,Bundesliga,2025/2026,9905,Mainz 05,9810,Eintracht Frankfurt,2,1,2026-03-22T14:30:00Z,finished,27,/matches/eintracht-frankfurt-vs-mainz-05/37ptfb#4829554,2026-05-12T02:07:12.754437+00:00
4829556,54,Bundesliga,2025/2026,8152,St. Pauli,8358,Freiburg,1,2,2026-03-22T16:30:00Z,finished,27,/matches/st-pauli-vs-freiburg/295iw7#4829556,2026-05-12T02:07:12.754437+00:00
4829549,54,Bundesliga,2025/2026,8406,Augsburg,10269,VfB Stuttgart,2,5,2026-03-22T18:30:00Z,finished,27,/matches/augsburg-vs-vfb-stuttgart/2vtwh0#4829549,2026-05-12T02:07:12.754437+00:00
4829558,54,Bundesliga,2025/2026,8178,Bayer Leverkusen,8721,Wolfsburg,6,3,2026-04-04T13:30:00Z,finished,28,/matches/bayer-leverkusen-vs-wolfsburg/2d0t93#4829558,2026-05-12T02:07:12.754437+00:00
4829559,54,Bundesliga,2025/2026,9788,Borussia Mönchengladbach,94937,FC Heidenheim,2,2,2026-04-04T13:30:00Z,finished,28,/matches/borussia-monchengladbach-vs-fc-heidenheim/2iov99f#4829559,2026-05-12T02:07:12.754437+00:00
4829561,54,Bundesliga,2025/2026,8358,Freiburg,9823,Bayern München,2,3,2026-04-04T13:30:00Z,finished,28,/matches/freiburg-vs-bayern-munchen/2qet4e#4829561,2026-05-12T02:07:12.754437+00:00
4829562,54,Bundesliga,2025/2026,9790,Hamburger SV,8406,Augsburg,1,1,2026-04-04T13:30:00Z,finished,28,/matches/augsburg-vs-hamburger-sv/2qknm8#4829562,2026-05-12T02:07:12.754437+00:00
4829563,54,Bundesliga,2025/2026,8226,Hoffenheim,9905,Mainz 05,1,2,2026-04-04T13:30:00Z,finished,28,/matches/hoffenheim-vs-mainz-05/2pvcpb#4829563,2026-05-12T02:07:12.754437+00:00
4829566,54,Bundesliga,2025/2026,8697,Werder Bremen,178475,RB Leipzig,1,2,2026-04-04T13:30:00Z,finished,28,/matches/werder-bremen-vs-rb-leipzig/81p1es3#4829566,2026-05-12T02:07:12.754437+00:00
4829564,54,Bundesliga,2025/2026,10269,VfB Stuttgart,9789,Borussia Dortmund,0,2,2026-04-04T16:30:00Z,finished,28,/matches/borussia-dortmund-vs-vfb-stuttgart/3bs0n0#4829564,2026-05-12T02:07:12.754437+00:00
4829565,54,Bundesliga,2025/2026,8149,Union Berlin,8152,St. Pauli,1,1,2026-04-05T13:30:00Z,finished,28,/matches/union-berlin-vs-st-pauli/27410j#4829565,2026-05-12T02:07:12.754437+00:00
4829560,54,Bundesliga,2025/2026,9810,Eintracht Frankfurt,8722,1. FC Köln,2,2,2026-04-05T15:30:00Z,finished,28,/matches/1-fc-koln-vs-eintracht-frankfurt/2u8wss#4829560,2026-05-12T02:07:12.754437+00:00
4829567,54,Bundesliga,2025/2026,8406,Augsburg,8226,Hoffenheim,2,2,2026-04-10T18:30:00Z,finished,29,/matches/hoffenheim-vs-augsburg/2acuwi#4829567,2026-05-12T02:07:12.754437+00:00
4829568,54,Bundesliga,2025/2026,9789,Borussia Dortmund,8178,Bayer Leverkusen,0,1,2026-04-11T13:30:00Z,finished,29,/matches/bayer-leverkusen-vs-borussia-dortmund/2o3wkl#4829568,2026-05-12T02:07:12.754437+00:00
4829570,54,Bundesliga,2025/2026,94937,FC Heidenheim,8149,Union Berlin,3,1,2026-04-11T13:30:00Z,finished,29,/matches/union-berlin-vs-fc-heidenheim/2fvix5e#4829570,2026-05-12T02:07:12.754437+00:00
4829572,54,Bundesliga,2025/2026,178475,RB Leipzig,9788,Borussia Mönchengladbach,1,0,2026-04-11T13:30:00Z,finished,29,/matches/borussia-monchengladbach-vs-rb-leipzig/852z0ko#4829572,2026-05-12T02:07:12.754437+00:00
4829575,54,Bundesliga,2025/2026,8721,Wolfsburg,9810,Eintracht Frankfurt,1,2,2026-04-11T13:30:00Z,finished,29,/matches/wolfsburg-vs-eintracht-frankfurt/2u8ii0#4829575,2026-05-12T02:07:12.754437+00:00
4829573,54,Bundesliga,2025/2026,8152,St. Pauli,9823,Bayern München,0,5,2026-04-11T16:30:00Z,finished,29,/matches/st-pauli-vs-bayern-munchen/2o6zj7#4829573,2026-05-12T02:07:12.754437+00:00
4829569,54,Bundesliga,2025/2026,8722,1. FC Köln,8697,Werder Bremen,3,1,2026-04-12T13:30:00Z,finished,29,/matches/werder-bremen-vs-1-fc-koln/2ic28k#4829569,2026-05-12T02:07:12.754437+00:00
4829574,54,Bundesliga,2025/2026,10269,VfB Stuttgart,9790,Hamburger SV,4,0,2026-04-12T15:30:00Z,finished,29,/matches/hamburger-sv-vs-vfb-stuttgart/3bsg48#4829574,2026-05-12T02:07:12.754437+00:00
4829571,54,Bundesliga,2025/2026,9905,Mainz 05,8358,Freiburg,0,1,2026-04-12T17:30:00Z,finished,29,/matches/freiburg-vs-mainz-05/2rau5h#4829571,2026-05-12T02:07:12.754437+00:00
4829582,54,Bundesliga,2025/2026,8152,St. Pauli,8722,1. FC Köln,1,1,2026-04-17T18:30:00Z,finished,30,/matches/st-pauli-vs-1-fc-koln/2crri1#4829582,2026-05-12T02:07:12.754437+00:00
4829576,54,Bundesliga,2025/2026,8178,Bayer Leverkusen,8406,Augsburg,1,2,2026-04-18T13:30:00Z,finished,30,/matches/bayer-leverkusen-vs-augsburg/29vrru#4829576,2026-05-12T02:07:12.754437+00:00
4829581,54,Bundesliga,2025/2026,8226,Hoffenheim,9789,Borussia Dortmund,2,1,2026-04-18T13:30:00Z,finished,30,/matches/hoffenheim-vs-borussia-dortmund/2omex9#4829581,2026-05-12T02:07:12.754437+00:00
4829583,54,Bundesliga,2025/2026,8149,Union Berlin,8721,Wolfsburg,1,2,2026-04-18T13:30:00Z,finished,30,/matches/union-berlin-vs-wolfsburg/2cqbfa#4829583,2026-05-12T02:07:12.754437+00:00
4829584,54,Bundesliga,2025/2026,8697,Werder Bremen,9790,Hamburger SV,3,1,2026-04-18T13:30:00Z,finished,30,/matches/werder-bremen-vs-hamburger-sv/2tr22q#4829584,2026-05-12T02:07:12.754437+00:00
4829579,54,Bundesliga,2025/2026,9810,Eintracht Frankfurt,178475,RB Leipzig,1,3,2026-04-18T16:30:00Z,finished,30,/matches/eintracht-frankfurt-vs-rb-leipzig/855fslx#4829579,2026-05-12T02:07:12.754437+00:00
4829580,54,Bundesliga,2025/2026,8358,Freiburg,94937,FC Heidenheim,2,1,2026-04-19T13:30:00Z,finished,30,/matches/freiburg-vs-fc-heidenheim/2g8d6ah#4829580,2026-05-12T02:07:12.754437+00:00
4829577,54,Bundesliga,2025/2026,9823,Bayern München,10269,VfB Stuttgart,4,2,2026-04-19T15:30:00Z,finished,30,/matches/bayern-munchen-vs-vfb-stuttgart/3c6nc5#4829577,2026-05-12T02:07:12.754437+00:00
4829578,54,Bundesliga,2025/2026,9788,Borussia Mönchengladbach,9905,Mainz 05,1,1,2026-04-19T17:30:00Z,finished,30,/matches/borussia-monchengladbach-vs-mainz-05/37gixo#4829578,2026-05-12T02:07:12.754437+00:00
4829591,54,Bundesliga,2025/2026,178475,RB Leipzig,8149,Union Berlin,3,1,2026-04-24T18:30:00Z,finished,31,/matches/union-berlin-vs-rb-leipzig/80026ad#4829591,2026-05-12T02:07:12.754437+00:00
4829585,54,Bundesliga,2025/2026,8406,Augsburg,9810,Eintracht Frankfurt,1,1,2026-04-25T13:30:00Z,finished,31,/matches/augsburg-vs-eintracht-frankfurt/2qsgli#4829585,2026-05-12T02:07:12.754437+00:00
4829589,54,Bundesliga,2025/2026,94937,FC Heidenheim,8152,St. Pauli,2,0,2026-04-25T13:30:00Z,finished,31,/matches/st-pauli-vs-fc-heidenheim/2fvpjs2#4829589,2026-05-12T02:07:12.754437+00:00
4829587,54,Bundesliga,2025/2026,8722,1. FC Köln,8178,Bayer Leverkusen,1,2,2026-04-25T13:30:00Z,finished,31,/matches/bayer-leverkusen-vs-1-fc-koln/2d16ak#4829587,2026-05-12T02:07:12.754437+00:00
4829590,54,Bundesliga,2025/2026,9905,Mainz 05,9823,Bayern München,3,4,2026-04-25T13:30:00Z,finished,31,/matches/bayern-munchen-vs-mainz-05/37vb95#4829590,2026-05-12T02:07:12.754437+00:00
4829593,54,Bundesliga,2025/2026,8721,Wolfsburg,9788,Borussia Mönchengladbach,0,0,2026-04-25T13:30:00Z,finished,31,/matches/wolfsburg-vs-borussia-monchengladbach/2tzs3b#4829593,2026-05-12T02:07:12.754437+00:00
4829588,54,Bundesliga,2025/2026,9790,Hamburger SV,8226,Hoffenheim,1,2,2026-04-25T16:30:00Z,finished,31,/matches/hoffenheim-vs-hamburger-sv/2omstq#4829588,2026-05-12T02:07:12.754437+00:00
4829592,54,Bundesliga,2025/2026,10269,VfB Stuttgart,8697,Werder Bremen,1,1,2026-04-26T13:30:00Z,finished,31,/matches/werder-bremen-vs-vfb-stuttgart/2z3api#4829592,2026-05-12T02:07:12.754437+00:00
4829586,54,Bundesliga,2025/2026,9789,Borussia Dortmund,8358,Freiburg,4,0,2026-04-26T15:30:00Z,finished,31,/matches/freiburg-vs-borussia-dortmund/2q1kk3#4829586,2026-05-12T02:07:12.754437+00:00
4829595,54,Bundesliga,2025/2026,9823,Bayern München,94937,FC Heidenheim,3,3,2026-05-02T13:30:00Z,finished,32,/matches/bayern-munchen-vs-fc-heidenheim/2ir1tzv#4829595,2026-05-12T02:07:12.754437+00:00
4829597,54,Bundesliga,2025/2026,9810,Eintracht Frankfurt,9790,Hamburger SV,1,2,2026-05-02T13:30:00Z,finished,32,/matches/hamburger-sv-vs-eintracht-frankfurt/36dd0a#4829597,2026-05-12T02:07:12.754437+00:00
4829599,54,Bundesliga,2025/2026,8226,Hoffenheim,10269,VfB Stuttgart,3,3,2026-05-02T13:30:00Z,finished,32,/matches/hoffenheim-vs-vfb-stuttgart/2tu70i#4829599,2026-05-12T02:07:12.754437+00:00
4829601,54,Bundesliga,2025/2026,8149,Union Berlin,8722,1. FC Köln,2,2,2026-05-02T13:30:00Z,finished,32,/matches/union-berlin-vs-1-fc-koln/2cqofy#4829601,2026-05-12T02:07:12.754437+00:00
4829602,54,Bundesliga,2025/2026,8697,Werder Bremen,8406,Augsburg,1,3,2026-05-02T13:30:00Z,finished,32,/matches/augsburg-vs-werder-bremen/2f35e9#4829602,2026-05-12T02:07:12.754437+00:00
4829594,54,Bundesliga,2025/2026,8178,Bayer Leverkusen,178475,RB Leipzig,4,1,2026-05-02T16:30:00Z,finished,32,/matches/bayer-leverkusen-vs-rb-leipzig/803a6n9#4829594,2026-05-12T02:07:12.754437+00:00
4829600,54,Bundesliga,2025/2026,8152,St. Pauli,9905,Mainz 05,1,2,2026-05-03T13:30:00Z,finished,32,/matches/st-pauli-vs-mainz-05/2p2nj2#4829600,2026-05-12T02:07:12.754437+00:00
4829596,54,Bundesliga,2025/2026,9788,Borussia Mönchengladbach,9789,Borussia Dortmund,1,0,2026-05-03T15:40:00Z,finished,32,/matches/borussia-monchengladbach-vs-borussia-dortmund/363pci#4829596,2026-05-12T02:07:12.754437+00:00
4829598,54,Bundesliga,2025/2026,8358,Freiburg,8721,Wolfsburg,1,1,2026-05-03T17:30:00Z,finished,32,/matches/freiburg-vs-wolfsburg/2eucwl#4829598,2026-05-12T02:07:12.754437+00:00
4829604,54,Bundesliga,2025/2026,9789,Borussia Dortmund,9810,Eintracht Frankfurt,3,2,2026-05-08T18:30:00Z,finished,33,/matches/borussia-dortmund-vs-eintracht-frankfurt/36cxvu#4829604,2026-05-12T02:07:12.754437+00:00
4829603,54,Bundesliga,2025/2026,8406,Augsburg,9788,Borussia Mönchengladbach,3,1,2026-05-09T13:30:00Z,finished,33,/matches/augsburg-vs-borussia-monchengladbach/2qjvjb#4829603,2026-05-12T02:07:12.754437+00:00
4829607,54,Bundesliga,2025/2026,8226,Hoffenheim,8697,Werder Bremen,1,0,2026-05-09T13:30:00Z,finished,33,/matches/hoffenheim-vs-werder-bremen/2d9ier#4829607,2026-05-12T02:07:12.754437+00:00
4829609,54,Bundesliga,2025/2026,178475,RB Leipzig,8152,St. Pauli,2,1,2026-05-09T13:30:00Z,finished,33,/matches/st-pauli-vs-rb-leipzig/800e6am#4829609,2026-05-12T02:07:12.754437+00:00
4829610,54,Bundesliga,2025/2026,10269,VfB Stuttgart,8178,Bayer Leverkusen,3,1,2026-05-09T13:30:00Z,finished,33,/matches/bayer-leverkusen-vs-vfb-stuttgart/2tb6ui#4829610,2026-05-12T02:07:12.754437+00:00
4829611,54,Bundesliga,2025/2026,8721,Wolfsburg,9823,Bayern München,0,1,2026-05-09T16:30:00Z,finished,33,/matches/wolfsburg-vs-bayern-munchen/2udogn#4829611,2026-05-12T02:07:12.754437+00:00
4829606,54,Bundesliga,2025/2026,9790,Hamburger SV,8358,Freiburg,3,2,2026-05-10T13:30:00Z,finished,33,/matches/freiburg-vs-hamburger-sv/2q1yk8#4829606,2026-05-12T02:07:12.754437+00:00
4829605,54,Bundesliga,2025/2026,8722,1. FC Köln,94937,FC Heidenheim,1,3,2026-05-10T15:30:00Z,finished,33,/matches/1-fc-koln-vs-fc-heidenheim/2gushez#4829605,2026-05-12T02:07:12.754437+00:00
4829608,54,Bundesliga,2025/2026,9905,Mainz 05,8149,Union Berlin,1,3,2026-05-10T17:30:00Z,finished,33,/matches/union-berlin-vs-mainz-05/2p1hqe#4829608,2026-05-12T02:07:12.754437+00:00
4829612,54,Bundesliga,2025/2026,8178,Bayer Leverkusen,9790,Hamburger SV,,,2026-05-16T13:30:00Z,upcoming,34,/matches/bayer-leverkusen-vs-hamburger-sv/2o4afq#4829612,2026-05-12T02:07:12.754437+00:00
4829613,54,Bundesliga,2025/2026,9823,Bayern München,8722,1. FC Köln,,,2026-05-16T13:30:00Z,upcoming,34,/matches/1-fc-koln-vs-bayern-munchen/2ue2rs#4829613,2026-05-12T02:07:12.754437+00:00
4829614,54,Bundesliga,2025/2026,9788,Borussia Mönchengladbach,8226,Hoffenheim,,,2026-05-16T13:30:00Z,upcoming,34,/matches/hoffenheim-vs-borussia-monchengladbach/2om10t#4829614,2026-05-12T02:07:12.754437+00:00
4829615,54,Bundesliga,2025/2026,9810,Eintracht Frankfurt,10269,VfB Stuttgart,,,2026-05-16T13:30:00Z,upcoming,34,/matches/eintracht-frankfurt-vs-vfb-stuttgart/3c11ui#4829615,2026-05-12T02:07:12.754437+00:00
4829617,54,Bundesliga,2025/2026,94937,FC Heidenheim,9905,Mainz 05,,,2026-05-16T13:30:00Z,upcoming,34,/matches/mainz-05-vs-fc-heidenheim/2iw610o#4829617,2026-05-12T02:07:12.754437+00:00
4829616,54,Bundesliga,2025/2026,8358,Freiburg,178475,RB Leipzig,,,2026-05-16T13:30:00Z,upcoming,34,/matches/freiburg-vs-rb-leipzig/80nandr#4829616,2026-05-12T02:07:12.754437+00:00
4829618,54,Bundesliga,2025/2026,8152,St. Pauli,8721,Wolfsburg,,,2026-05-16T13:30:00Z,upcoming,34,/matches/st-pauli-vs-wolfsburg/2creha#4829618,2026-05-12T02:07:12.754437+00:00
4829619,54,Bundesliga,2025/2026,8149,Union Berlin,8406,Augsburg,,,2026-05-16T13:30:00Z,upcoming,34,/matches/union-berlin-vs-augsburg/29lgzs#4829619,2026-05-12T02:07:12.754437+00:00
4829620,54,Bundesliga,2025/2026,8697,Werder Bremen,9789,Borussia Dortmund,,,2026-05-16T13:30:00Z,upcoming,34,/matches/werder-bremen-vs-borussia-dortmund/2tqnt6#4829620,2026-05-12T02:07:12.754437+00:00
4830466,53,Ligue 1,2025/2026,9851,Rennes,8592,Marseille,1,0,2025-08-15T18:45:00Z,finished,1,/matches/marseille-vs-rennes/2t9n7h#4830466,2026-05-12T02:15:34.618836+00:00
4830461,53,Ligue 1,2025/2026,8588,Lens,9748,Lyon,0,1,2025-08-16T15:00:00Z,finished,1,/matches/lens-vs-lyon/2s3gtg#4830461,2026-05-12T02:15:34.618836+00:00
4830463,53,Ligue 1,2025/2026,9829,Monaco,9746,Le Havre,3,1,2025-08-16T17:00:00Z,finished,1,/matches/le-havre-vs-monaco/362v61#4830463,2026-05-12T02:15:34.618836+00:00
4830465,53,Ligue 1,2025/2026,9831,Nice,9941,Toulouse,0,1,2025-08-16T19:05:00Z,finished,1,/matches/nice-vs-toulouse/38dxtn#4830465,2026-05-12T02:15:34.618836+00:00
4830460,53,Ligue 1,2025/2026,8521,Brest,8639,Lille,3,3,2025-08-17T13:00:00Z,finished,1,/matches/brest-vs-lille/2fo2ub#4830460,2026-05-12T02:15:34.618836+00:00
4830458,53,Ligue 1,2025/2026,8121,Angers,6379,Paris FC,1,0,2025-08-17T15:15:00Z,finished,1,/matches/paris-fc-vs-angers/1qlitv#4830458,2026-05-12T02:15:34.618836+00:00
4830459,53,Ligue 1,2025/2026,8583,Auxerre,8689,Lorient,1,0,2025-08-17T15:15:00Z,finished,1,/matches/auxerre-vs-lorient/2gteq5#4830459,2026-05-12T02:15:34.618836+00:00
4830462,53,Ligue 1,2025/2026,8550,Metz,9848,Strasbourg,0,1,2025-08-17T15:15:00Z,finished,1,/matches/metz-vs-strasbourg/2srvl5#4830462,2026-05-12T02:15:34.618836+00:00
4830464,53,Ligue 1,2025/2026,9830,Nantes,9847,Paris Saint-Germain,0,1,2025-08-17T18:45:00Z,finished,1,/matches/nantes-vs-paris-saint-germain/379ruy#4830464,2026-05-12T02:15:34.618836+00:00
4830473,53,Ligue 1,2025/2026,9847,Paris Saint-Germain,8121,Angers,1,0,2025-08-22T18:45:00Z,finished,2,/matches/angers-vs-paris-saint-germain/2o4ahb#4830473,2026-05-12T02:15:34.618836+00:00
4830471,53,Ligue 1,2025/2026,8592,Marseille,6379,Paris FC,5,2,2025-08-23T15:00:00Z,finished,2,/matches/paris-fc-vs-marseille/1uqamy#4830471,2026-05-12T02:15:34.618836+00:00
4830472,53,Ligue 1,2025/2026,9831,Nice,8583,Auxerre,3,1,2025-08-23T17:00:00Z,finished,2,/matches/auxerre-vs-nice/2sy6tc#4830472,2026-05-12T02:15:34.618836+00:00
4830470,53,Ligue 1,2025/2026,9748,Lyon,8550,Metz,3,0,2025-08-23T19:05:00Z,finished,2,/matches/metz-vs-lyon/2rojqb#4830470,2026-05-12T02:15:34.618836+00:00
4830469,53,Ligue 1,2025/2026,8689,Lorient,9851,Rennes,4,0,2025-08-24T13:00:00Z,finished,2,/matches/lorient-vs-rennes/2uc395#4830469,2026-05-12T02:15:34.618836+00:00
4830467,53,Ligue 1,2025/2026,9746,Le Havre,8588,Lens,1,2,2025-08-24T15:15:00Z,finished,2,/matches/lens-vs-le-havre/2s2oir#4830467,2026-05-12T02:15:34.618836+00:00
4830474,53,Ligue 1,2025/2026,9848,Strasbourg,9830,Nantes,1,0,2025-08-24T15:15:00Z,finished,2,/matches/nantes-vs-strasbourg/37a71l#4830474,2026-05-12T02:15:34.618836+00:00
4830475,53,Ligue 1,2025/2026,9941,Toulouse,8521,Brest,2,0,2025-08-24T15:15:00Z,finished,2,/matches/brest-vs-toulouse/2th5t2#4830475,2026-05-12T02:15:34.618836+00:00
4830468,53,Ligue 1,2025/2026,8639,Lille,9829,Monaco,1,0,2025-08-24T18:45:00Z,finished,2,/matches/lille-vs-monaco/2tjj7j#4830468,2026-05-12T02:15:34.618836+00:00
4830478,53,Ligue 1,2025/2026,8588,Lens,8521,Brest,3,1,2025-08-29T18:45:00Z,finished,3,/matches/brest-vs-lens/2f5cib#4830478,2026-05-12T02:15:34.618836+00:00
4830479,53,Ligue 1,2025/2026,8689,Lorient,8639,Lille,1,7,2025-08-30T15:00:00Z,finished,3,/matches/lille-vs-lorient/2he6a1#4830479,2026-05-12T02:15:34.618836+00:00
4830482,53,Ligue 1,2025/2026,9830,Nantes,8583,Auxerre,1,0,2025-08-30T17:00:00Z,finished,3,/matches/auxerre-vs-nantes/2sxslt#4830482,2026-05-12T02:15:34.618836+00:00
4830484,53,Ligue 1,2025/2026,9941,Toulouse,9847,Paris Saint-Germain,3,6,2025-08-30T19:05:00Z,finished,3,/matches/paris-saint-germain-vs-toulouse/38kq0z#4830484,2026-05-12T02:15:34.618836+00:00
4830476,53,Ligue 1,2025/2026,8121,Angers,9851,Rennes,1,1,2025-08-31T13:00:00Z,finished,3,/matches/angers-vs-rennes/2o5ty5#4830476,2026-05-12T02:15:34.618836+00:00
4830477,53,Ligue 1,2025/2026,9746,Le Havre,9831,Nice,3,1,2025-08-31T15:15:00Z,finished,3,/matches/le-havre-vs-nice/363pdo#4830477,2026-05-12T02:15:34.618836+00:00
4830481,53,Ligue 1,2025/2026,9829,Monaco,9848,Strasbourg,3,2,2025-08-31T15:15:00Z,finished,3,/matches/monaco-vs-strasbourg/379ruz#4830481,2026-05-12T02:15:34.618836+00:00
4830483,53,Ligue 1,2025/2026,6379,Paris FC,8550,Metz,3,2,2025-08-31T15:15:00Z,finished,3,/matches/paris-fc-vs-metz/1ucu3j#4830483,2026-05-12T02:15:34.618836+00:00
4830480,53,Ligue 1,2025/2026,9748,Lyon,8592,Marseille,1,0,2025-08-31T18:45:00Z,finished,3,/matches/marseille-vs-lyon/2s51f2#4830480,2026-05-12T02:15:34.618836+00:00
4830488,53,Ligue 1,2025/2026,8592,Marseille,8689,Lorient,4,0,2025-09-12T18:45:00Z,finished,4,/matches/marseille-vs-lorient/2gwqpe#4830488,2026-05-12T02:15:34.618836+00:00
4830490,53,Ligue 1,2025/2026,9831,Nice,9830,Nantes,1,0,2025-09-13T15:00:00Z,finished,4,/matches/nantes-vs-nice/37310i#4830490,2026-05-12T02:15:34.618836+00:00
4830485,53,Ligue 1,2025/2026,8583,Auxerre,9829,Monaco,1,2,2025-09-13T19:05:00Z,finished,4,/matches/auxerre-vs-monaco/2sxeeb#4830485,2026-05-12T02:15:34.618836+00:00
4830487,53,Ligue 1,2025/2026,8639,Lille,9941,Toulouse,2,1,2025-09-14T13:00:00Z,finished,4,/matches/lille-vs-toulouse/2us06f#4830487,2026-05-12T02:15:34.618836+00:00
4830486,53,Ligue 1,2025/2026,8521,Brest,6379,Paris FC,1,2,2025-09-14T15:15:00Z,finished,4,/matches/paris-fc-vs-brest/1u3kbv#4830486,2026-05-12T02:15:34.618836+00:00
4830489,53,Ligue 1,2025/2026,8550,Metz,8121,Angers,1,1,2025-09-14T15:15:00Z,finished,4,/matches/angers-vs-metz/2aqs46#4830489,2026-05-12T02:15:34.618836+00:00
4830491,53,Ligue 1,2025/2026,9847,Paris Saint-Germain,8588,Lens,2,0,2025-09-14T15:15:00Z,finished,4,/matches/lens-vs-paris-saint-germain/2t6hdp#4830491,2026-05-12T02:15:34.618836+00:00
4830493,53,Ligue 1,2025/2026,9848,Strasbourg,9746,Le Havre,1,0,2025-09-14T15:15:00Z,finished,4,/matches/le-havre-vs-strasbourg/36aub3#4830493,2026-05-12T02:15:34.618836+00:00
4830492,53,Ligue 1,2025/2026,9851,Rennes,9748,Lyon,3,1,2025-09-14T18:45:00Z,finished,4,/matches/lyon-vs-rennes/36cxwz#4830492,2026-05-12T02:15:34.618836+00:00
4830498,53,Ligue 1,2025/2026,9748,Lyon,8121,Angers,1,0,2025-09-19T18:45:00Z,finished,5,/matches/angers-vs-lyon/2n29lb#4830498,2026-05-12T02:15:34.618836+00:00
4830501,53,Ligue 1,2025/2026,9830,Nantes,9851,Rennes,2,2,2025-09-20T15:00:00Z,finished,5,/matches/nantes-vs-rennes/37bglo#4830501,2026-05-12T02:15:34.618836+00:00
4830495,53,Ligue 1,2025/2026,8521,Brest,9831,Nice,4,1,2025-09-20T17:00:00Z,finished,5,/matches/brest-vs-nice/2s9rcv#4830495,2026-05-12T02:15:34.618836+00:00
4830497,53,Ligue 1,2025/2026,8588,Lens,8639,Lille,3,0,2025-09-20T19:05:00Z,finished,5,/matches/lens-vs-lille/2gcrq9#4830497,2026-05-12T02:15:34.618836+00:00
4830502,53,Ligue 1,2025/2026,6379,Paris FC,9848,Strasbourg,2,3,2025-09-21T13:00:00Z,finished,5,/matches/paris-fc-vs-strasbourg/26e9n2#4830502,2026-05-12T02:15:34.618836+00:00
4830494,53,Ligue 1,2025/2026,8583,Auxerre,9941,Toulouse,1,0,2025-09-21T15:15:00Z,finished,5,/matches/auxerre-vs-toulouse/2u5qiz#4830494,2026-05-12T02:15:34.618836+00:00
4830496,53,Ligue 1,2025/2026,9746,Le Havre,8689,Lorient,1,1,2025-09-21T15:15:00Z,finished,5,/matches/lorient-vs-le-havre/2t6haw#4830496,2026-05-12T02:15:34.618836+00:00
4830500,53,Ligue 1,2025/2026,9829,Monaco,8550,Metz,5,2,2025-09-21T15:15:00Z,finished,5,/matches/metz-vs-monaco/2skdzb#4830500,2026-05-12T02:15:34.618836+00:00
4830499,53,Ligue 1,2025/2026,8592,Marseille,9847,Paris Saint-Germain,1,0,2025-09-22T18:00:00Z,finished,5,/matches/marseille-vs-paris-saint-germain/2t82ab#4830499,2026-05-12T02:15:34.618836+00:00
4830510,53,Ligue 1,2025/2026,9848,Strasbourg,8592,Marseille,1,2,2025-09-26T18:45:00Z,finished,6,/matches/marseille-vs-strasbourg/2t8gik#4830510,2026-05-12T02:15:34.618836+00:00
4830505,53,Ligue 1,2025/2026,8689,Lorient,9829,Monaco,3,1,2025-09-27T15:00:00Z,finished,6,/matches/lorient-vs-monaco/2u3coy#4830505,2026-05-12T02:15:34.618836+00:00
4830511,53,Ligue 1,2025/2026,9941,Toulouse,9830,Nantes,2,2,2025-09-27T17:00:00Z,finished,6,/matches/nantes-vs-toulouse/38dikf#4830511,2026-05-12T02:15:34.618836+00:00
4830508,53,Ligue 1,2025/2026,9847,Paris Saint-Germain,8583,Auxerre,2,0,2025-09-27T19:05:00Z,finished,6,/matches/auxerre-vs-paris-saint-germain/2t4i9k#4830508,2026-05-12T02:15:34.618836+00:00
4830507,53,Ligue 1,2025/2026,9831,Nice,6379,Paris FC,1,1,2025-09-28T13:00:00Z,finished,6,/matches/paris-fc-vs-nice/268cvm#4830507,2026-05-12T02:15:34.618836+00:00
4830503,53,Ligue 1,2025/2026,8121,Angers,8521,Brest,0,2,2025-09-28T15:15:00Z,finished,6,/matches/angers-vs-brest/2agfd8#4830503,2026-05-12T02:15:34.618836+00:00
4830504,53,Ligue 1,2025/2026,8639,Lille,9748,Lyon,0,1,2025-09-28T15:15:00Z,finished,6,/matches/lille-vs-lyon/2snjea#4830504,2026-05-12T02:15:34.618836+00:00
4830506,53,Ligue 1,2025/2026,8550,Metz,9746,Le Havre,0,0,2025-09-28T15:15:00Z,finished,6,/matches/metz-vs-le-havre/2rnrhq#4830506,2026-05-12T02:15:34.618836+00:00
4830509,53,Ligue 1,2025/2026,9851,Rennes,8588,Lens,0,0,2025-09-28T18:45:00Z,finished,6,/matches/lens-vs-rennes/2t82af#4830509,2026-05-12T02:15:34.618836+00:00
4830519,53,Ligue 1,2025/2026,6379,Paris FC,8689,Lorient,2,0,2025-10-03T18:45:00Z,finished,7,/matches/paris-fc-vs-lorient/1vliw7#4830519,2026-05-12T02:15:34.618836+00:00
4830517,53,Ligue 1,2025/2026,8550,Metz,8592,Marseille,0,3,2025-10-04T15:00:00Z,finished,7,/matches/metz-vs-marseille/2fhgl9#4830517,2026-05-12T02:15:34.618836+00:00
4830513,53,Ligue 1,2025/2026,8521,Brest,9830,Nantes,0,0,2025-10-04T17:00:00Z,finished,7,/matches/brest-vs-nantes/2s9d72#4830513,2026-05-12T02:15:34.618836+00:00
4830512,53,Ligue 1,2025/2026,8583,Auxerre,8588,Lens,1,2,2025-10-04T19:05:00Z,finished,7,/matches/auxerre-vs-lens/2fs4i2#4830512,2026-05-12T02:15:34.618836+00:00
4830516,53,Ligue 1,2025/2026,9748,Lyon,9941,Toulouse,1,2,2025-10-05T13:00:00Z,finished,7,/matches/lyon-vs-toulouse/37eu6q#4830516,2026-05-12T02:15:34.618836+00:00
4830514,53,Ligue 1,2025/2026,9746,Le Havre,9851,Rennes,2,2,2025-10-05T15:15:00Z,finished,7,/matches/le-havre-vs-rennes/36c3o6#4830514,2026-05-12T02:15:34.618836+00:00
4830518,53,Ligue 1,2025/2026,9829,Monaco,9831,Nice,2,2,2025-10-05T15:15:00Z,finished,7,/matches/monaco-vs-nice/372lud#4830518,2026-05-12T02:15:34.618836+00:00
4830520,53,Ligue 1,2025/2026,9848,Strasbourg,8121,Angers,5,0,2025-10-05T15:15:00Z,finished,7,/matches/angers-vs-strasbourg/2o4och#4830520,2026-05-12T02:15:34.618836+00:00
4830515,53,Ligue 1,2025/2026,8639,Lille,9847,Paris Saint-Germain,1,1,2025-10-05T18:45:00Z,finished,7,/matches/lille-vs-paris-saint-germain/2tqnus#4830515,2026-05-12T02:15:34.618836+00:00
4830527,53,Ligue 1,2025/2026,9847,Paris Saint-Germain,9848,Strasbourg,3,3,2025-10-17T18:45:00Z,finished,8,/matches/paris-saint-germain-vs-strasbourg/37hda8#4830527,2026-05-12T02:15:34.618836+00:00
4830526,53,Ligue 1,2025/2026,9831,Nice,9748,Lyon,3,2,2025-10-18T15:00:00Z,finished,8,/matches/lyon-vs-nice/364jld#4830526,2026-05-12T02:15:34.618836+00:00
4830521,53,Ligue 1,2025/2026,8121,Angers,9829,Monaco,1,1,2025-10-18T17:00:00Z,finished,8,/matches/angers-vs-monaco/2nxd12#4830521,2026-05-12T02:15:34.618836+00:00
4830524,53,Ligue 1,2025/2026,8592,Marseille,9746,Le Havre,6,2,2025-10-18T19:05:00Z,finished,8,/matches/marseille-vs-le-havre/2s4945#4830524,2026-05-12T02:15:34.618836+00:00
4830522,53,Ligue 1,2025/2026,8588,Lens,6379,Paris FC,2,1,2025-10-19T13:00:00Z,finished,8,/matches/paris-fc-vs-lens/1up0fk#4830522,2026-05-12T02:15:34.618836+00:00
4830523,53,Ligue 1,2025/2026,8689,Lorient,8521,Brest,3,3,2025-10-19T15:15:00Z,finished,8,/matches/brest-vs-lorient/2g6hwg#4830523,2026-05-12T02:15:34.618836+00:00
4830528,53,Ligue 1,2025/2026,9851,Rennes,8583,Auxerre,2,2,2025-10-19T15:15:00Z,finished,8,/matches/auxerre-vs-rennes/2t635q#4830528,2026-05-12T02:15:34.618836+00:00
4830529,53,Ligue 1,2025/2026,9941,Toulouse,8550,Metz,4,0,2025-10-19T15:15:00Z,finished,8,/matches/metz-vs-toulouse/2tsn9b#4830529,2026-05-12T02:15:34.618836+00:00
4830525,53,Ligue 1,2025/2026,9830,Nantes,8639,Lille,0,2,2025-10-19T18:45:00Z,finished,8,/matches/lille-vs-nantes/2tjxgl#4830525,2026-05-12T02:15:34.618836+00:00
4830537,53,Ligue 1,2025/2026,6379,Paris FC,9830,Nantes,1,2,2025-10-24T18:45:00Z,finished,9,/matches/paris-fc-vs-nantes/2680db#4830537,2026-05-12T02:15:34.618836+00:00
4830532,53,Ligue 1,2025/2026,8521,Brest,9847,Paris Saint-Germain,0,3,2025-10-25T15:00:00Z,finished,9,/matches/brest-vs-paris-saint-germain/2sg21j#4830532,2026-05-12T02:15:34.618836+00:00
4830536,53,Ligue 1,2025/2026,9829,Monaco,9941,Toulouse,1,0,2025-10-25T17:00:00Z,finished,9,/matches/monaco-vs-toulouse/38d3b8#4830536,2026-05-12T02:15:34.618836+00:00
4830533,53,Ligue 1,2025/2026,8588,Lens,8592,Marseille,2,1,2025-10-25T19:05:00Z,finished,9,/matches/lens-vs-marseille/2fvfs6#4830533,2026-05-12T02:15:34.618836+00:00
4830534,53,Ligue 1,2025/2026,8639,Lille,8550,Metz,6,1,2025-10-26T14:00:00Z,finished,9,/matches/metz-vs-lille/2fyr5q#4830534,2026-05-12T02:15:34.618836+00:00
4830530,53,Ligue 1,2025/2026,8121,Angers,8689,Lorient,2,0,2025-10-26T16:15:00Z,finished,9,/matches/angers-vs-lorient/2c4nqw#4830530,2026-05-12T02:15:34.618836+00:00
4830531,53,Ligue 1,2025/2026,8583,Auxerre,9746,Le Havre,0,1,2025-10-26T16:15:00Z,finished,9,/matches/auxerre-vs-le-havre/2s0psn#4830531,2026-05-12T02:15:34.618836+00:00
4830538,53,Ligue 1,2025/2026,9851,Rennes,9831,Nice,1,2,2025-10-26T16:15:00Z,finished,9,/matches/nice-vs-rennes/37bvse#4830538,2026-05-12T02:15:34.618836+00:00
4830535,53,Ligue 1,2025/2026,9748,Lyon,9848,Strasbourg,2,1,2025-10-26T19:45:00Z,finished,9,/matches/lyon-vs-strasbourg/36bojq#4830535,2026-05-12T02:15:34.618836+00:00
4830539,53,Ligue 1,2025/2026,9746,Le Havre,8521,Brest,1,0,2025-10-29T18:00:00Z,finished,10,/matches/brest-vs-le-havre/2rceek#4830539,2026-05-12T02:15:34.618836+00:00
4830540,53,Ligue 1,2025/2026,8689,Lorient,9847,Paris Saint-Germain,1,1,2025-10-29T18:00:00Z,finished,10,/matches/lorient-vs-paris-saint-germain/2uai17#4830540,2026-05-12T02:15:34.618836+00:00
4830542,53,Ligue 1,2025/2026,8550,Metz,8588,Lens,2,0,2025-10-29T18:00:00Z,finished,10,/matches/metz-vs-lens/2ffzon#4830542,2026-05-12T02:15:34.618836+00:00
4830544,53,Ligue 1,2025/2026,9831,Nice,8639,Lille,2,0,2025-10-29T18:00:00Z,finished,10,/matches/lille-vs-nice/2tkbpo#4830544,2026-05-12T02:15:34.618836+00:00
4830541,53,Ligue 1,2025/2026,8592,Marseille,8121,Angers,2,2,2025-10-29T20:05:00Z,finished,10,/matches/angers-vs-marseille/2b5t3x#4830541,2026-05-12T02:15:34.618836+00:00
4830543,53,Ligue 1,2025/2026,9830,Nantes,9829,Monaco,3,5,2025-10-29T20:05:00Z,finished,10,/matches/monaco-vs-nantes/3726o8#4830543,2026-05-12T02:15:34.618836+00:00
4830545,53,Ligue 1,2025/2026,6379,Paris FC,9748,Lyon,3,3,2025-10-29T20:05:00Z,finished,10,/matches/paris-fc-vs-lyon/25flas#4830545,2026-05-12T02:15:34.618836+00:00
4830546,53,Ligue 1,2025/2026,9848,Strasbourg,8583,Auxerre,3,0,2025-10-29T20:05:00Z,finished,10,/matches/auxerre-vs-strasbourg/2t4whk#4830546,2026-05-12T02:15:34.618836+00:00
4830547,53,Ligue 1,2025/2026,9941,Toulouse,9851,Rennes,2,2,2025-10-29T20:05:00Z,finished,10,/matches/rennes-vs-toulouse/38mf3x#4830547,2026-05-12T02:15:34.618836+00:00
4830554,53,Ligue 1,2025/2026,9847,Paris Saint-Germain,9831,Nice,1,0,2025-11-01T16:00:00Z,finished,11,/matches/nice-vs-paris-saint-germain/37a71k#4830554,2026-05-12T02:15:34.618836+00:00
4830552,53,Ligue 1,2025/2026,9829,Monaco,6379,Paris FC,0,1,2025-11-01T18:00:00Z,finished,11,/matches/paris-fc-vs-monaco/267nv1#4830552,2026-05-12T02:15:34.618836+00:00
4830548,53,Ligue 1,2025/2026,8583,Auxerre,8592,Marseille,0,1,2025-11-01T20:05:00Z,finished,11,/matches/auxerre-vs-marseille/2ftlic#4830548,2026-05-12T02:15:34.618836+00:00
4830555,53,Ligue 1,2025/2026,9851,Rennes,9848,Strasbourg,4,1,2025-11-02T14:00:00Z,finished,11,/matches/strasbourg-vs-rennes/37j22x#4830555,2026-05-12T02:15:34.618836+00:00
4830550,53,Ligue 1,2025/2026,8588,Lens,8689,Lorient,3,0,2025-11-02T16:15:00Z,finished,11,/matches/lens-vs-lorient/2gv9dg#4830550,2026-05-12T02:15:34.618836+00:00
4830551,53,Ligue 1,2025/2026,8639,Lille,8121,Angers,1,0,2025-11-02T16:15:00Z,finished,11,/matches/angers-vs-lille/2bmo4b#4830551,2026-05-12T02:15:34.618836+00:00
4830553,53,Ligue 1,2025/2026,9830,Nantes,8550,Metz,0,2,2025-11-02T16:15:00Z,finished,11,/matches/metz-vs-nantes/2sks5w#4830553,2026-05-12T02:15:34.618836+00:00
4830556,53,Ligue 1,2025/2026,9941,Toulouse,9746,Le Havre,0,0,2025-11-02T16:15:00Z,finished,11,/matches/le-havre-vs-toulouse/37dzsx#4830556,2026-05-12T02:15:34.618836+00:00
4830549,53,Ligue 1,2025/2026,8521,Brest,9748,Lyon,0,0,2025-11-02T19:45:00Z,finished,11,/matches/brest-vs-lyon/2rd6lj#4830549,2026-05-12T02:15:34.618836+00:00
4830564,53,Ligue 1,2025/2026,6379,Paris FC,9851,Rennes,0,1,2025-11-07T19:45:00Z,finished,12,/matches/paris-fc-vs-rennes/26fb7k#4830564,2026-05-12T02:15:34.618836+00:00
4830561,53,Ligue 1,2025/2026,8592,Marseille,8521,Brest,3,0,2025-11-08T16:00:00Z,finished,12,/matches/brest-vs-marseille/2f6tbp#4830561,2026-05-12T02:15:34.618836+00:00
4830558,53,Ligue 1,2025/2026,9746,Le Havre,9830,Nantes,1,1,2025-11-08T18:00:00Z,finished,12,/matches/le-havre-vs-nantes/363a9u#4830558,2026-05-12T02:15:34.618836+00:00
4830563,53,Ligue 1,2025/2026,9829,Monaco,8588,Lens,1,4,2025-11-08T20:05:00Z,finished,12,/matches/lens-vs-monaco/2szdfy#4830563,2026-05-12T02:15:34.618836+00:00
4830559,53,Ligue 1,2025/2026,8689,Lorient,9941,Toulouse,1,1,2025-11-09T14:00:00Z,finished,12,/matches/lorient-vs-toulouse/2vbxze#4830559,2026-05-12T02:15:34.618836+00:00
4830557,53,Ligue 1,2025/2026,8121,Angers,8583,Auxerre,2,0,2025-11-09T16:15:00Z,finished,12,/matches/angers-vs-auxerre/2b2l2f#4830557,2026-05-12T02:15:34.618836+00:00
4830562,53,Ligue 1,2025/2026,8550,Metz,9831,Nice,2,1,2025-11-09T16:15:00Z,finished,12,/matches/metz-vs-nice/2sl6ci#4830562,2026-05-12T02:15:34.618836+00:00
4830565,53,Ligue 1,2025/2026,9848,Strasbourg,8639,Lille,2,0,2025-11-09T16:15:00Z,finished,12,/matches/lille-vs-strasbourg/2tr24c#4830565,2026-05-12T02:15:34.618836+00:00
4830560,53,Ligue 1,2025/2026,9748,Lyon,9847,Paris Saint-Germain,2,3,2025-11-09T19:45:00Z,finished,12,/matches/lyon-vs-paris-saint-germain/36b9fd#4830560,2026-05-12T02:15:34.618836+00:00
4830571,53,Ligue 1,2025/2026,9831,Nice,8592,Marseille,1,5,2025-11-21T19:45:00Z,finished,13,/matches/marseille-vs-nice/2t1qq3#4830571,2026-05-12T02:15:34.618836+00:00
4830568,53,Ligue 1,2025/2026,8588,Lens,9848,Strasbourg,1,0,2025-11-22T16:00:00Z,finished,13,/matches/lens-vs-strasbourg/2t6vlu#4830568,2026-05-12T02:15:34.618836+00:00
4830573,53,Ligue 1,2025/2026,9851,Rennes,9829,Monaco,4,1,2025-11-22T18:00:00Z,finished,13,/matches/monaco-vs-rennes/37b1ez#4830573,2026-05-12T02:15:34.618836+00:00
4830572,53,Ligue 1,2025/2026,9847,Paris Saint-Germain,9746,Le Havre,3,0,2025-11-22T20:05:00Z,finished,13,/matches/le-havre-vs-paris-saint-germain/36af6s#4830572,2026-05-12T02:15:34.618836+00:00
4830566,53,Ligue 1,2025/2026,8583,Auxerre,9748,Lyon,0,0,2025-11-23T14:00:00Z,finished,13,/matches/auxerre-vs-lyon/2s1i32#4830566,2026-05-12T02:15:34.618836+00:00
4830567,53,Ligue 1,2025/2026,8521,Brest,8550,Metz,3,2,2025-11-23T16:15:00Z,finished,13,/matches/brest-vs-metz/2erfda#4830567,2026-05-12T02:15:34.618836+00:00
4830570,53,Ligue 1,2025/2026,9830,Nantes,8689,Lorient,1,1,2025-11-23T16:15:00Z,finished,13,/matches/lorient-vs-nantes/2u3qze#4830570,2026-05-12T02:15:34.618836+00:00
4830574,53,Ligue 1,2025/2026,9941,Toulouse,8121,Angers,0,1,2025-11-23T16:15:00Z,finished,13,/matches/angers-vs-toulouse/2p4l8e#4830574,2026-05-12T02:15:34.618836+00:00
4830569,53,Ligue 1,2025/2026,8639,Lille,6379,Paris FC,4,2,2025-11-23T19:45:00Z,finished,13,/matches/paris-fc-vs-lille/1v5eh2#4830569,2026-05-12T02:15:34.618836+00:00
4830580,53,Ligue 1,2025/2026,8550,Metz,9851,Rennes,0,1,2025-11-28T19:45:00Z,finished,14,/matches/metz-vs-rennes/2st26k#4830580,2026-05-12T02:15:34.618836+00:00
4830581,53,Ligue 1,2025/2026,9829,Monaco,9847,Paris Saint-Germain,1,0,2025-11-29T16:00:00Z,finished,14,/matches/monaco-vs-paris-saint-germain/379cod#4830581,2026-05-12T02:15:34.618836+00:00
4830582,53,Ligue 1,2025/2026,6379,Paris FC,8583,Auxerre,1,1,2025-11-29T18:00:00Z,finished,14,/matches/paris-fc-vs-auxerre/1uneoy#4830582,2026-05-12T02:15:34.618836+00:00
4830579,53,Ligue 1,2025/2026,8592,Marseille,9941,Toulouse,2,2,2025-11-29T20:05:00Z,finished,14,/matches/marseille-vs-toulouse/2u9b78#4830579,2026-05-12T02:15:34.618836+00:00
4830583,53,Ligue 1,2025/2026,9848,Strasbourg,8521,Brest,1,2,2025-11-30T14:00:00Z,finished,14,/matches/brest-vs-strasbourg/2sgg7t#4830583,2026-05-12T02:15:34.618836+00:00
4830575,53,Ligue 1,2025/2026,8121,Angers,8588,Lens,1,2,2025-11-30T16:15:00Z,finished,14,/matches/angers-vs-lens/2b4diz#4830575,2026-05-12T02:15:34.618836+00:00
4830576,53,Ligue 1,2025/2026,9746,Le Havre,8639,Lille,0,1,2025-11-30T16:15:00Z,finished,14,/matches/lille-vs-le-havre/2smr0r#4830576,2026-05-12T02:15:34.618836+00:00
4830577,53,Ligue 1,2025/2026,8689,Lorient,9831,Nice,3,1,2025-11-30T16:15:00Z,finished,14,/matches/lorient-vs-nice/2u459v#4830577,2026-05-12T02:15:34.618836+00:00
4830578,53,Ligue 1,2025/2026,9748,Lyon,9830,Nantes,3,0,2025-11-30T19:45:00Z,finished,14,/matches/lyon-vs-nantes/3644hh#4830578,2026-05-12T02:15:34.618836+00:00
4830585,53,Ligue 1,2025/2026,8521,Brest,9829,Monaco,1,0,2025-12-05T18:00:00Z,finished,15,/matches/brest-vs-monaco/2s8z1a#4830585,2026-05-12T02:15:34.618836+00:00
4830587,53,Ligue 1,2025/2026,8639,Lille,8592,Marseille,1,0,2025-12-05T20:00:00Z,finished,15,/matches/marseille-vs-lille/2ge8wn#4830587,2026-05-12T02:15:34.618836+00:00
4830589,53,Ligue 1,2025/2026,9830,Nantes,8588,Lens,1,2,2025-12-06T16:00:00Z,finished,15,/matches/lens-vs-nantes/2szrnl#4830589,2026-05-12T02:15:34.618836+00:00
4830592,53,Ligue 1,2025/2026,9941,Toulouse,9848,Strasbourg,1,0,2025-12-06T18:00:00Z,finished,15,/matches/strasbourg-vs-toulouse/38l5ao#4830592,2026-05-12T02:15:34.618836+00:00
4830591,53,Ligue 1,2025/2026,9847,Paris Saint-Germain,9851,Rennes,5,0,2025-12-06T20:05:00Z,finished,15,/matches/paris-saint-germain-vs-rennes/37imvq#4830591,2026-05-12T02:15:34.618836+00:00
4830590,53,Ligue 1,2025/2026,9831,Nice,8121,Angers,0,1,2025-12-07T14:00:00Z,finished,15,/matches/angers-vs-nice/2ny4qf#4830590,2026-05-12T02:15:34.618836+00:00
4830584,53,Ligue 1,2025/2026,8583,Auxerre,8550,Metz,3,1,2025-12-07T16:15:00Z,finished,15,/matches/metz-vs-auxerre/2fe5ki#4830584,2026-05-12T02:15:34.618836+00:00
4830586,53,Ligue 1,2025/2026,9746,Le Havre,6379,Paris FC,0,0,2025-12-07T16:15:00Z,finished,15,/matches/paris-fc-vs-le-havre/25ewet#4830586,2026-05-12T02:15:34.618836+00:00
4830588,53,Ligue 1,2025/2026,8689,Lorient,9748,Lyon,1,0,2025-12-07T19:45:00Z,finished,15,/matches/lorient-vs-lyon/2t79r7#4830588,2026-05-12T02:15:34.618836+00:00
4830593,53,Ligue 1,2025/2026,8121,Angers,9830,Nantes,4,1,2025-12-12T19:45:00Z,finished,16,/matches/angers-vs-nantes/2nxqvq#4830593,2026-05-12T02:15:34.618836+00:00
4830600,53,Ligue 1,2025/2026,9851,Rennes,8521,Brest,3,1,2025-12-13T16:00:00Z,finished,16,/matches/brest-vs-rennes/2shmqt#4830600,2026-05-12T02:15:34.618836+00:00
4830598,53,Ligue 1,2025/2026,8550,Metz,9847,Paris Saint-Germain,2,3,2025-12-13T18:00:00Z,finished,16,/matches/metz-vs-paris-saint-germain/2srhe2#4830598,2026-05-12T02:15:34.618836+00:00
4830599,53,Ligue 1,2025/2026,6379,Paris FC,9941,Toulouse,0,3,2025-12-13T20:05:00Z,finished,16,/matches/paris-fc-vs-toulouse/27apit#4830599,2026-05-12T02:15:34.618836+00:00
4830596,53,Ligue 1,2025/2026,9748,Lyon,9746,Le Havre,1,0,2025-12-14T14:00:00Z,finished,16,/matches/le-havre-vs-lyon/354y61#4830596,2026-05-12T02:15:34.618836+00:00
4830594,53,Ligue 1,2025/2026,8583,Auxerre,8639,Lille,3,4,2025-12-14T16:15:00Z,finished,16,/matches/auxerre-vs-lille/2gax9w#4830594,2026-05-12T02:15:34.618836+00:00
4830595,53,Ligue 1,2025/2026,8588,Lens,9831,Nice,2,0,2025-12-14T16:15:00Z,finished,16,/matches/lens-vs-nice/2t05v9#4830595,2026-05-12T02:15:34.618836+00:00
4830601,53,Ligue 1,2025/2026,9848,Strasbourg,8689,Lorient,0,0,2025-12-14T16:15:00Z,finished,16,/matches/lorient-vs-strasbourg/2uawc5#4830601,2026-05-12T02:15:34.618836+00:00
4830597,53,Ligue 1,2025/2026,8592,Marseille,9829,Monaco,1,0,2025-12-14T19:45:00Z,finished,16,/matches/marseille-vs-monaco/2t0yak#4830597,2026-05-12T02:15:34.618836+00:00
4830610,53,Ligue 1,2025/2026,9941,Toulouse,8588,Lens,0,3,2026-01-02T19:45:00Z,finished,17,/matches/lens-vs-toulouse/2u7q06#4830610,2026-05-12T02:15:34.618836+00:00
4830607,53,Ligue 1,2025/2026,9829,Monaco,9748,Lyon,1,3,2026-01-03T16:00:00Z,finished,17,/matches/lyon-vs-monaco/363pdm#4830607,2026-05-12T02:15:34.618836+00:00
4830608,53,Ligue 1,2025/2026,9831,Nice,9848,Strasbourg,1,1,2026-01-03T18:00:00Z,finished,17,/matches/nice-vs-strasbourg/37am88#4830608,2026-05-12T02:15:34.618836+00:00
4830604,53,Ligue 1,2025/2026,8639,Lille,9851,Rennes,0,2,2026-01-03T20:05:00Z,finished,17,/matches/lille-vs-rennes/2ts8x6#4830604,2026-05-12T02:15:34.618836+00:00
4830606,53,Ligue 1,2025/2026,8592,Marseille,9830,Nantes,0,2,2026-01-04T14:00:00Z,finished,17,/matches/marseille-vs-nantes/2t1cib#4830606,2026-05-12T02:15:34.618836+00:00
4830602,53,Ligue 1,2025/2026,8521,Brest,8583,Auxerre,2,0,2026-01-04T16:15:00Z,finished,17,/matches/brest-vs-auxerre/2f3ii7#4830602,2026-05-12T02:15:34.618836+00:00
4830603,53,Ligue 1,2025/2026,9746,Le Havre,8121,Angers,2,1,2026-01-04T16:15:00Z,finished,17,/matches/angers-vs-le-havre/2n1i0k#4830603,2026-05-12T02:15:34.618836+00:00
4830605,53,Ligue 1,2025/2026,8689,Lorient,8550,Metz,1,1,2026-01-04T16:15:00Z,finished,17,/matches/metz-vs-lorient/2gh7c5#4830605,2026-05-12T02:15:34.618836+00:00
4830609,53,Ligue 1,2025/2026,9847,Paris Saint-Germain,6379,Paris FC,2,1,2026-01-04T19:45:00Z,finished,17,/matches/paris-fc-vs-paris-saint-germain/26dx4a#4830609,2026-05-12T02:15:34.618836+00:00
4830614,53,Ligue 1,2025/2026,9829,Monaco,8689,Lorient,1,3,2026-01-16T18:00:00Z,finished,18,/matches/lorient-vs-monaco/2u3coy#4830614,2026-05-12T02:15:34.618836+00:00
4830616,53,Ligue 1,2025/2026,9847,Paris Saint-Germain,8639,Lille,3,0,2026-01-16T20:00:00Z,finished,18,/matches/lille-vs-paris-saint-germain/2tqnus#4830616,2026-05-12T02:15:34.618836+00:00
4830612,53,Ligue 1,2025/2026,8588,Lens,8583,Auxerre,1,0,2026-01-17T16:00:00Z,finished,18,/matches/auxerre-vs-lens/2fs4i2#4830612,2026-05-12T02:15:34.618836+00:00
4830619,53,Ligue 1,2025/2026,9941,Toulouse,9831,Nice,5,1,2026-01-17T18:00:00Z,finished,18,/matches/nice-vs-toulouse/38dxtn#4830619,2026-05-12T02:15:34.618836+00:00
4830611,53,Ligue 1,2025/2026,8121,Angers,8592,Marseille,2,5,2026-01-17T20:05:00Z,finished,18,/matches/angers-vs-marseille/2b5t3x#4830611,2026-05-12T02:15:34.618836+00:00
4830618,53,Ligue 1,2025/2026,9848,Strasbourg,8550,Metz,2,1,2026-01-18T14:00:00Z,finished,18,/matches/metz-vs-strasbourg/2srvl5#4830618,2026-05-12T02:15:34.618836+00:00
4830615,53,Ligue 1,2025/2026,9830,Nantes,6379,Paris FC,1,2,2026-01-18T16:15:00Z,finished,18,/matches/paris-fc-vs-nantes/2680db#4830615,2026-05-12T02:15:34.618836+00:00
4830617,53,Ligue 1,2025/2026,9851,Rennes,9746,Le Havre,1,1,2026-01-18T16:15:00Z,finished,18,/matches/le-havre-vs-rennes/36c3o6#4830617,2026-05-12T02:15:34.618836+00:00
4830613,53,Ligue 1,2025/2026,9748,Lyon,8521,Brest,2,1,2026-01-18T19:45:00Z,finished,18,/matches/brest-vs-lyon/2rd6lj#4830613,2026-05-12T02:15:34.618836+00:00
4830620,53,Ligue 1,2025/2026,8583,Auxerre,9847,Paris Saint-Germain,0,1,2026-01-23T19:00:00Z,finished,19,/matches/auxerre-vs-paris-saint-germain/2t4i9k#4830620,2026-05-12T02:15:34.618836+00:00
4830628,53,Ligue 1,2025/2026,9851,Rennes,8689,Lorient,0,2,2026-01-24T16:00:00Z,finished,19,/matches/lorient-vs-rennes/2uc395#4830628,2026-05-12T02:15:34.618836+00:00
4830622,53,Ligue 1,2025/2026,9746,Le Havre,9829,Monaco,0,0,2026-01-24T18:00:00Z,finished,19,/matches/le-havre-vs-monaco/362v61#4830622,2026-05-12T02:15:34.618836+00:00
4830624,53,Ligue 1,2025/2026,8592,Marseille,8588,Lens,3,1,2026-01-24T20:05:00Z,finished,19,/matches/lens-vs-marseille/2fvfs6#4830624,2026-05-12T02:15:34.618836+00:00
4830626,53,Ligue 1,2025/2026,9830,Nantes,9831,Nice,1,4,2026-01-25T14:00:00Z,finished,19,/matches/nantes-vs-nice/37310i#4830626,2026-05-12T02:15:34.618836+00:00
4830621,53,Ligue 1,2025/2026,8521,Brest,9941,Toulouse,0,2,2026-01-25T16:15:00Z,finished,19,/matches/brest-vs-toulouse/2th5t2#4830621,2026-05-12T02:15:34.618836+00:00
4830625,53,Ligue 1,2025/2026,8550,Metz,9748,Lyon,2,5,2026-01-25T16:15:00Z,finished,19,/matches/metz-vs-lyon/2rojqb#4830625,2026-05-12T02:15:34.618836+00:00
4830627,53,Ligue 1,2025/2026,6379,Paris FC,8121,Angers,0,0,2026-01-25T16:15:00Z,finished,19,/matches/paris-fc-vs-angers/1qlitv#4830627,2026-05-12T02:15:34.618836+00:00
4830623,53,Ligue 1,2025/2026,8639,Lille,9848,Strasbourg,1,4,2026-01-25T19:45:00Z,finished,19,/matches/lille-vs-strasbourg/2tr24c#4830623,2026-05-12T02:15:34.618836+00:00
4830630,53,Ligue 1,2025/2026,8588,Lens,9746,Le Havre,1,0,2026-01-30T19:45:00Z,finished,20,/matches/lens-vs-le-havre/2s2oir#4830630,2026-05-12T02:15:34.618836+00:00
4830635,53,Ligue 1,2025/2026,6379,Paris FC,8592,Marseille,2,2,2026-01-31T16:00:00Z,finished,20,/matches/paris-fc-vs-marseille/1uqamy#4830635,2026-05-12T02:15:34.618836+00:00
4830631,53,Ligue 1,2025/2026,8689,Lorient,9830,Nantes,2,1,2026-01-31T18:00:00Z,finished,20,/matches/lorient-vs-nantes/2u3qze#4830631,2026-05-12T02:15:34.618836+00:00
4830633,53,Ligue 1,2025/2026,9829,Monaco,9851,Rennes,4,0,2026-01-31T20:05:00Z,finished,20,/matches/monaco-vs-rennes/37b1ez#4830633,2026-05-12T02:15:34.618836+00:00
4830632,53,Ligue 1,2025/2026,9748,Lyon,8639,Lille,1,0,2026-02-01T14:00:00Z,finished,20,/matches/lille-vs-lyon/2snjea#4830632,2026-05-12T02:15:34.618836+00:00
4830629,53,Ligue 1,2025/2026,8121,Angers,8550,Metz,1,0,2026-02-01T16:15:00Z,finished,20,/matches/angers-vs-metz/2aqs46#4830629,2026-05-12T02:15:34.618836+00:00
4830634,53,Ligue 1,2025/2026,9831,Nice,8521,Brest,2,2,2026-02-01T16:15:00Z,finished,20,/matches/brest-vs-nice/2s9rcv#4830634,2026-05-12T02:15:34.618836+00:00
4830637,53,Ligue 1,2025/2026,9941,Toulouse,8583,Auxerre,0,0,2026-02-01T16:15:00Z,finished,20,/matches/auxerre-vs-toulouse/2u5qiz#4830637,2026-05-12T02:15:34.618836+00:00
4830636,53,Ligue 1,2025/2026,9848,Strasbourg,9847,Paris Saint-Germain,1,2,2026-02-01T19:45:00Z,finished,20,/matches/paris-saint-germain-vs-strasbourg/37hda8#4830636,2026-05-12T02:15:34.618836+00:00
4830643,53,Ligue 1,2025/2026,8550,Metz,8639,Lille,0,0,2026-02-06T19:45:00Z,finished,21,/matches/metz-vs-lille/2fyr5q#4830643,2026-05-12T02:15:34.618836+00:00
4830642,53,Ligue 1,2025/2026,8588,Lens,9851,Rennes,3,1,2026-02-07T16:00:00Z,finished,21,/matches/lens-vs-rennes/2t82af#4830642,2026-05-12T02:15:34.618836+00:00
4830640,53,Ligue 1,2025/2026,8521,Brest,8689,Lorient,2,0,2026-02-07T18:00:00Z,finished,21,/matches/brest-vs-lorient/2g6hwg#4830640,2026-05-12T02:15:34.618836+00:00
4830644,53,Ligue 1,2025/2026,9830,Nantes,9748,Lyon,0,1,2026-02-07T20:05:00Z,finished,21,/matches/lyon-vs-nantes/3644hh#4830644,2026-05-12T02:15:34.618836+00:00
4830645,53,Ligue 1,2025/2026,9831,Nice,9829,Monaco,0,0,2026-02-08T14:00:00Z,finished,21,/matches/monaco-vs-nice/372lud#4830645,2026-05-12T02:15:34.618836+00:00
4830638,53,Ligue 1,2025/2026,8121,Angers,9941,Toulouse,1,0,2026-02-08T16:15:00Z,finished,21,/matches/angers-vs-toulouse/2p4l8e#4830638,2026-05-12T02:15:34.618836+00:00
4830639,53,Ligue 1,2025/2026,8583,Auxerre,6379,Paris FC,0,0,2026-02-08T16:15:00Z,finished,21,/matches/paris-fc-vs-auxerre/1uneoy#4830639,2026-05-12T02:15:34.618836+00:00
4830641,53,Ligue 1,2025/2026,9746,Le Havre,9848,Strasbourg,2,1,2026-02-08T16:15:00Z,finished,21,/matches/le-havre-vs-strasbourg/36aub3#4830641,2026-05-12T02:15:34.618836+00:00
4830646,53,Ligue 1,2025/2026,9847,Paris Saint-Germain,8592,Marseille,5,0,2026-02-08T19:45:00Z,finished,21,/matches/marseille-vs-paris-saint-germain/2t82ab#4830646,2026-05-12T02:15:34.618836+00:00
4830655,53,Ligue 1,2025/2026,9851,Rennes,9847,Paris Saint-Germain,3,1,2026-02-13T18:00:00Z,finished,22,/matches/paris-saint-germain-vs-rennes/37imvq#4830655,2026-05-12T02:15:34.618836+00:00
4830653,53,Ligue 1,2025/2026,9829,Monaco,9830,Nantes,3,1,2026-02-13T20:05:00Z,finished,22,/matches/monaco-vs-nantes/3726o8#4830653,2026-05-12T02:15:34.618836+00:00
4830651,53,Ligue 1,2025/2026,8592,Marseille,9848,Strasbourg,2,2,2026-02-14T16:00:00Z,finished,22,/matches/marseille-vs-strasbourg/2t8gik#4830651,2026-05-12T02:15:34.618836+00:00
4830648,53,Ligue 1,2025/2026,8639,Lille,8521,Brest,1,1,2026-02-14T18:00:00Z,finished,22,/matches/brest-vs-lille/2fo2ub#4830648,2026-05-12T02:15:34.618836+00:00
4830654,53,Ligue 1,2025/2026,6379,Paris FC,8588,Lens,0,5,2026-02-14T20:05:00Z,finished,22,/matches/paris-fc-vs-lens/1up0fk#4830654,2026-05-12T02:15:34.618836+00:00
4830647,53,Ligue 1,2025/2026,9746,Le Havre,9941,Toulouse,2,1,2026-02-15T14:00:00Z,finished,22,/matches/le-havre-vs-toulouse/37dzsx#4830647,2026-05-12T02:15:34.618836+00:00
4830649,53,Ligue 1,2025/2026,8689,Lorient,8121,Angers,2,0,2026-02-15T16:15:00Z,finished,22,/matches/angers-vs-lorient/2c4nqw#4830649,2026-05-12T02:15:34.618836+00:00
4830652,53,Ligue 1,2025/2026,8550,Metz,8583,Auxerre,1,3,2026-02-15T16:15:00Z,finished,22,/matches/metz-vs-auxerre/2fe5ki#4830652,2026-05-12T02:15:34.618836+00:00
4830650,53,Ligue 1,2025/2026,9748,Lyon,9831,Nice,2,0,2026-02-15T19:45:00Z,finished,22,/matches/lyon-vs-nice/364jld#4830650,2026-05-12T02:15:34.618836+00:00
4830658,53,Ligue 1,2025/2026,8521,Brest,8592,Marseille,2,0,2026-02-20T19:45:00Z,finished,23,/matches/brest-vs-marseille/2f6tbp#4830658,2026-05-12T02:15:34.618836+00:00
4830659,53,Ligue 1,2025/2026,8588,Lens,9829,Monaco,2,3,2026-02-21T16:00:00Z,finished,23,/matches/lens-vs-monaco/2szdfy#4830659,2026-05-12T02:15:34.618836+00:00
4830664,53,Ligue 1,2025/2026,9941,Toulouse,6379,Paris FC,1,1,2026-02-21T18:00:00Z,finished,23,/matches/paris-fc-vs-toulouse/27apit#4830664,2026-05-12T02:15:34.618836+00:00
4830662,53,Ligue 1,2025/2026,9847,Paris Saint-Germain,8550,Metz,3,0,2026-02-21T20:05:00Z,finished,23,/matches/metz-vs-paris-saint-germain/2srhe2#4830662,2026-05-12T02:15:34.618836+00:00
4830657,53,Ligue 1,2025/2026,8583,Auxerre,9851,Rennes,0,3,2026-02-22T14:00:00Z,finished,23,/matches/auxerre-vs-rennes/2t635q#4830657,2026-05-12T02:15:34.618836+00:00
4830656,53,Ligue 1,2025/2026,8121,Angers,8639,Lille,0,1,2026-02-22T16:15:00Z,finished,23,/matches/angers-vs-lille/2bmo4b#4830656,2026-05-12T02:15:34.618836+00:00
4830660,53,Ligue 1,2025/2026,9830,Nantes,9746,Le Havre,2,0,2026-02-22T16:15:00Z,finished,23,/matches/le-havre-vs-nantes/363a9u#4830660,2026-05-12T02:15:34.618836+00:00
4830661,53,Ligue 1,2025/2026,9831,Nice,8689,Lorient,3,3,2026-02-22T16:15:00Z,finished,23,/matches/lorient-vs-nice/2u459v#4830661,2026-05-12T02:15:34.618836+00:00
4830663,53,Ligue 1,2025/2026,9848,Strasbourg,9748,Lyon,3,1,2026-02-22T19:45:00Z,finished,23,/matches/lyon-vs-strasbourg/36bojq#4830663,2026-05-12T02:15:34.618836+00:00
4830673,53,Ligue 1,2025/2026,9848,Strasbourg,8588,Lens,1,1,2026-02-27T19:45:00Z,finished,24,/matches/lens-vs-strasbourg/2t6vlu#4830673,2026-05-12T02:15:34.618836+00:00
4830672,53,Ligue 1,2025/2026,9851,Rennes,9941,Toulouse,1,0,2026-02-28T16:00:00Z,finished,24,/matches/rennes-vs-toulouse/38mf3x#4830672,2026-05-12T02:15:34.618836+00:00
4830670,53,Ligue 1,2025/2026,9829,Monaco,8121,Angers,2,0,2026-02-28T18:00:00Z,finished,24,/matches/angers-vs-monaco/2nxd12#4830670,2026-05-12T02:15:34.618836+00:00
4830665,53,Ligue 1,2025/2026,9746,Le Havre,9847,Paris Saint-Germain,0,1,2026-02-28T20:05:00Z,finished,24,/matches/le-havre-vs-paris-saint-germain/36af6s#4830665,2026-05-12T02:15:34.618836+00:00
4830671,53,Ligue 1,2025/2026,6379,Paris FC,9831,Nice,1,0,2026-03-01T14:00:00Z,finished,24,/matches/paris-fc-vs-nice/268cvm#4830671,2026-05-12T02:15:34.618836+00:00
4830666,53,Ligue 1,2025/2026,8639,Lille,9830,Nantes,1,0,2026-03-01T16:15:00Z,finished,24,/matches/lille-vs-nantes/2tjxgl#4830666,2026-05-12T02:15:34.618836+00:00
4830667,53,Ligue 1,2025/2026,8689,Lorient,8583,Auxerre,2,2,2026-03-01T16:15:00Z,finished,24,/matches/auxerre-vs-lorient/2gteq5#4830667,2026-05-12T02:15:34.618836+00:00
4830669,53,Ligue 1,2025/2026,8550,Metz,8521,Brest,0,1,2026-03-01T16:15:00Z,finished,24,/matches/brest-vs-metz/2erfda#4830669,2026-05-12T02:15:34.618836+00:00
4830668,53,Ligue 1,2025/2026,8592,Marseille,9748,Lyon,3,2,2026-03-01T19:45:00Z,finished,24,/matches/marseille-vs-lyon/2s51f2#4830668,2026-05-12T02:15:34.618836+00:00
4830681,53,Ligue 1,2025/2026,9847,Paris Saint-Germain,9829,Monaco,1,3,2026-03-06T19:45:00Z,finished,25,/matches/monaco-vs-paris-saint-germain/379cod#4830681,2026-05-12T02:15:34.618836+00:00
4830679,53,Ligue 1,2025/2026,9830,Nantes,8121,Angers,0,1,2026-03-07T16:00:00Z,finished,25,/matches/angers-vs-nantes/2nxqvq#4830679,2026-05-12T02:15:34.618836+00:00
4830674,53,Ligue 1,2025/2026,8583,Auxerre,9848,Strasbourg,0,0,2026-03-07T18:00:00Z,finished,25,/matches/auxerre-vs-strasbourg/2t4whk#4830674,2026-05-12T02:15:34.618836+00:00
4830682,53,Ligue 1,2025/2026,9941,Toulouse,8592,Marseille,0,1,2026-03-07T20:05:00Z,finished,25,/matches/marseille-vs-toulouse/2u9b78#4830682,2026-05-12T02:15:34.618836+00:00
4830676,53,Ligue 1,2025/2026,8588,Lens,8550,Metz,3,0,2026-03-08T14:00:00Z,finished,25,/matches/metz-vs-lens/2ffzon#4830676,2026-05-12T02:15:34.618836+00:00
4830675,53,Ligue 1,2025/2026,8521,Brest,9746,Le Havre,2,0,2026-03-08T16:15:00Z,finished,25,/matches/brest-vs-le-havre/2rceek#4830675,2026-05-12T02:15:34.618836+00:00
4830677,53,Ligue 1,2025/2026,8639,Lille,8689,Lorient,1,1,2026-03-08T16:15:00Z,finished,25,/matches/lille-vs-lorient/2he6a1#4830677,2026-05-12T02:15:34.618836+00:00
4830680,53,Ligue 1,2025/2026,9831,Nice,9851,Rennes,0,4,2026-03-08T16:15:00Z,finished,25,/matches/nice-vs-rennes/37bvse#4830680,2026-05-12T02:15:34.618836+00:00
4830678,53,Ligue 1,2025/2026,9748,Lyon,6379,Paris FC,1,1,2026-03-08T19:45:00Z,finished,25,/matches/paris-fc-vs-lyon/25flas#4830678,2026-05-12T02:15:34.618836+00:00
4830686,53,Ligue 1,2025/2026,8592,Marseille,8583,Auxerre,1,0,2026-03-13T19:45:00Z,finished,26,/matches/auxerre-vs-marseille/2ftlic#4830686,2026-05-12T02:15:34.618836+00:00
4830685,53,Ligue 1,2025/2026,8689,Lorient,8588,Lens,2,1,2026-03-14T16:00:00Z,finished,26,/matches/lens-vs-lorient/2gv9dg#4830685,2026-05-12T02:15:34.618836+00:00
4830683,53,Ligue 1,2025/2026,8121,Angers,9831,Nice,0,2,2026-03-14T18:00:00Z,finished,26,/matches/angers-vs-nice/2ny4qf#4830683,2026-05-12T02:15:34.618836+00:00
4830688,53,Ligue 1,2025/2026,9829,Monaco,8521,Brest,2,0,2026-03-14T20:05:00Z,finished,26,/matches/brest-vs-monaco/2s8z1a#4830688,2026-05-12T02:15:34.618836+00:00
4830691,53,Ligue 1,2025/2026,9848,Strasbourg,6379,Paris FC,0,0,2026-03-15T14:00:00Z,finished,26,/matches/paris-fc-vs-strasbourg/26e9n2#4830691,2026-05-12T02:15:34.618836+00:00
4830684,53,Ligue 1,2025/2026,9746,Le Havre,9748,Lyon,0,0,2026-03-15T16:15:00Z,finished,26,/matches/le-havre-vs-lyon/354y61#4830684,2026-05-12T02:15:34.618836+00:00
4830687,53,Ligue 1,2025/2026,8550,Metz,9941,Toulouse,3,4,2026-03-15T16:15:00Z,finished,26,/matches/metz-vs-toulouse/2tsn9b#4830687,2026-05-12T02:15:34.618836+00:00
4830690,53,Ligue 1,2025/2026,9851,Rennes,8639,Lille,1,2,2026-03-15T19:45:00Z,finished,26,/matches/lille-vs-rennes/2ts8x6#4830690,2026-05-12T02:15:34.618836+00:00
4830693,53,Ligue 1,2025/2026,8588,Lens,8121,Angers,5,1,2026-03-20T19:45:00Z,finished,27,/matches/angers-vs-lens/2b4diz#4830693,2026-05-12T02:15:34.618836+00:00
4830700,53,Ligue 1,2025/2026,9941,Toulouse,8689,Lorient,1,0,2026-03-21T16:00:00Z,finished,27,/matches/lorient-vs-toulouse/2vbxze#4830700,2026-05-12T02:15:34.618836+00:00
4830692,53,Ligue 1,2025/2026,8583,Auxerre,8521,Brest,3,0,2026-03-21T18:00:00Z,finished,27,/matches/brest-vs-auxerre/2f3ii7#4830692,2026-05-12T02:15:34.618836+00:00
4830697,53,Ligue 1,2025/2026,9831,Nice,9847,Paris Saint-Germain,0,4,2026-03-21T20:05:00Z,finished,27,/matches/nice-vs-paris-saint-germain/37a71k#4830697,2026-05-12T02:15:34.618836+00:00
4830694,53,Ligue 1,2025/2026,9748,Lyon,9829,Monaco,1,2,2026-03-22T14:00:00Z,finished,27,/matches/lyon-vs-monaco/363pdm#4830694,2026-05-12T02:15:34.618836+00:00
4830695,53,Ligue 1,2025/2026,8592,Marseille,8639,Lille,1,2,2026-03-22T16:15:00Z,finished,27,/matches/marseille-vs-lille/2ge8wn#4830695,2026-05-12T02:15:34.618836+00:00
4830698,53,Ligue 1,2025/2026,6379,Paris FC,9746,Le Havre,3,2,2026-03-22T16:15:00Z,finished,27,/matches/paris-fc-vs-le-havre/25ewet#4830698,2026-05-12T02:15:34.618836+00:00
4830699,53,Ligue 1,2025/2026,9851,Rennes,8550,Metz,0,0,2026-03-22T16:15:00Z,finished,27,/matches/metz-vs-rennes/2st26k#4830699,2026-05-12T02:15:34.618836+00:00
4830696,53,Ligue 1,2025/2026,9830,Nantes,9848,Strasbourg,2,3,2026-03-22T19:45:00Z,finished,27,/matches/nantes-vs-strasbourg/37a71l#4830696,2026-05-12T02:15:34.618836+00:00
4830708,53,Ligue 1,2025/2026,9847,Paris Saint-Germain,9941,Toulouse,3,1,2026-04-03T18:45:00Z,finished,28,/matches/paris-saint-germain-vs-toulouse/38kq0z#4830708,2026-05-12T02:15:34.618836+00:00
4830709,53,Ligue 1,2025/2026,9848,Strasbourg,9831,Nice,3,1,2026-04-04T15:00:00Z,finished,28,/matches/nice-vs-strasbourg/37am88#4830709,2026-05-12T02:15:34.618836+00:00
4830702,53,Ligue 1,2025/2026,8521,Brest,9851,Rennes,3,4,2026-04-04T17:00:00Z,finished,28,/matches/brest-vs-rennes/2shmqt#4830702,2026-05-12T02:15:34.618836+00:00
4830704,53,Ligue 1,2025/2026,8639,Lille,8588,Lens,3,0,2026-04-04T19:05:00Z,finished,28,/matches/lens-vs-lille/2gcrq9#4830704,2026-05-12T02:15:34.618836+00:00
4830701,53,Ligue 1,2025/2026,8121,Angers,9748,Lyon,0,0,2026-04-05T13:00:00Z,finished,28,/matches/angers-vs-lyon/2n29lb#4830701,2026-05-12T02:15:34.618836+00:00
4830703,53,Ligue 1,2025/2026,9746,Le Havre,8583,Auxerre,1,1,2026-04-05T15:15:00Z,finished,28,/matches/auxerre-vs-le-havre/2s0psn#4830703,2026-05-12T02:15:34.618836+00:00
4830705,53,Ligue 1,2025/2026,8689,Lorient,6379,Paris FC,1,1,2026-04-05T15:15:00Z,finished,28,/matches/paris-fc-vs-lorient/1vliw7#4830705,2026-05-12T02:15:34.618836+00:00
4830706,53,Ligue 1,2025/2026,8550,Metz,9830,Nantes,0,0,2026-04-05T15:15:00Z,finished,28,/matches/metz-vs-nantes/2sks5w#4830706,2026-05-12T02:15:34.618836+00:00
4830707,53,Ligue 1,2025/2026,9829,Monaco,8592,Marseille,2,1,2026-04-05T18:45:00Z,finished,28,/matches/marseille-vs-monaco/2t0yak#4830707,2026-05-12T02:15:34.618836+00:00
4830716,53,Ligue 1,2025/2026,6379,Paris FC,9829,Monaco,4,1,2026-04-10T17:00:00Z,finished,29,/matches/paris-fc-vs-monaco/267nv1#4830716,2026-05-12T02:15:34.618836+00:00
4830714,53,Ligue 1,2025/2026,8592,Marseille,8550,Metz,3,1,2026-04-10T19:05:00Z,finished,29,/matches/metz-vs-marseille/2fhgl9#4830714,2026-05-12T02:15:34.618836+00:00
4830710,53,Ligue 1,2025/2026,8583,Auxerre,9830,Nantes,0,0,2026-04-11T17:00:00Z,finished,29,/matches/auxerre-vs-nantes/2sxslt#4830710,2026-05-12T02:15:34.618836+00:00
4830717,53,Ligue 1,2025/2026,9851,Rennes,8121,Angers,2,1,2026-04-11T19:05:00Z,finished,29,/matches/angers-vs-rennes/2o5ty5#4830717,2026-05-12T02:15:34.618836+00:00
4830715,53,Ligue 1,2025/2026,9831,Nice,9746,Le Havre,1,1,2026-04-12T15:15:00Z,finished,29,/matches/le-havre-vs-nice/363pdo#4830715,2026-05-12T02:15:34.618836+00:00
4830718,53,Ligue 1,2025/2026,9941,Toulouse,8639,Lille,0,4,2026-04-12T15:15:00Z,finished,29,/matches/lille-vs-toulouse/2us06f#4830718,2026-05-12T02:15:34.618836+00:00
4830713,53,Ligue 1,2025/2026,9748,Lyon,8689,Lorient,2,0,2026-04-12T18:45:00Z,finished,29,/matches/lorient-vs-lyon/2t79r7#4830713,2026-05-12T02:15:34.618836+00:00
4830720,53,Ligue 1,2025/2026,8588,Lens,9941,Toulouse,3,2,2026-04-17T18:45:00Z,finished,30,/matches/lens-vs-toulouse/2u7q06#4830720,2026-05-12T02:15:34.618836+00:00
4830722,53,Ligue 1,2025/2026,8689,Lorient,8592,Marseille,2,0,2026-04-18T15:00:00Z,finished,30,/matches/marseille-vs-lorient/2gwqpe#4830722,2026-05-12T02:15:34.618836+00:00
4830719,53,Ligue 1,2025/2026,8121,Angers,9746,Le Havre,1,1,2026-04-18T17:00:00Z,finished,30,/matches/angers-vs-le-havre/2n1i0k#4830719,2026-05-12T02:15:34.618836+00:00
4830721,53,Ligue 1,2025/2026,8639,Lille,9831,Nice,0,0,2026-04-18T19:05:00Z,finished,30,/matches/lille-vs-nice/2tkbpo#4830721,2026-05-12T02:15:34.618836+00:00
4830724,53,Ligue 1,2025/2026,9829,Monaco,8583,Auxerre,2,2,2026-04-19T13:00:00Z,finished,30,/matches/auxerre-vs-monaco/2sxeeb#4830724,2026-05-12T02:15:34.618836+00:00
4830723,53,Ligue 1,2025/2026,8550,Metz,6379,Paris FC,1,3,2026-04-19T15:15:00Z,finished,30,/matches/paris-fc-vs-metz/1ucu3j#4830723,2026-05-12T02:15:34.618836+00:00
4830725,53,Ligue 1,2025/2026,9830,Nantes,8521,Brest,1,1,2026-04-19T15:15:00Z,finished,30,/matches/brest-vs-nantes/2s9d72#4830725,2026-05-12T02:15:34.618836+00:00
4830727,53,Ligue 1,2025/2026,9848,Strasbourg,9851,Rennes,0,3,2026-04-19T15:15:00Z,finished,30,/matches/strasbourg-vs-rennes/37j22x#4830727,2026-05-12T02:15:34.618836+00:00
4830726,53,Ligue 1,2025/2026,9847,Paris Saint-Germain,9748,Lyon,1,2,2026-04-19T18:45:00Z,finished,30,/matches/lyon-vs-paris-saint-germain/36b9fd#4830726,2026-05-12T02:15:34.618836+00:00
4830689,53,Ligue 1,2025/2026,9847,Paris Saint-Germain,9830,Nantes,3,0,2026-04-22T17:00:00Z,finished,26,/matches/nantes-vs-paris-saint-germain/379ruy#4830689,2026-05-12T02:15:34.618836+00:00
4830729,53,Ligue 1,2025/2026,8521,Brest,8588,Lens,3,3,2026-04-24T18:45:00Z,finished,31,/matches/brest-vs-lens/2f5cib#4830729,2026-05-12T02:15:34.618836+00:00
4830732,53,Ligue 1,2025/2026,9748,Lyon,8583,Auxerre,3,2,2026-04-25T13:00:00Z,finished,31,/matches/auxerre-vs-lyon/2s1i32#4830732,2026-05-12T02:15:34.618836+00:00
4830728,53,Ligue 1,2025/2026,8121,Angers,9847,Paris Saint-Germain,0,3,2026-04-25T17:00:00Z,finished,31,/matches/angers-vs-paris-saint-germain/2o4ahb#4830728,2026-05-12T02:15:34.618836+00:00
4830736,53,Ligue 1,2025/2026,9941,Toulouse,9829,Monaco,2,2,2026-04-25T19:05:00Z,finished,31,/matches/monaco-vs-toulouse/38d3b8#4830736,2026-05-12T02:15:34.618836+00:00
4830731,53,Ligue 1,2025/2026,8689,Lorient,9848,Strasbourg,2,3,2026-04-26T13:00:00Z,finished,31,/matches/lorient-vs-strasbourg/2uawc5#4830731,2026-05-12T02:15:34.618836+00:00
4830730,53,Ligue 1,2025/2026,9746,Le Havre,8550,Metz,4,4,2026-04-26T15:15:00Z,finished,31,/matches/metz-vs-le-havre/2rnrhq#4830730,2026-05-12T02:15:34.618836+00:00
4830734,53,Ligue 1,2025/2026,6379,Paris FC,8639,Lille,0,1,2026-04-26T15:15:00Z,finished,31,/matches/paris-fc-vs-lille/1v5eh2#4830734,2026-05-12T02:15:34.618836+00:00
4830735,53,Ligue 1,2025/2026,9851,Rennes,9830,Nantes,2,1,2026-04-26T15:15:00Z,finished,31,/matches/nantes-vs-rennes/37bglo#4830735,2026-05-12T02:15:34.618836+00:00
4830733,53,Ligue 1,2025/2026,8592,Marseille,9831,Nice,1,1,2026-04-26T18:45:00Z,finished,31,/matches/marseille-vs-nice/2t1qq3#4830733,2026-05-12T02:15:34.618836+00:00
4830741,53,Ligue 1,2025/2026,9830,Nantes,8592,Marseille,3,0,2026-05-02T13:00:00Z,finished,32,/matches/marseille-vs-nantes/2t1cib#4830741,2026-05-12T02:15:34.618836+00:00
4830744,53,Ligue 1,2025/2026,9847,Paris Saint-Germain,8689,Lorient,2,2,2026-05-02T15:00:00Z,finished,32,/matches/lorient-vs-paris-saint-germain/2uai17#4830744,2026-05-12T02:15:34.618836+00:00
4830740,53,Ligue 1,2025/2026,8550,Metz,9829,Monaco,1,2,2026-05-02T17:00:00Z,finished,32,/matches/metz-vs-monaco/2skdzb#4830740,2026-05-12T02:15:34.618836+00:00
4830742,53,Ligue 1,2025/2026,9831,Nice,8588,Lens,1,1,2026-05-02T19:05:00Z,finished,32,/matches/lens-vs-nice/2t05v9#4830742,2026-05-12T02:15:34.618836+00:00
4830738,53,Ligue 1,2025/2026,8639,Lille,9746,Le Havre,1,1,2026-05-03T13:00:00Z,finished,32,/matches/lille-vs-le-havre/2smr0r#4830738,2026-05-12T02:15:34.618836+00:00
4830737,53,Ligue 1,2025/2026,8583,Auxerre,8121,Angers,3,1,2026-05-03T15:15:00Z,finished,32,/matches/angers-vs-auxerre/2b2l2f#4830737,2026-05-12T02:15:34.618836+00:00
4830743,53,Ligue 1,2025/2026,6379,Paris FC,8521,Brest,4,0,2026-05-03T15:15:00Z,finished,32,/matches/paris-fc-vs-brest/1u3kbv#4830743,2026-05-12T02:15:34.618836+00:00
4830745,53,Ligue 1,2025/2026,9848,Strasbourg,9941,Toulouse,1,2,2026-05-03T15:15:00Z,finished,32,/matches/strasbourg-vs-toulouse/38l5ao#4830745,2026-05-12T02:15:34.618836+00:00
4830739,53,Ligue 1,2025/2026,9748,Lyon,9851,Rennes,4,2,2026-05-03T18:45:00Z,finished,32,/matches/lyon-vs-rennes/36cxwz#4830739,2026-05-12T02:15:34.618836+00:00
4830749,53,Ligue 1,2025/2026,8588,Lens,9830,Nantes,1,0,2026-05-08T18:45:00Z,finished,33,/matches/lens-vs-nantes/2szrnl#4830749,2026-05-12T02:15:34.618836+00:00
4830746,53,Ligue 1,2025/2026,8121,Angers,9848,Strasbourg,1,1,2026-05-10T19:00:00Z,finished,33,/matches/angers-vs-strasbourg/2o4och#4830746,2026-05-12T02:15:34.618836+00:00
4830747,53,Ligue 1,2025/2026,8583,Auxerre,9831,Nice,2,1,2026-05-10T19:00:00Z,finished,33,/matches/auxerre-vs-nice/2sy6tc#4830747,2026-05-12T02:15:34.618836+00:00
4830748,53,Ligue 1,2025/2026,9746,Le Havre,8592,Marseille,0,1,2026-05-10T19:00:00Z,finished,33,/matches/marseille-vs-le-havre/2s4945#4830748,2026-05-12T02:15:34.618836+00:00
4830750,53,Ligue 1,2025/2026,8550,Metz,8689,Lorient,0,4,2026-05-10T19:00:00Z,finished,33,/matches/metz-vs-lorient/2gh7c5#4830750,2026-05-12T02:15:34.618836+00:00
4830751,53,Ligue 1,2025/2026,9829,Monaco,8639,Lille,0,1,2026-05-10T19:00:00Z,finished,33,/matches/lille-vs-monaco/2tjj7j#4830751,2026-05-12T02:15:34.618836+00:00
4830752,53,Ligue 1,2025/2026,9847,Paris Saint-Germain,8521,Brest,1,0,2026-05-10T19:00:00Z,finished,33,/matches/brest-vs-paris-saint-germain/2sg21j#4830752,2026-05-12T02:15:34.618836+00:00
4830753,53,Ligue 1,2025/2026,9851,Rennes,6379,Paris FC,2,1,2026-05-10T19:00:00Z,finished,33,/matches/paris-fc-vs-rennes/26fb7k#4830753,2026-05-12T02:15:34.618836+00:00
4830754,53,Ligue 1,2025/2026,9941,Toulouse,9748,Lyon,2,1,2026-05-10T19:00:00Z,finished,33,/matches/lyon-vs-toulouse/37eu6q#4830754,2026-05-12T02:15:34.618836+00:00
4830711,53,Ligue 1,2025/2026,8521,Brest,9848,Strasbourg,,,2026-05-13T17:00:00Z,upcoming,29,/matches/brest-vs-strasbourg/2sgg7t#4830711,2026-05-12T02:15:34.618836+00:00
4830712,53,Ligue 1,2025/2026,8588,Lens,9847,Paris Saint-Germain,,,2026-05-13T19:00:00Z,upcoming,29,/matches/lens-vs-paris-saint-germain/2t6hdp#4830712,2026-05-12T02:15:34.618836+00:00
4830755,53,Ligue 1,2025/2026,8521,Brest,8121,Angers,,,2026-05-17T19:00:00Z,upcoming,34,/matches/angers-vs-brest/2agfd8#4830755,2026-05-12T02:15:34.618836+00:00
4830756,53,Ligue 1,2025/2026,8639,Lille,8583,Auxerre,,,2026-05-17T19:00:00Z,upcoming,34,/matches/auxerre-vs-lille/2gax9w#4830756,2026-05-12T02:15:34.618836+00:00
4830757,53,Ligue 1,2025/2026,8689,Lorient,9746,Le Havre,,,2026-05-17T19:00:00Z,upcoming,34,/matches/lorient-vs-le-havre/2t6haw#4830757,2026-05-12T02:15:34.618836+00:00
4830758,53,Ligue 1,2025/2026,9748,Lyon,8588,Lens,,,2026-05-17T19:00:00Z,upcoming,34,/matches/lens-vs-lyon/2s3gtg#4830758,2026-05-12T02:15:34.618836+00:00
4830759,53,Ligue 1,2025/2026,8592,Marseille,9851,Rennes,,,2026-05-17T19:00:00Z,upcoming,34,/matches/marseille-vs-rennes/2t9n7h#4830759,2026-05-12T02:15:34.618836+00:00
4830760,53,Ligue 1,2025/2026,9830,Nantes,9941,Toulouse,,,2026-05-17T19:00:00Z,upcoming,34,/matches/nantes-vs-toulouse/38dikf#4830760,2026-05-12T02:15:34.618836+00:00
4830761,53,Ligue 1,2025/2026,9831,Nice,8550,Metz,,,2026-05-17T19:00:00Z,upcoming,34,/matches/metz-vs-nice/2sl6ci#4830761,2026-05-12T02:15:34.618836+00:00
4830762,53,Ligue 1,2025/2026,6379,Paris FC,9847,Paris Saint-Germain,,,2026-05-17T19:00:00Z,upcoming,34,/matches/paris-fc-vs-paris-saint-germain/26dx4a#4830762,2026-05-12T02:15:34.618836+00:00
4830763,53,Ligue 1,2025/2026,9848,Strasbourg,9829,Monaco,,,2026-05-17T19:00:00Z,upcoming,34,/matches/monaco-vs-strasbourg/379ruz#4830763,2026-05-12T02:15:34.618836+00:00
4947178,42,UEFA Champions League,2025/2026,8315,Athletic Club,9825,Arsenal,0,2,2025-09-16T16:45:00Z,finished,1,/matches/athletic-club-vs-arsenal/2pyul3#4947178,2026-05-12T02:23:41.803715+00:00
4947237,42,UEFA Champions League,2025/2026,8640,PSV Eindhoven,7978,Union St.Gilloise,1,3,2025-09-16T16:45:00Z,finished,1,/matches/union-stgilloise-vs-psv-eindhoven/2a7vhj#4947237,2026-05-12T02:23:41.803715+00:00
4947188,42,UEFA Champions League,2025/2026,9772,Benfica,7981,Qarabag FK,2,3,2025-09-16T19:00:00Z,finished,1,/matches/qarabag-fk-vs-benfica/2ltzdd#4947188,2026-05-12T02:23:41.803715+00:00
4947134,42,UEFA Champions League,2025/2026,9885,Juventus,9789,Borussia Dortmund,4,4,2025-09-16T19:00:00Z,finished,1,/matches/borussia-dortmund-vs-juventus/378icc#4947134,2026-05-12T02:23:41.803715+00:00
4947120,42,UEFA Champions League,2025/2026,8633,Real Madrid,8592,Marseille,2,1,2025-09-16T19:00:00Z,finished,1,/matches/marseille-vs-real-madrid/2gc152#4947120,2026-05-12T02:23:41.803715+00:00
4947209,42,UEFA Champions League,2025/2026,8586,Tottenham Hotspur,10205,Villarreal,1,0,2025-09-16T19:00:00Z,finished,1,/matches/tottenham-hotspur-vs-villarreal/2x4hdi#4947209,2026-05-12T02:23:41.803715+00:00
4947230,42,UEFA Champions League,2025/2026,8638,Olympiacos,2137,Pafos FC,0,0,2025-09-17T16:45:00Z,finished,1,/matches/pafos-fc-vs-olympiacos/ykiqa#4947230,2026-05-12T02:23:41.803715+00:00
4947222,42,UEFA Champions League,2025/2026,7787,Slavia Prague,8402,Bodø/Glimt,2,2,2025-09-17T16:45:00Z,finished,1,/matches/slavia-prague-vs-bodoglimt/26119x#4947222,2026-05-12T02:23:41.803715+00:00
4947129,42,UEFA Champions League,2025/2026,8593,Ajax,8636,Inter,0,2,2025-09-17T19:00:00Z,finished,1,/matches/ajax-vs-inter/2gdibb#4947129,2026-05-12T02:23:41.803715+00:00
4947101,42,UEFA Champions League,2025/2026,9823,Bayern München,8455,Chelsea,3,1,2025-09-17T19:00:00Z,finished,1,/matches/chelsea-vs-bayern-munchen/2rgpk4#4947101,2026-05-12T02:23:41.803715+00:00
4947139,42,UEFA Champions League,2025/2026,8650,Liverpool,9906,Atletico Madrid,3,2,2025-09-17T19:00:00Z,finished,1,/matches/liverpool-vs-atletico-madrid/2uigag#4947139,2026-05-12T02:23:41.803715+00:00
4947154,42,UEFA Champions League,2025/2026,9847,Paris Saint-Germain,8524,Atalanta,4,0,2025-09-17T19:00:00Z,finished,1,/matches/atalanta-vs-paris-saint-germain/2sh8kd#4947154,2026-05-12T02:23:41.803715+00:00
4947192,42,UEFA Champions League,2025/2026,8342,Club Brugge,9829,Monaco,4,1,2025-09-18T16:45:00Z,finished,1,/matches/club-brugge-vs-monaco/2qawvj#4947192,2026-05-12T02:23:41.803715+00:00
4947172,42,UEFA Champions League,2025/2026,8391,FC København,8178,Bayer Leverkusen,2,2,2025-09-18T16:45:00Z,finished,1,/matches/bayer-leverkusen-vs-fc-kobenhavn/29qfwc#4947172,2026-05-12T02:23:41.803715+00:00
4947197,42,UEFA Champions League,2025/2026,9810,Eintracht Frankfurt,8637,Galatasaray,5,1,2025-09-18T19:00:00Z,finished,1,/matches/galatasaray-vs-eintracht-frankfurt/2tb83u#4947197,2026-05-12T02:23:41.803715+00:00
4947162,42,UEFA Champions League,2025/2026,8456,Manchester City,9875,Napoli,2,0,2025-09-18T19:00:00Z,finished,1,/matches/manchester-city-vs-napoli/2s1i6l#4947162,2026-05-12T02:23:41.803715+00:00
4947153,42,UEFA Champions League,2025/2026,10261,Newcastle United,8634,Barcelona,1,2,2025-09-18T19:00:00Z,finished,1,/matches/barcelona-vs-newcastle-united/2yahjm#4947153,2026-05-12T02:23:41.803715+00:00
4947226,42,UEFA Champions League,2025/2026,9768,Sporting CP,8037,Kairat Almaty,4,1,2025-09-18T19:00:00Z,finished,1,/matches/kairat-almaty-vs-sporting-cp/2mdsqr#4947226,2026-05-12T02:23:41.803715+00:00
4947179,42,UEFA Champions League,2025/2026,8524,Atalanta,8342,Club Brugge,2,1,2025-09-30T16:45:00Z,finished,2,/matches/club-brugge-vs-atalanta/2cov7j#4947179,2026-05-12T02:23:41.803715+00:00
4947123,42,UEFA Champions League,2025/2026,8037,Kairat Almaty,8633,Real Madrid,0,5,2025-09-30T16:45:00Z,finished,2,/matches/kairat-almaty-vs-real-madrid/2aqfbe#4947123,2026-05-12T02:23:41.803715+00:00
4947194,42,UEFA Champions League,2025/2026,9906,Atletico Madrid,9810,Eintracht Frankfurt,5,1,2025-09-30T19:00:00Z,finished,2,/matches/eintracht-frankfurt-vs-atletico-madrid/37q8n0#4947194,2026-05-12T02:23:41.803715+00:00
4947219,42,UEFA Champions League,2025/2026,8402,Bodø/Glimt,8586,Tottenham Hotspur,2,2,2025-09-30T19:00:00Z,finished,2,/matches/bodoglimt-vs-tottenham-hotspur/2dx4qo#4947219,2026-05-12T02:23:41.803715+00:00
4947110,42,UEFA Champions League,2025/2026,8455,Chelsea,9772,Benfica,1,0,2025-09-30T19:00:00Z,finished,2,/matches/chelsea-vs-benfica/2qwr8a#4947110,2026-05-12T02:23:41.803715+00:00
4947144,42,UEFA Champions League,2025/2026,8637,Galatasaray,8650,Liverpool,1,0,2025-09-30T19:00:00Z,finished,2,/matches/galatasaray-vs-liverpool/2gyyp2#4947144,2026-05-12T02:23:41.803715+00:00
4947128,42,UEFA Champions League,2025/2026,8636,Inter,7787,Slavia Prague,3,0,2025-09-30T19:00:00Z,finished,2,/matches/slavia-prague-vs-inter/28atoo#4947128,2026-05-12T02:23:41.803715+00:00
4947214,42,UEFA Champions League,2025/2026,8592,Marseille,8593,Ajax,4,0,2025-09-30T19:00:00Z,finished,2,/matches/marseille-vs-ajax/2fxa2q#4947214,2026-05-12T02:23:41.803715+00:00
4947108,42,UEFA Champions League,2025/2026,2137,Pafos FC,9823,Bayern München,1,5,2025-09-30T19:00:00Z,finished,2,/matches/pafos-fc-vs-bayern-munchen/16l9zv#4947108,2026-05-12T02:23:41.803715+00:00
4947246,42,UEFA Champions League,2025/2026,7981,Qarabag FK,8391,FC København,2,0,2025-10-01T16:45:00Z,finished,2,/matches/qarabag-fk-vs-fc-kobenhavn/27sw7d#4947246,2026-05-12T02:23:41.803715+00:00
4947250,42,UEFA Champions League,2025/2026,7978,Union St.Gilloise,10261,Newcastle United,0,4,2025-10-01T16:45:00Z,finished,2,/matches/union-stgilloise-vs-newcastle-united/2r1eoa#4947250,2026-05-12T02:23:41.803715+00:00
4947175,42,UEFA Champions League,2025/2026,9825,Arsenal,8638,Olympiacos,2,0,2025-10-01T19:00:00Z,finished,2,/matches/olympiacos-vs-arsenal/2thjyp#4947175,2026-05-12T02:23:41.803715+00:00
4947145,42,UEFA Champions League,2025/2026,8634,Barcelona,9847,Paris Saint-Germain,1,2,2025-10-01T19:00:00Z,finished,2,/matches/barcelona-vs-paris-saint-germain/2toojk#4947145,2026-05-12T02:23:41.803715+00:00
4947169,42,UEFA Champions League,2025/2026,8178,Bayer Leverkusen,8640,PSV Eindhoven,1,1,2025-10-01T19:00:00Z,finished,2,/matches/bayer-leverkusen-vs-psv-eindhoven/2c7ji3#4947169,2026-05-12T02:23:41.803715+00:00
4947137,42,UEFA Champions League,2025/2026,9789,Borussia Dortmund,8315,Athletic Club,4,1,2025-10-01T19:00:00Z,finished,2,/matches/athletic-club-vs-borussia-dortmund/2pkv5l#4947137,2026-05-12T02:23:41.803715+00:00
4947165,42,UEFA Champions League,2025/2026,9829,Monaco,8456,Manchester City,2,2,2025-10-01T19:00:00Z,finished,2,/matches/manchester-city-vs-monaco/2rjgb4#4947165,2026-05-12T02:23:41.803715+00:00
4947225,42,UEFA Champions League,2025/2026,9875,Napoli,9768,Sporting CP,2,1,2025-10-01T19:00:00Z,finished,2,/matches/sporting-cp-vs-napoli/36vg3h#4947225,2026-05-12T02:23:41.803715+00:00
4947199,42,UEFA Champions League,2025/2026,10205,Villarreal,9885,Juventus,2,2,2025-10-01T19:00:00Z,finished,2,/matches/juventus-vs-villarreal/3c5sdo#4947199,2026-05-12T02:23:41.803715+00:00
4947148,42,UEFA Champions League,2025/2026,8634,Barcelona,8638,Olympiacos,6,1,2025-10-21T16:45:00Z,finished,3,/matches/barcelona-vs-olympiacos/2gteoq#4947148,2026-05-12T02:23:41.803715+00:00
4947251,42,UEFA Champions League,2025/2026,8037,Kairat Almaty,2137,Pafos FC,0,0,2025-10-21T16:45:00Z,finished,3,/matches/pafos-fc-vs-kairat-almaty/utkna#4947251,2026-05-12T02:23:41.803715+00:00
4947173,42,UEFA Champions League,2025/2026,9825,Arsenal,9906,Atletico Madrid,4,0,2025-10-21T19:00:00Z,finished,3,/matches/arsenal-vs-atletico-madrid/37wkxc#4947173,2026-05-12T02:23:41.803715+00:00
4947155,42,UEFA Champions League,2025/2026,8178,Bayer Leverkusen,9847,Paris Saint-Germain,2,7,2025-10-21T19:00:00Z,finished,3,/matches/bayer-leverkusen-vs-paris-saint-germain/2oqa0k#4947155,2026-05-12T02:23:41.803715+00:00
4947138,42,UEFA Champions League,2025/2026,8391,FC København,9789,Borussia Dortmund,2,4,2025-10-21T19:00:00Z,finished,3,/matches/fc-kobenhavn-vs-borussia-dortmund/2qef2f#4947138,2026-05-12T02:23:41.803715+00:00
4947189,42,UEFA Champions League,2025/2026,10261,Newcastle United,9772,Benfica,3,0,2025-10-21T19:00:00Z,finished,3,/matches/benfica-vs-newcastle-united/3bh9xp#4947189,2026-05-12T02:23:41.803715+00:00
4947236,42,UEFA Champions League,2025/2026,8640,PSV Eindhoven,9875,Napoli,6,2,2025-10-21T19:00:00Z,finished,3,/matches/psv-eindhoven-vs-napoli/2u25v5#4947236,2026-05-12T02:23:41.803715+00:00
4947131,42,UEFA Champions League,2025/2026,7978,Union St.Gilloise,8636,Inter,0,4,2025-10-21T19:00:00Z,finished,3,/matches/union-stgilloise-vs-inter/2a6g75#4947131,2026-05-12T02:23:41.803715+00:00
4947161,42,UEFA Champions League,2025/2026,10205,Villarreal,8456,Manchester City,0,2,2025-10-21T19:00:00Z,finished,3,/matches/manchester-city-vs-villarreal/2voauf#4947161,2026-05-12T02:23:41.803715+00:00
4947244,42,UEFA Champions League,2025/2026,8315,Athletic Club,7981,Qarabag FK,3,1,2025-10-22T16:45:00Z,finished,3,/matches/qarabag-fk-vs-athletic-club/272a9b#4947244,2026-05-12T02:23:41.803715+00:00
4947224,42,UEFA Champions League,2025/2026,8637,Galatasaray,8402,Bodø/Glimt,3,1,2025-10-22T16:45:00Z,finished,3,/matches/bodoglimt-vs-galatasaray/2efqb9#4947224,2026-05-12T02:23:41.803715+00:00
4947181,42,UEFA Champions League,2025/2026,8524,Atalanta,7787,Slavia Prague,0,0,2025-10-22T19:00:00Z,finished,3,/matches/slavia-prague-vs-atalanta/277j4g#4947181,2026-05-12T02:23:41.803715+00:00
4947103,42,UEFA Champions League,2025/2026,9823,Bayern München,8342,Club Brugge,4,0,2025-10-22T19:00:00Z,finished,3,/matches/club-brugge-vs-bayern-munchen/2q8kra#4947103,2026-05-12T02:23:41.803715+00:00
4947112,42,UEFA Champions League,2025/2026,8455,Chelsea,8593,Ajax,5,1,2025-10-22T19:00:00Z,finished,3,/matches/chelsea-vs-ajax/2ej0n1#4947112,2026-05-12T02:23:41.803715+00:00
4947140,42,UEFA Champions League,2025/2026,9810,Eintracht Frankfurt,8650,Liverpool,1,5,2025-10-22T19:00:00Z,finished,3,/matches/liverpool-vs-eintracht-frankfurt/2tgd7s#4947140,2026-05-12T02:23:41.803715+00:00
4947221,42,UEFA Champions League,2025/2026,9829,Monaco,8586,Tottenham Hotspur,0,0,2025-10-22T19:00:00Z,finished,3,/matches/tottenham-hotspur-vs-monaco/2syl0t#4947221,2026-05-12T02:23:41.803715+00:00
4947118,42,UEFA Champions League,2025/2026,8633,Real Madrid,9885,Juventus,1,0,2025-10-22T19:00:00Z,finished,3,/matches/real-madrid-vs-juventus/2u3cqi#4947118,2026-05-12T02:23:41.803715+00:00
4947215,42,UEFA Champions League,2025/2026,9768,Sporting CP,8592,Marseille,2,1,2025-10-22T19:00:00Z,finished,3,/matches/marseille-vs-sporting-cp/2scwmc#4947215,2026-05-12T02:23:41.803715+00:00
4947176,42,UEFA Champions League,2025/2026,7787,Slavia Prague,9825,Arsenal,0,3,2025-11-04T17:45:00Z,finished,4,/matches/slavia-prague-vs-arsenal/2kcjkf#4947176,2026-05-12T02:23:41.803715+00:00
4947196,42,UEFA Champions League,2025/2026,9875,Napoli,9810,Eintracht Frankfurt,0,0,2025-11-04T17:45:00Z,finished,4,/matches/eintracht-frankfurt-vs-napoli/37d5de#4947196,2026-05-12T02:23:41.803715+00:00
4947206,42,UEFA Champions League,2025/2026,9906,Atletico Madrid,7978,Union St.Gilloise,3,1,2025-11-04T20:00:00Z,finished,4,/matches/union-stgilloise-vs-atletico-madrid/2n80mg#4947206,2026-05-12T02:23:41.803715+00:00
4947223,42,UEFA Champions League,2025/2026,8402,Bodø/Glimt,9829,Monaco,0,1,2025-11-04T20:00:00Z,finished,4,/matches/bodoglimt-vs-monaco/2qybjd#4947223,2026-05-12T02:23:41.803715+00:00
4947200,42,UEFA Champions League,2025/2026,9885,Juventus,9768,Sporting CP,1,1,2025-11-04T20:00:00Z,finished,4,/matches/sporting-cp-vs-juventus/36znpo#4947200,2026-05-12T02:23:41.803715+00:00
4947117,42,UEFA Champions League,2025/2026,8650,Liverpool,8633,Real Madrid,1,0,2025-11-04T20:00:00Z,finished,4,/matches/real-madrid-vs-liverpool/2gxhcg#4947117,2026-05-12T02:23:41.803715+00:00
4947228,42,UEFA Champions League,2025/2026,8638,Olympiacos,8640,PSV Eindhoven,1,1,2025-11-04T20:00:00Z,finished,4,/matches/olympiacos-vs-psv-eindhoven/2gvmo1#4947228,2026-05-12T02:23:41.803715+00:00
4947102,42,UEFA Champions League,2025/2026,9847,Paris Saint-Germain,9823,Bayern München,1,2,2025-11-04T20:00:00Z,finished,4,/matches/bayern-munchen-vs-paris-saint-germain/376tlg#4947102,2026-05-12T02:23:41.803715+00:00
4947220,42,UEFA Champions League,2025/2026,8586,Tottenham Hotspur,8391,FC København,4,0,2025-11-04T20:00:00Z,finished,4,/matches/fc-kobenhavn-vs-tottenham-hotspur/2dt4lf#4947220,2026-05-12T02:23:41.803715+00:00
4947211,42,UEFA Champions League,2025/2026,2137,Pafos FC,10205,Villarreal,1,0,2025-11-05T17:45:00Z,finished,4,/matches/pafos-fc-vs-villarreal/19clra#4947211,2026-05-12T02:23:41.803715+00:00
4947115,42,UEFA Champions League,2025/2026,7981,Qarabag FK,8455,Chelsea,2,2,2025-11-05T17:45:00Z,finished,4,/matches/qarabag-fk-vs-chelsea/28fecp#4947115,2026-05-12T02:23:41.803715+00:00
4947232,42,UEFA Champions League,2025/2026,8593,Ajax,8637,Galatasaray,0,3,2025-11-05T20:00:00Z,finished,4,/matches/ajax-vs-galatasaray/2gdvly#4947232,2026-05-12T02:23:41.803715+00:00
4947168,42,UEFA Champions League,2025/2026,9772,Benfica,8178,Bayer Leverkusen,0,1,2025-11-05T20:00:00Z,finished,4,/matches/bayer-leverkusen-vs-benfica/2nxczh#4947168,2026-05-12T02:23:41.803715+00:00
4947147,42,UEFA Champions League,2025/2026,8342,Club Brugge,8634,Barcelona,3,3,2025-11-05T20:00:00Z,finished,4,/matches/club-brugge-vs-barcelona/2dsrj6#4947147,2026-05-12T02:23:41.803715+00:00
4947130,42,UEFA Champions League,2025/2026,8636,Inter,8037,Kairat Almaty,2,1,2025-11-05T20:00:00Z,finished,4,/matches/kairat-almaty-vs-inter/2arhwt#4947130,2026-05-12T02:23:41.803715+00:00
4947132,42,UEFA Champions League,2025/2026,8456,Manchester City,9789,Borussia Dortmund,4,1,2025-11-05T20:00:00Z,finished,4,/matches/manchester-city-vs-borussia-dortmund/2r3sj0#4947132,2026-05-12T02:23:41.803715+00:00
4947182,42,UEFA Champions League,2025/2026,8592,Marseille,8524,Atalanta,0,1,2025-11-05T20:00:00Z,finished,4,/matches/atalanta-vs-marseille/2f7wxy#4947182,2026-05-12T02:23:41.803715+00:00
4947245,42,UEFA Champions League,2025/2026,10261,Newcastle United,8315,Athletic Club,2,0,2025-11-05T20:00:00Z,finished,4,/matches/athletic-club-vs-newcastle-united/2uqdkz#4947245,2026-05-12T02:23:41.803715+00:00
4947187,42,UEFA Champions League,2025/2026,8593,Ajax,9772,Benfica,0,2,2025-11-25T17:45:00Z,finished,5,/matches/ajax-vs-benfica/2sevgv#4947187,2026-05-12T02:23:41.803715+00:00
4947249,42,UEFA Champions League,2025/2026,8637,Galatasaray,7978,Union St.Gilloise,0,1,2025-11-25T17:45:00Z,finished,5,/matches/union-stgilloise-vs-galatasaray/2a6t0p#4947249,2026-05-12T02:23:41.803715+00:00
4947201,42,UEFA Champions League,2025/2026,8402,Bodø/Glimt,9885,Juventus,2,3,2025-11-25T20:00:00Z,finished,5,/matches/bodoglimt-vs-juventus/2rk8kl#4947201,2026-05-12T02:23:41.803715+00:00
4947133,42,UEFA Champions League,2025/2026,9789,Borussia Dortmund,10205,Villarreal,4,0,2025-11-25T20:00:00Z,finished,5,/matches/borussia-dortmund-vs-villarreal/3b0joc#4947133,2026-05-12T02:23:41.803715+00:00
4947109,42,UEFA Champions League,2025/2026,8455,Chelsea,8634,Barcelona,3,0,2025-11-25T20:00:00Z,finished,5,/matches/chelsea-vs-barcelona/2ey0nv#4947109,2026-05-12T02:23:41.803715+00:00
4947160,42,UEFA Champions League,2025/2026,8456,Manchester City,8178,Bayer Leverkusen,0,2,2025-11-25T20:00:00Z,finished,5,/matches/bayer-leverkusen-vs-manchester-city/2adklz#4947160,2026-05-12T02:23:41.803715+00:00
4947216,42,UEFA Champions League,2025/2026,8592,Marseille,10261,Newcastle United,2,1,2025-11-25T20:00:00Z,finished,5,/matches/marseille-vs-newcastle-united/2xthu7#4947216,2026-05-12T02:23:41.803715+00:00
4947234,42,UEFA Champions League,2025/2026,7787,Slavia Prague,8315,Athletic Club,0,0,2025-11-25T20:00:00Z,finished,5,/matches/slavia-prague-vs-athletic-club/256xc0#4947234,2026-05-12T02:23:41.803715+00:00
4947239,42,UEFA Champions League,2025/2026,9875,Napoli,7981,Qarabag FK,2,0,2025-11-25T20:00:00Z,finished,5,/matches/qarabag-fk-vs-napoli/2mxaib#4947239,2026-05-12T02:23:41.803715+00:00
4947252,42,UEFA Champions League,2025/2026,8391,FC København,8037,Kairat Almaty,3,2,2025-11-26T17:45:00Z,finished,5,/matches/kairat-almaty-vs-fc-kobenhavn/28ckv9#4947252,2026-05-12T02:23:41.803715+00:00
4947248,42,UEFA Champions League,2025/2026,2137,Pafos FC,9829,Monaco,2,2,2025-11-26T17:45:00Z,finished,5,/matches/pafos-fc-vs-monaco/16mtdy#4947248,2026-05-12T02:23:41.803715+00:00
4947104,42,UEFA Champions League,2025/2026,9825,Arsenal,9823,Bayern München,3,1,2025-11-26T20:00:00Z,finished,5,/matches/bayern-munchen-vs-arsenal/36xjup#4947104,2026-05-12T02:23:41.803715+00:00
4947127,42,UEFA Champions League,2025/2026,9906,Atletico Madrid,8636,Inter,2,1,2025-11-26T20:00:00Z,finished,5,/matches/inter-vs-atletico-madrid/2ucvwr#4947127,2026-05-12T02:23:41.803715+00:00
4947180,42,UEFA Champions League,2025/2026,9810,Eintracht Frankfurt,8524,Atalanta,0,3,2025-11-26T20:00:00Z,finished,5,/matches/atalanta-vs-eintracht-frankfurt/2s2okj#4947180,2026-05-12T02:23:41.803715+00:00
4947141,42,UEFA Champions League,2025/2026,8650,Liverpool,8640,PSV Eindhoven,1,4,2025-11-26T20:00:00Z,finished,5,/matches/psv-eindhoven-vs-liverpool/2h02pt#4947141,2026-05-12T02:23:41.803715+00:00
4947121,42,UEFA Champions League,2025/2026,8638,Olympiacos,8633,Real Madrid,3,4,2025-11-26T20:00:00Z,finished,5,/matches/real-madrid-vs-olympiacos/2gt1cy#4947121,2026-05-12T02:23:41.803715+00:00
4947156,42,UEFA Champions League,2025/2026,9847,Paris Saint-Germain,8586,Tottenham Hotspur,5,3,2025-11-26T20:00:00Z,finished,5,/matches/tottenham-hotspur-vs-paris-saint-germain/2t5oxk#4947156,2026-05-12T02:23:41.803715+00:00
4947191,42,UEFA Champions League,2025/2026,9768,Sporting CP,8342,Club Brugge,3,0,2025-11-26T20:00:00Z,finished,5,/matches/club-brugge-vs-sporting-cp/2pn6yx#4947191,2026-05-12T02:23:41.803715+00:00
4947231,42,UEFA Champions League,2025/2026,8037,Kairat Almaty,8638,Olympiacos,0,1,2025-12-09T15:30:00Z,finished,6,/matches/kairat-almaty-vs-olympiacos/2as7n8#4947231,2026-05-12T02:23:41.803715+00:00
4947105,42,UEFA Champions League,2025/2026,9823,Bayern München,9768,Sporting CP,3,1,2025-12-09T17:45:00Z,finished,6,/matches/sporting-cp-vs-bayern-munchen/369kxn#4947105,2026-05-12T02:23:41.803715+00:00
4947111,42,UEFA Champions League,2025/2026,8524,Atalanta,8455,Chelsea,2,1,2025-12-09T20:00:00Z,finished,6,/matches/chelsea-vs-atalanta/2dtuqy#4947111,2026-05-12T02:23:41.803715+00:00
4947146,42,UEFA Champions League,2025/2026,8634,Barcelona,9810,Eintracht Frankfurt,2,1,2025-12-09T20:00:00Z,finished,6,/matches/barcelona-vs-eintracht-frankfurt/2ta1eo#4947146,2026-05-12T02:23:41.803715+00:00
4947124,42,UEFA Champions League,2025/2026,8636,Inter,8650,Liverpool,0,1,2025-12-09T20:00:00Z,finished,6,/matches/inter-vs-liverpool/2gylcv#4947124,2026-05-12T02:23:41.803715+00:00
4947247,42,UEFA Champions League,2025/2026,9829,Monaco,8637,Galatasaray,1,0,2025-12-09T20:00:00Z,finished,6,/matches/galatasaray-vs-monaco/2tiqpk#4947247,2026-05-12T02:23:41.803715+00:00
4947205,42,UEFA Champions League,2025/2026,8640,PSV Eindhoven,9906,Atletico Madrid,2,3,2025-12-09T20:00:00Z,finished,6,/matches/psv-eindhoven-vs-atletico-madrid/2ueh59#4947205,2026-05-12T02:23:41.803715+00:00
4947218,42,UEFA Champions League,2025/2026,8586,Tottenham Hotspur,7787,Slavia Prague,3,0,2025-12-09T20:00:00Z,finished,6,/matches/slavia-prague-vs-tottenham-hotspur/27t8zl#4947218,2026-05-12T02:23:41.803715+00:00
4947217,42,UEFA Champions League,2025/2026,7978,Union St.Gilloise,8592,Marseille,2,3,2025-12-09T20:00:00Z,finished,6,/matches/union-stgilloise-vs-marseille/29qsu7#4947217,2026-05-12T02:23:41.803715+00:00
4947233,42,UEFA Champions League,2025/2026,7981,Qarabag FK,8593,Ajax,2,4,2025-12-10T17:45:00Z,finished,6,/matches/qarabag-fk-vs-ajax/29s7zm#4947233,2026-05-12T02:23:41.803715+00:00
4947210,42,UEFA Champions League,2025/2026,10205,Villarreal,8391,FC København,2,3,2025-12-10T17:45:00Z,finished,6,/matches/fc-kobenhavn-vs-villarreal/2uycgx#4947210,2026-05-12T02:23:41.803715+00:00
4947159,42,UEFA Champions League,2025/2026,8315,Athletic Club,9847,Paris Saint-Germain,0,0,2025-12-10T20:00:00Z,finished,6,/matches/athletic-club-vs-paris-saint-germain/2q7eqa#4947159,2026-05-12T02:23:41.803715+00:00
4947171,42,UEFA Champions League,2025/2026,8178,Bayer Leverkusen,10261,Newcastle United,2,2,2025-12-10T20:00:00Z,finished,6,/matches/bayer-leverkusen-vs-newcastle-united/2t80zy#4947171,2026-05-12T02:23:41.803715+00:00
4947186,42,UEFA Champions League,2025/2026,9772,Benfica,9875,Napoli,2,0,2025-12-10T20:00:00Z,finished,6,/matches/benfica-vs-napoli/36x4qb#4947186,2026-05-12T02:23:41.803715+00:00
4947135,42,UEFA Champions League,2025/2026,9789,Borussia Dortmund,8402,Bodø/Glimt,2,2,2025-12-10T20:00:00Z,finished,6,/matches/bodoglimt-vs-borussia-dortmund/2qipf9#4947135,2026-05-12T02:23:41.803715+00:00
4947174,42,UEFA Champions League,2025/2026,8342,Club Brugge,9825,Arsenal,0,3,2025-12-10T20:00:00Z,finished,6,/matches/club-brugge-vs-arsenal/2q9csl#4947174,2026-05-12T02:23:41.803715+00:00
4947202,42,UEFA Champions League,2025/2026,9885,Juventus,2137,Pafos FC,2,0,2025-12-10T20:00:00Z,finished,6,/matches/pafos-fc-vs-juventus/1717pm#4947202,2026-05-12T02:23:41.803715+00:00
4947116,42,UEFA Champions League,2025/2026,8633,Real Madrid,8456,Manchester City,1,2,2025-12-10T20:00:00Z,finished,6,/matches/manchester-city-vs-real-madrid/2ey0nu#4947116,2026-05-12T02:23:41.803715+00:00
4947193,42,UEFA Champions League,2025/2026,8037,Kairat Almaty,8342,Club Brugge,1,4,2026-01-20T15:30:00Z,finished,7,/matches/kairat-almaty-vs-club-brugge/27vcm8#4947193,2026-05-12T02:23:41.803715+00:00
4947163,42,UEFA Champions League,2025/2026,8402,Bodø/Glimt,8456,Manchester City,3,1,2026-01-20T17:45:00Z,finished,7,/matches/bodoglimt-vs-manchester-city/2clz2f#4947163,2026-05-12T02:23:41.803715+00:00
4947240,42,UEFA Champions League,2025/2026,8391,FC København,9875,Napoli,1,1,2026-01-20T20:00:00Z,finished,7,/matches/fc-kobenhavn-vs-napoli/2rc0eq#4947240,2026-05-12T02:23:41.803715+00:00
4947126,42,UEFA Champions League,2025/2026,8636,Inter,9825,Arsenal,1,3,2026-01-20T20:00:00Z,finished,7,/matches/inter-vs-arsenal/2tgrh0#4947126,2026-05-12T02:23:41.803715+00:00
4947170,42,UEFA Champions League,2025/2026,8638,Olympiacos,8178,Bayer Leverkusen,2,0,2026-01-20T20:00:00Z,finished,7,/matches/bayer-leverkusen-vs-olympiacos/2c6tjq#4947170,2026-05-12T02:23:41.803715+00:00
4947122,42,UEFA Champions League,2025/2026,8633,Real Madrid,9829,Monaco,6,1,2026-01-20T20:00:00Z,finished,7,/matches/real-madrid-vs-monaco/2th5py#4947122,2026-05-12T02:23:41.803715+00:00
4947157,42,UEFA Champions League,2025/2026,9768,Sporting CP,9847,Paris Saint-Germain,2,1,2026-01-20T20:00:00Z,finished,7,/matches/sporting-cp-vs-paris-saint-germain/36jnzb#4947157,2026-05-12T02:23:41.803715+00:00
4947136,42,UEFA Champions League,2025/2026,8586,Tottenham Hotspur,9789,Borussia Dortmund,2,0,2026-01-20T20:00:00Z,finished,7,/matches/tottenham-hotspur-vs-borussia-dortmund/2sit89#4947136,2026-05-12T02:23:41.803715+00:00
4947208,42,UEFA Champions League,2025/2026,10205,Villarreal,8593,Ajax,1,2,2026-01-20T20:00:00Z,finished,7,/matches/ajax-vs-villarreal/2x7awa#4947208,2026-05-12T02:23:41.803715+00:00
4947207,42,UEFA Champions League,2025/2026,8637,Galatasaray,9906,Atletico Madrid,1,1,2026-01-21T17:45:00Z,finished,7,/matches/galatasaray-vs-atletico-madrid/2uda7u#4947207,2026-05-12T02:23:41.803715+00:00
4947198,42,UEFA Champions League,2025/2026,7981,Qarabag FK,9810,Eintracht Frankfurt,3,2,2026-01-21T17:45:00Z,finished,7,/matches/qarabag-fk-vs-eintracht-frankfurt/2m8gia#4947198,2026-05-12T02:23:41.803715+00:00
4947183,42,UEFA Champions League,2025/2026,8524,Atalanta,8315,Athletic Club,2,3,2026-01-21T20:00:00Z,finished,7,/matches/athletic-club-vs-atalanta/2cf43s#4947183,2026-05-12T02:23:41.803715+00:00
4947107,42,UEFA Champions League,2025/2026,9823,Bayern München,7978,Union St.Gilloise,2,0,2026-01-21T20:00:00Z,finished,7,/matches/union-stgilloise-vs-bayern-munchen/2mc9u4#4947107,2026-05-12T02:23:41.803715+00:00
4947114,42,UEFA Champions League,2025/2026,8455,Chelsea,2137,Pafos FC,1,0,2026-01-21T20:00:00Z,finished,7,/matches/pafos-fc-vs-chelsea/xelyv#4947114,2026-05-12T02:23:41.803715+00:00
4947185,42,UEFA Champions League,2025/2026,9885,Juventus,9772,Benfica,2,0,2026-01-21T20:00:00Z,finished,7,/matches/benfica-vs-juventus/371cdm#4947185,2026-05-12T02:23:41.803715+00:00
4947142,42,UEFA Champions League,2025/2026,8592,Marseille,8650,Liverpool,0,3,2026-01-21T20:00:00Z,finished,7,/matches/marseille-vs-liverpool/2gib7t#4947142,2026-05-12T02:23:41.803715+00:00
4947238,42,UEFA Champions League,2025/2026,10261,Newcastle United,8640,PSV Eindhoven,3,0,2026-01-21T20:00:00Z,finished,7,/matches/psv-eindhoven-vs-newcastle-united/2ycx1j#4947238,2026-05-12T02:23:41.803715+00:00
4947151,42,UEFA Champions League,2025/2026,7787,Slavia Prague,8634,Barcelona,2,4,2026-01-21T20:00:00Z,finished,7,/matches/slavia-prague-vs-barcelona/28a4c9#4947151,2026-05-12T02:23:41.803715+00:00
4947229,42,UEFA Champions League,2025/2026,8593,Ajax,8638,Olympiacos,1,2,2026-01-28T20:00:00Z,finished,8,/matches/ajax-vs-olympiacos/2ge8wm#4947229,2026-05-12T02:23:41.803715+00:00
4947177,42,UEFA Champions League,2025/2026,9825,Arsenal,8037,Kairat Almaty,3,2,2026-01-28T20:00:00Z,finished,8,/matches/kairat-almaty-vs-arsenal/2mzl5i#4947177,2026-05-12T02:23:41.803715+00:00
4947227,42,UEFA Champions League,2025/2026,8315,Athletic Club,9768,Sporting CP,2,3,2026-01-28T20:00:00Z,finished,8,/matches/athletic-club-vs-sporting-cp/2pcpy6#4947227,2026-05-12T02:23:41.803715+00:00
4947204,42,UEFA Champions League,2025/2026,9906,Atletico Madrid,8402,Bodø/Glimt,1,2,2026-01-28T20:00:00Z,finished,8,/matches/bodoglimt-vs-atletico-madrid/2rsh30#4947204,2026-05-12T02:23:41.803715+00:00
4947152,42,UEFA Champions League,2025/2026,8634,Barcelona,8391,FC København,4,1,2026-01-28T20:00:00Z,finished,8,/matches/fc-kobenhavn-vs-barcelona/2eambf#4947152,2026-05-12T02:23:41.803715+00:00
4947167,42,UEFA Champions League,2025/2026,8178,Bayer Leverkusen,10205,Villarreal,3,0,2026-01-28T20:00:00Z,finished,8,/matches/bayer-leverkusen-vs-villarreal/2slxfu#4947167,2026-05-12T02:23:41.803715+00:00
4947119,42,UEFA Champions League,2025/2026,9772,Benfica,8633,Real Madrid,4,2,2026-01-28T20:00:00Z,finished,8,/matches/real-madrid-vs-benfica/2sumx7#4947119,2026-05-12T02:23:41.803715+00:00
4947125,42,UEFA Champions League,2025/2026,9789,Borussia Dortmund,8636,Inter,0,2,2026-01-28T20:00:00Z,finished,8,/matches/inter-vs-borussia-dortmund/2t2j4i#4947125,2026-05-12T02:23:41.803715+00:00
4947190,42,UEFA Champions League,2025/2026,8342,Club Brugge,8592,Marseille,3,0,2026-01-28T20:00:00Z,finished,8,/matches/club-brugge-vs-marseille/2ddi0l#4947190,2026-05-12T02:23:41.803715+00:00
4947195,42,UEFA Champions League,2025/2026,9810,Eintracht Frankfurt,8586,Tottenham Hotspur,0,2,2026-01-28T20:00:00Z,finished,8,/matches/tottenham-hotspur-vs-eintracht-frankfurt/2sr360#4947195,2026-05-12T02:23:41.803715+00:00
4947143,42,UEFA Champions League,2025/2026,8650,Liverpool,7981,Qarabag FK,6,0,2026-01-28T20:00:00Z,finished,8,/matches/qarabag-fk-vs-liverpool/2aci9a#4947143,2026-05-12T02:23:41.803715+00:00
4947164,42,UEFA Champions League,2025/2026,8456,Manchester City,8637,Galatasaray,2,0,2026-01-28T20:00:00Z,finished,8,/matches/manchester-city-vs-galatasaray/2ezhf0#4947164,2026-05-12T02:23:41.803715+00:00
4947203,42,UEFA Champions League,2025/2026,9829,Monaco,9885,Juventus,0,0,2026-01-28T20:00:00Z,finished,8,/matches/monaco-vs-juventus/37pe74#4947203,2026-05-12T02:23:41.803715+00:00
4947235,42,UEFA Champions League,2025/2026,2137,Pafos FC,7787,Slavia Prague,4,1,2026-01-28T20:00:00Z,finished,8,/matches/pafos-fc-vs-slavia-prague/tbpw5#4947235,2026-05-12T02:23:41.803715+00:00
4947158,42,UEFA Champions League,2025/2026,9847,Paris Saint-Germain,10261,Newcastle United,1,1,2026-01-28T20:00:00Z,finished,8,/matches/paris-saint-germain-vs-newcastle-united/3cdjid#4947158,2026-05-12T02:23:41.803715+00:00
4947106,42,UEFA Champions League,2025/2026,8640,PSV Eindhoven,9823,Bayern München,1,2,2026-01-28T20:00:00Z,finished,8,/matches/psv-eindhoven-vs-bayern-munchen/2thjyn#4947106,2026-05-12T02:23:41.803715+00:00
4947113,42,UEFA Champions League,2025/2026,9875,Napoli,8455,Chelsea,2,3,2026-01-28T20:00:00Z,finished,8,/matches/chelsea-vs-napoli/2s141e#4947113,2026-05-12T02:23:41.803715+00:00
4947184,42,UEFA Champions League,2025/2026,7978,Union St.Gilloise,8524,Atalanta,1,0,2026-01-28T20:00:00Z,finished,8,/matches/union-stgilloise-vs-atalanta/292p4p#4947184,2026-05-12T02:23:41.803715+00:00
5161867,42,UEFA Champions League,2025/2026,8637,Galatasaray,9885,Juventus,5,2,2026-02-17T17:45:00Z,finished,playoff,/matches/galatasaray-vs-juventus/2u4xwc#5161867,2026-05-12T02:23:41.803715+00:00
5161859,42,UEFA Champions League,2025/2026,9772,Benfica,8633,Real Madrid,0,1,2026-02-17T20:00:00Z,finished,playoff,/matches/real-madrid-vs-benfica/2sumx7#5161859,2026-05-12T02:23:41.803715+00:00
5161863,42,UEFA Champions League,2025/2026,9829,Monaco,9847,Paris Saint-Germain,2,3,2026-02-17T20:00:00Z,finished,playoff,/matches/monaco-vs-paris-saint-germain/379cod#5161863,2026-05-12T02:23:41.803715+00:00
5161871,42,UEFA Champions League,2025/2026,9789,Borussia Dortmund,8524,Atalanta,2,0,2026-02-17T20:15:00Z,finished,playoff,/matches/atalanta-vs-borussia-dortmund/2rufmy#5161871,2026-05-12T02:23:41.803715+00:00
5161865,42,UEFA Champions League,2025/2026,7981,Qarabag FK,10261,Newcastle United,1,6,2026-02-18T17:45:00Z,finished,playoff,/matches/qarabag-fk-vs-newcastle-united/2r2kwg#5161865,2026-05-12T02:23:41.803715+00:00
5161861,42,UEFA Champions League,2025/2026,8402,Bodø/Glimt,8636,Inter,3,1,2026-02-18T20:00:00Z,finished,playoff,/matches/bodoglimt-vs-inter/2efd5x#5161861,2026-05-12T02:23:41.803715+00:00
5161869,42,UEFA Champions League,2025/2026,8342,Club Brugge,9906,Atletico Madrid,3,3,2026-02-18T20:00:00Z,finished,playoff,/matches/club-brugge-vs-atletico-madrid/2r4yuu#5161869,2026-05-12T02:23:41.803715+00:00
5161873,42,UEFA Champions League,2025/2026,8638,Olympiacos,8178,Bayer Leverkusen,0,2,2026-02-18T20:00:00Z,finished,playoff,/matches/bayer-leverkusen-vs-olympiacos/2c6tjq#5161873,2026-05-12T02:23:41.803715+00:00
5161870,42,UEFA Champions League,2025/2026,9906,Atletico Madrid,8342,Club Brugge,4,1,2026-02-24T17:45:00Z,finished,playoff,/matches/club-brugge-vs-atletico-madrid/2r4yuu#5161870,2026-05-12T02:23:41.803715+00:00
5161874,42,UEFA Champions League,2025/2026,8178,Bayer Leverkusen,8638,Olympiacos,0,0,2026-02-24T20:00:00Z,finished,playoff,/matches/bayer-leverkusen-vs-olympiacos/2c6tjq#5161874,2026-05-12T02:23:41.803715+00:00
5161862,42,UEFA Champions League,2025/2026,8636,Inter,8402,Bodø/Glimt,1,2,2026-02-24T20:00:00Z,finished,playoff,/matches/bodoglimt-vs-inter/2efd5x#5161862,2026-05-12T02:23:41.803715+00:00
5161866,42,UEFA Champions League,2025/2026,10261,Newcastle United,7981,Qarabag FK,3,2,2026-02-24T20:00:00Z,finished,playoff,/matches/qarabag-fk-vs-newcastle-united/2r2kwg#5161866,2026-05-12T02:23:41.803715+00:00
5161872,42,UEFA Champions League,2025/2026,8524,Atalanta,9789,Borussia Dortmund,4,1,2026-02-25T17:45:00Z,finished,playoff,/matches/atalanta-vs-borussia-dortmund/2rufmy#5161872,2026-05-12T02:23:41.803715+00:00
5161868,42,UEFA Champions League,2025/2026,9885,Juventus,8637,Galatasaray,3,2,2026-02-25T20:00:00Z,finished,playoff,/matches/galatasaray-vs-juventus/2u4xwc#5161868,2026-05-12T02:23:41.803715+00:00
5161864,42,UEFA Champions League,2025/2026,9847,Paris Saint-Germain,9829,Monaco,2,2,2026-02-25T20:00:00Z,finished,playoff,/matches/monaco-vs-paris-saint-germain/379cod#5161864,2026-05-12T02:23:41.803715+00:00
5161860,42,UEFA Champions League,2025/2026,8633,Real Madrid,9772,Benfica,2,1,2026-02-25T20:00:00Z,finished,playoff,/matches/real-madrid-vs-benfica/2sumx7#5161860,2026-05-12T02:23:41.803715+00:00
5205737,42,UEFA Champions League,2025/2026,8637,Galatasaray,8650,Liverpool,1,0,2026-03-10T17:45:00Z,finished,1/8,/matches/galatasaray-vs-liverpool/2gyyp2#5205737,2026-05-12T02:23:41.803715+00:00
5205739,42,UEFA Champions League,2025/2026,8524,Atalanta,9823,Bayern München,1,6,2026-03-10T20:00:00Z,finished,1/8,/matches/atalanta-vs-bayern-munchen/2s7sk1#5205739,2026-05-12T02:23:41.803715+00:00
5205741,42,UEFA Champions League,2025/2026,9906,Atletico Madrid,8586,Tottenham Hotspur,5,2,2026-03-10T20:00:00Z,finished,1/8,/matches/tottenham-hotspur-vs-atletico-madrid/2tt1i0#5205741,2026-05-12T02:23:41.803715+00:00
5205733,42,UEFA Champions League,2025/2026,10261,Newcastle United,8634,Barcelona,1,1,2026-03-10T20:00:00Z,finished,1/8,/matches/barcelona-vs-newcastle-united/2yahjm#5205733,2026-05-12T02:23:41.803715+00:00
5205743,42,UEFA Champions League,2025/2026,8178,Bayer Leverkusen,9825,Arsenal,1,1,2026-03-11T17:45:00Z,finished,1/8,/matches/bayer-leverkusen-vs-arsenal/2ohs73#5205743,2026-05-12T02:23:41.803715+00:00
5205735,42,UEFA Champions League,2025/2026,8402,Bodø/Glimt,9768,Sporting CP,3,0,2026-03-11T20:00:00Z,finished,1/8,/matches/bodoglimt-vs-sporting-cp/2qait3#5205735,2026-05-12T02:23:41.803715+00:00
5205729,42,UEFA Champions League,2025/2026,9847,Paris Saint-Germain,8455,Chelsea,5,2,2026-03-11T20:00:00Z,finished,1/8,/matches/chelsea-vs-paris-saint-germain/2rq4ag#5205729,2026-05-12T02:23:41.803715+00:00
5205731,42,UEFA Champions League,2025/2026,8633,Real Madrid,8456,Manchester City,3,0,2026-03-11T20:00:00Z,finished,1/8,/matches/manchester-city-vs-real-madrid/2ey0nu#5205731,2026-05-12T02:23:41.803715+00:00
5205736,42,UEFA Champions League,2025/2026,9768,Sporting CP,8402,Bodø/Glimt,5,0,2026-03-17T17:45:00Z,finished,1/8,/matches/bodoglimt-vs-sporting-cp/2qait3#5205736,2026-05-12T02:23:41.803715+00:00
5205744,42,UEFA Champions League,2025/2026,9825,Arsenal,8178,Bayer Leverkusen,2,0,2026-03-17T20:00:00Z,finished,1/8,/matches/bayer-leverkusen-vs-arsenal/2ohs73#5205744,2026-05-12T02:23:41.803715+00:00
5205730,42,UEFA Champions League,2025/2026,8455,Chelsea,9847,Paris Saint-Germain,0,3,2026-03-17T20:00:00Z,finished,1/8,/matches/chelsea-vs-paris-saint-germain/2rq4ag#5205730,2026-05-12T02:23:41.803715+00:00
5205732,42,UEFA Champions League,2025/2026,8456,Manchester City,8633,Real Madrid,1,2,2026-03-17T20:00:00Z,finished,1/8,/matches/manchester-city-vs-real-madrid/2ey0nu#5205732,2026-05-12T02:23:41.803715+00:00
5205734,42,UEFA Champions League,2025/2026,8634,Barcelona,10261,Newcastle United,7,2,2026-03-18T17:45:00Z,finished,1/8,/matches/barcelona-vs-newcastle-united/2yahjm#5205734,2026-05-12T02:23:41.803715+00:00
5205740,42,UEFA Champions League,2025/2026,9823,Bayern München,8524,Atalanta,4,1,2026-03-18T20:00:00Z,finished,1/8,/matches/atalanta-vs-bayern-munchen/2s7sk1#5205740,2026-05-12T02:23:41.803715+00:00
5205738,42,UEFA Champions League,2025/2026,8650,Liverpool,8637,Galatasaray,4,0,2026-03-18T20:00:00Z,finished,1/8,/matches/galatasaray-vs-liverpool/2gyyp2#5205738,2026-05-12T02:23:41.803715+00:00
5205742,42,UEFA Champions League,2025/2026,8586,Tottenham Hotspur,9906,Atletico Madrid,3,2,2026-03-18T20:00:00Z,finished,1/8,/matches/tottenham-hotspur-vs-atletico-madrid/2tt1i0#5205742,2026-05-12T02:23:41.803715+00:00
5205791,42,UEFA Champions League,2025/2026,8633,Real Madrid,9823,Bayern München,1,2,2026-04-07T19:00:00Z,finished,1/4,/matches/real-madrid-vs-bayern-munchen/2tes97#5205791,2026-05-12T02:23:41.803715+00:00
5205795,42,UEFA Champions League,2025/2026,9768,Sporting CP,9825,Arsenal,0,1,2026-04-07T19:00:00Z,finished,1/4,/matches/sporting-cp-vs-arsenal/36af66#5205795,2026-05-12T02:23:41.803715+00:00
5205793,42,UEFA Champions League,2025/2026,8634,Barcelona,9906,Atletico Madrid,0,2,2026-04-08T19:00:00Z,finished,1/4,/matches/barcelona-vs-atletico-madrid/2uc3ao#5205793,2026-05-12T02:23:41.803715+00:00
5205789,42,UEFA Champions League,2025/2026,9847,Paris Saint-Germain,8650,Liverpool,2,0,2026-04-08T19:00:00Z,finished,1/4,/matches/liverpool-vs-paris-saint-germain/2tv0t4#5205789,2026-05-12T02:23:41.803715+00:00
5205794,42,UEFA Champions League,2025/2026,9906,Atletico Madrid,8634,Barcelona,1,2,2026-04-14T19:00:00Z,finished,1/4,/matches/barcelona-vs-atletico-madrid/2uc3ao#5205794,2026-05-12T02:23:41.803715+00:00
5205790,42,UEFA Champions League,2025/2026,8650,Liverpool,9847,Paris Saint-Germain,0,2,2026-04-14T19:00:00Z,finished,1/4,/matches/liverpool-vs-paris-saint-germain/2tv0t4#5205790,2026-05-12T02:23:41.803715+00:00
5205796,42,UEFA Champions League,2025/2026,9825,Arsenal,9768,Sporting CP,0,0,2026-04-15T19:00:00Z,finished,1/4,/matches/sporting-cp-vs-arsenal/36af66#5205796,2026-05-12T02:23:41.803715+00:00
5205792,42,UEFA Champions League,2025/2026,9823,Bayern München,8633,Real Madrid,4,3,2026-04-15T19:00:00Z,finished,1/4,/matches/real-madrid-vs-bayern-munchen/2tes97#5205792,2026-05-12T02:23:41.803715+00:00
5205811,42,UEFA Champions League,2025/2026,9847,Paris Saint-Germain,9823,Bayern München,5,4,2026-04-28T19:00:00Z,finished,1/2,/matches/bayern-munchen-vs-paris-saint-germain/376tlg#5205811,2026-05-12T02:23:41.803715+00:00
5205813,42,UEFA Champions League,2025/2026,9906,Atletico Madrid,9825,Arsenal,1,1,2026-04-29T19:00:00Z,finished,1/2,/matches/arsenal-vs-atletico-madrid/37wkxc#5205813,2026-05-12T02:23:41.803715+00:00
5205814,42,UEFA Champions League,2025/2026,9825,Arsenal,9906,Atletico Madrid,1,0,2026-05-05T19:00:00Z,finished,1/2,/matches/arsenal-vs-atletico-madrid/37wkxc#5205814,2026-05-12T02:23:41.803715+00:00
5205812,42,UEFA Champions League,2025/2026,9823,Bayern München,9847,Paris Saint-Germain,1,1,2026-05-06T19:00:00Z,finished,1/2,/matches/bayern-munchen-vs-paris-saint-germain/376tlg#5205812,2026-05-12T02:23:41.803715+00:00
5205834,42,UEFA Champions League,2025/2026,9847,Paris Saint-Germain,9825,Arsenal,,,2026-05-30T16:00:00Z,upcoming,final,/matches/arsenal-vs-paris-saint-germain/377nyb#5205834,2026-05-12T02:23:41.803715+00:00
4947854,73,UEFA Europa League,2025/2026,8113,FC Midtjylland,10014,Sturm Graz,2,0,2025-09-24T16:45:00Z,finished,1,/matches/fc-midtjylland-vs-sturm-graz/2ptrd5#4947854,2026-05-12T02:32:02.865374+00:00
4947825,73,UEFA Europa League,2025/2026,8619,PAOK Thessaloniki,7855,Maccabi Tel Aviv,0,0,2025-09-24T16:45:00Z,finished,1,/matches/maccabi-tel-aviv-vs-paok-thessaloniki/28ssyy#4947825,2026-05-12T02:32:02.865374+00:00
4947812,73,UEFA Europa League,2025/2026,10264,Braga,10235,Feyenoord,1,0,2025-09-24T19:00:00Z,finished,1,/matches/feyenoord-vs-braga/3h3phy#4947812,2026-05-12T02:32:02.865374+00:00
4947793,73,UEFA Europa League,2025/2026,10156,Dinamo Zagreb,8695,Fenerbahçe,3,1,2025-09-24T19:00:00Z,finished,1,/matches/fenerbahce-vs-dinamo-zagreb/2xsotp#4947793,2026-05-12T02:32:02.865374+00:00
4947817,73,UEFA Europa League,2025/2026,8687,FK Crvena Zvezda,9925,Celtic,1,1,2025-09-24T19:00:00Z,finished,1,/matches/fk-crvena-zvezda-vs-celtic/2v4rc7#4947817,2026-05-12T02:32:02.865374+00:00
4947858,73,UEFA Europa League,2025/2026,8358,Freiburg,9931,Basel,2,1,2025-09-24T19:00:00Z,finished,1,/matches/freiburg-vs-basel/2rl0tw#4947858,2026-05-12T02:32:02.865374+00:00
4947899,73,UEFA Europa League,2025/2026,10237,Malmö FF,210173,Ludogorets Razgrad,1,2,2025-09-24T19:00:00Z,finished,1,/matches/malmo-ff-vs-ludogorets-razgrad/b5pzybw#4947899,2026-05-12T02:32:02.865374+00:00
4947876,73,UEFA Europa League,2025/2026,9831,Nice,8686,Roma,1,2,2025-09-24T19:00:00Z,finished,1,/matches/roma-vs-nice/2u2yem#4947876,2026-05-12T02:32:02.865374+00:00
4947798,73,UEFA Europa League,2025/2026,8603,Real Betis,10203,Nottingham Forest,2,2,2025-09-24T19:00:00Z,finished,1,/matches/real-betis-vs-nottingham-forest/2xaiyw#4947798,2026-05-12T02:32:02.865374+00:00
4947903,73,UEFA Europa League,2025/2026,6433,Go Ahead Eagles,9723,FCSB,0,1,2025-09-25T16:45:00Z,finished,1,/matches/go-ahead-eagles-vs-fcsb/25pmhd#4947903,2026-05-12T02:32:02.865374+00:00
4947787,73,UEFA Europa League,2025/2026,8639,Lille,8468,Brann,2,1,2025-09-25T16:45:00Z,finished,1,/matches/brann-vs-lille/2f4m59#4947787,2026-05-12T02:32:02.865374+00:00
4947807,73,UEFA Europa League,2025/2026,10252,Aston Villa,9857,Bologna,1,0,2025-09-25T19:00:00Z,finished,1,/matches/bologna-vs-aston-villa/3cdz18#4947807,2026-05-12T02:32:02.865374+00:00
4947906,73,UEFA Europa League,2025/2026,9908,FC Utrecht,9748,Lyon,0,1,2025-09-25T19:00:00Z,finished,1,/matches/lyon-vs-fc-utrecht/370x88#4947906,2026-05-12T02:32:02.865374+00:00
4947833,73,UEFA Europa League,2025/2026,8222,Ferencvaros,6033,Viktoria Plzen,1,1,2025-09-25T19:00:00Z,finished,1,/matches/viktoria-plzen-vs-ferencvaros/1oi0ue#4947833,2026-05-12T02:32:02.865374+00:00
4947791,73,UEFA Europa League,2025/2026,8548,Rangers,9987,Genk,0,1,2025-09-25T19:00:00Z,finished,1,/matches/rangers-vs-genk/2ua3u7#4947791,2026-05-12T02:32:02.865374+00:00
4947800,73,UEFA Europa League,2025/2026,10013,Salzburg,9773,FC Porto,0,1,2025-09-25T19:00:00Z,finished,1,/matches/fc-porto-vs-salzburg/38jvd0#4947800,2026-05-12T02:32:02.865374+00:00
4947892,73,UEFA Europa League,2025/2026,10269,VfB Stuttgart,9910,Celta Vigo,2,1,2025-09-25T19:00:00Z,finished,1,/matches/celta-vigo-vs-vfb-stuttgart/3d874k#4947892,2026-05-12T02:32:02.865374+00:00
4947847,73,UEFA Europa League,2025/2026,10192,Young Boys,10200,Panathinaikos,1,4,2025-09-25T19:00:00Z,finished,1,/matches/young-boys-vs-panathinaikos/3fste4#4947847,2026-05-12T02:32:02.865374+00:00
4947883,73,UEFA Europa League,2025/2026,9857,Bologna,8358,Freiburg,1,1,2025-10-02T16:45:00Z,finished,2,/matches/freiburg-vs-bologna/2qs2kt#4947883,2026-05-12T02:32:02.865374+00:00
4947916,73,UEFA Europa League,2025/2026,8468,Brann,9908,FC Utrecht,1,0,2025-10-02T16:45:00Z,finished,2,/matches/brann-vs-fc-utrecht/2sj7i0#4947916,2026-05-12T02:32:02.865374+00:00
4947837,73,UEFA Europa League,2025/2026,9925,Celtic,10264,Braga,0,2,2025-10-02T16:45:00Z,finished,2,/matches/celtic-vs-braga/3dcivs#4947837,2026-05-12T02:32:02.865374+00:00
4947874,73,UEFA Europa League,2025/2026,9723,FCSB,10192,Young Boys,0,2,2025-10-02T16:45:00Z,finished,2,/matches/fcsb-vs-young-boys/3a2r8d#4947874,2026-05-12T02:32:02.865374+00:00
4947810,73,UEFA Europa League,2025/2026,8695,Fenerbahçe,9831,Nice,2,1,2025-10-02T16:45:00Z,finished,2,/matches/fenerbahce-vs-nice/2u6j14#4947810,2026-05-12T02:32:02.865374+00:00
4947860,73,UEFA Europa League,2025/2026,210173,Ludogorets Razgrad,8603,Real Betis,0,2,2025-10-02T16:45:00Z,finished,2,/matches/real-betis-vs-ludogorets-razgrad/azs8yrr#4947860,2026-05-12T02:32:02.865374+00:00
4947896,73,UEFA Europa League,2025/2026,10200,Panathinaikos,6433,Go Ahead Eagles,1,2,2025-10-02T16:45:00Z,finished,2,/matches/go-ahead-eagles-vs-panathinaikos/2ad67q#4947896,2026-05-12T02:32:02.865374+00:00
4947772,73,UEFA Europa League,2025/2026,8686,Roma,8639,Lille,0,1,2025-10-02T16:45:00Z,finished,2,/matches/lille-vs-roma/2hd261#4947772,2026-05-12T02:32:02.865374+00:00
4947831,73,UEFA Europa League,2025/2026,6033,Viktoria Plzen,10237,Malmö FF,3,0,2025-10-02T16:45:00Z,finished,2,/matches/viktoria-plzen-vs-malmo-ff/26t5tm#4947831,2026-05-12T02:32:02.865374+00:00
4947851,73,UEFA Europa League,2025/2026,9931,Basel,10269,VfB Stuttgart,2,0,2025-10-02T19:00:00Z,finished,2,/matches/basel-vs-vfb-stuttgart/3dhaan#4947851,2026-05-12T02:32:02.865374+00:00
4947886,73,UEFA Europa League,2025/2026,9910,Celta Vigo,8619,PAOK Thessaloniki,3,1,2025-10-02T19:00:00Z,finished,2,/matches/paok-thessaloniki-vs-celta-vigo/2u7pzb#4947886,2026-05-12T02:32:02.865374+00:00
4947777,73,UEFA Europa League,2025/2026,9773,FC Porto,8687,FK Crvena Zvezda,2,1,2025-10-02T19:00:00Z,finished,2,/matches/fk-crvena-zvezda-vs-fc-porto/2tgd6r#4947777,2026-05-12T02:32:02.865374+00:00
4947780,73,UEFA Europa League,2025/2026,10235,Feyenoord,10252,Aston Villa,0,2,2025-10-02T19:00:00Z,finished,2,/matches/feyenoord-vs-aston-villa/3gyfqg#4947780,2026-05-12T02:32:02.865374+00:00
4947910,73,UEFA Europa League,2025/2026,9987,Genk,8222,Ferencvaros,0,1,2025-10-02T19:00:00Z,finished,2,/matches/ferencvaros-vs-genk/2qpqd0#4947910,2026-05-12T02:32:02.865374+00:00
4947820,73,UEFA Europa League,2025/2026,9748,Lyon,10013,Salzburg,2,0,2025-10-02T19:00:00Z,finished,2,/matches/lyon-vs-salzburg/3899wd#4947820,2026-05-12T02:32:02.865374+00:00
4947840,73,UEFA Europa League,2025/2026,7855,Maccabi Tel Aviv,10156,Dinamo Zagreb,1,3,2025-10-02T19:00:00Z,finished,2,/matches/maccabi-tel-aviv-vs-dinamo-zagreb/2oktu1#4947840,2026-05-12T02:32:02.865374+00:00
4947866,73,UEFA Europa League,2025/2026,10203,Nottingham Forest,8113,FC Midtjylland,2,3,2025-10-02T19:00:00Z,finished,2,/matches/fc-midtjylland-vs-nottingham-forest/2rvkqn#4947866,2026-05-12T02:32:02.865374+00:00
4947868,73,UEFA Europa League,2025/2026,10014,Sturm Graz,8548,Rangers,2,1,2025-10-02T19:00:00Z,finished,2,/matches/rangers-vs-sturm-graz/2ukt5z#4947868,2026-05-12T02:32:02.865374+00:00
4947813,73,UEFA Europa League,2025/2026,10264,Braga,8687,FK Crvena Zvezda,2,0,2025-10-23T16:45:00Z,finished,3,/matches/fk-crvena-zvezda-vs-braga/2yx79n#4947813,2026-05-12T02:32:02.865374+00:00
4947913,73,UEFA Europa League,2025/2026,8468,Brann,8548,Rangers,3,0,2025-10-23T16:45:00Z,finished,3,/matches/brann-vs-rangers/2e7c1s#4947913,2026-05-12T02:32:02.865374+00:00
4947875,73,UEFA Europa League,2025/2026,9723,FCSB,9857,Bologna,1,2,2025-10-23T16:45:00Z,finished,3,/matches/fcsb-vs-bologna/364ypz#4947875,2026-05-12T02:32:02.865374+00:00
4947811,73,UEFA Europa League,2025/2026,8695,Fenerbahçe,10269,VfB Stuttgart,1,0,2025-10-23T16:45:00Z,finished,3,/matches/fenerbahce-vs-vfb-stuttgart/2z2hft#4947811,2026-05-12T02:32:02.865374+00:00
4947909,73,UEFA Europa League,2025/2026,9987,Genk,8603,Real Betis,0,0,2025-10-23T16:45:00Z,finished,3,/matches/real-betis-vs-genk/2uvzmc#4947909,2026-05-12T02:32:02.865374+00:00
4947901,73,UEFA Europa League,2025/2026,6433,Go Ahead Eagles,10252,Aston Villa,2,1,2025-10-23T16:45:00Z,finished,3,/matches/go-ahead-eagles-vs-aston-villa/2avqng#4947901,2026-05-12T02:32:02.865374+00:00
4947822,73,UEFA Europa League,2025/2026,9748,Lyon,9931,Basel,2,0,2025-10-23T16:45:00Z,finished,3,/matches/lyon-vs-basel/37amaj#4947822,2026-05-12T02:32:02.865374+00:00
4947801,73,UEFA Europa League,2025/2026,10013,Salzburg,8222,Ferencvaros,2,3,2025-10-23T16:45:00Z,finished,3,/matches/ferencvaros-vs-salzburg/2qzuko#4947801,2026-05-12T02:32:02.865374+00:00
4947887,73,UEFA Europa League,2025/2026,9910,Celta Vigo,9831,Nice,2,1,2025-10-23T19:00:00Z,finished,3,/matches/nice-vs-celta-vigo/380t7t#4947887,2026-05-12T02:32:02.865374+00:00
4947838,73,UEFA Europa League,2025/2026,9925,Celtic,10014,Sturm Graz,2,1,2025-10-23T19:00:00Z,finished,3,/matches/celtic-vs-sturm-graz/3ad0ez#4947838,2026-05-12T02:32:02.865374+00:00
4947783,73,UEFA Europa League,2025/2026,10235,Feyenoord,10200,Panathinaikos,3,1,2025-10-23T19:00:00Z,finished,3,/matches/panathinaikos-vs-feyenoord/3gbmqh#4947783,2026-05-12T02:32:02.865374+00:00
4947859,73,UEFA Europa League,2025/2026,8358,Freiburg,9908,FC Utrecht,2,0,2025-10-23T19:00:00Z,finished,3,/matches/freiburg-vs-fc-utrecht/2rc0fn#4947859,2026-05-12T02:32:02.865374+00:00
4947785,73,UEFA Europa League,2025/2026,8639,Lille,8619,PAOK Thessaloniki,3,4,2025-10-23T19:00:00Z,finished,3,/matches/paok-thessaloniki-vs-lille/2go86e#4947785,2026-05-12T02:32:02.865374+00:00
4947842,73,UEFA Europa League,2025/2026,7855,Maccabi Tel Aviv,8113,FC Midtjylland,0,3,2025-10-23T19:00:00Z,finished,3,/matches/maccabi-tel-aviv-vs-fc-midtjylland/23wv6p#4947842,2026-05-12T02:32:02.865374+00:00
4947897,73,UEFA Europa League,2025/2026,10237,Malmö FF,10156,Dinamo Zagreb,1,1,2025-10-23T19:00:00Z,finished,3,/matches/dinamo-zagreb-vs-malmo-ff/3ft95m#4947897,2026-05-12T02:32:02.865374+00:00
4947864,73,UEFA Europa League,2025/2026,10203,Nottingham Forest,9773,FC Porto,2,0,2025-10-23T19:00:00Z,finished,3,/matches/fc-porto-vs-nottingham-forest/3asu35#4947864,2026-05-12T02:32:02.865374+00:00
4947773,73,UEFA Europa League,2025/2026,8686,Roma,6033,Viktoria Plzen,1,2,2025-10-23T19:00:00Z,finished,3,/matches/viktoria-plzen-vs-roma/1si432#4947773,2026-05-12T02:32:02.865374+00:00
4947846,73,UEFA Europa League,2025/2026,10192,Young Boys,210173,Ludogorets Razgrad,3,2,2025-10-23T19:00:00Z,finished,3,/matches/young-boys-vs-ludogorets-razgrad/b5k3dyw#4947846,2026-05-12T02:32:02.865374+00:00
4947850,73,UEFA Europa League,2025/2026,9931,Basel,9723,FCSB,3,1,2025-11-06T17:45:00Z,finished,4,/matches/fcsb-vs-basel/3702ww#4947850,2026-05-12T02:32:02.865374+00:00
4947795,73,UEFA Europa League,2025/2026,10156,Dinamo Zagreb,9910,Celta Vigo,0,3,2025-11-06T17:45:00Z,finished,4,/matches/celta-vigo-vs-dinamo-zagreb/3bvgkp#4947795,2026-05-12T02:32:02.865374+00:00
4947853,73,UEFA Europa League,2025/2026,8113,FC Midtjylland,9925,Celtic,3,1,2025-11-06T17:45:00Z,finished,4,/matches/fc-midtjylland-vs-celtic/2ovaya#4947853,2026-05-12T02:32:02.865374+00:00
4947905,73,UEFA Europa League,2025/2026,9908,FC Utrecht,9773,FC Porto,1,1,2025-11-06T17:45:00Z,finished,4,/matches/fc-porto-vs-fc-utrecht/37bgn9#4947905,2026-05-12T02:32:02.865374+00:00
4947816,73,UEFA Europa League,2025/2026,8687,FK Crvena Zvezda,8639,Lille,1,0,2025-11-06T17:45:00Z,finished,4,/matches/lille-vs-fk-crvena-zvezda/2hdfjc#4947816,2026-05-12T02:32:02.865374+00:00
4947900,73,UEFA Europa League,2025/2026,10237,Malmö FF,10200,Panathinaikos,0,1,2025-11-06T17:45:00Z,finished,4,/matches/panathinaikos-vs-malmo-ff/3gci9w#4947900,2026-05-12T02:32:02.865374+00:00
4947878,73,UEFA Europa League,2025/2026,9831,Nice,8358,Freiburg,1,3,2025-11-06T17:45:00Z,finished,4,/matches/freiburg-vs-nice/2qhxdu#4947878,2026-05-12T02:32:02.865374+00:00
4947803,73,UEFA Europa League,2025/2026,10013,Salzburg,6433,Go Ahead Eagles,2,0,2025-11-06T17:45:00Z,finished,4,/matches/go-ahead-eagles-vs-salzburg/28ivnm#4947803,2026-05-12T02:32:02.865374+00:00
4947870,73,UEFA Europa League,2025/2026,10014,Sturm Graz,10203,Nottingham Forest,0,0,2025-11-06T17:45:00Z,finished,4,/matches/sturm-graz-vs-nottingham-forest/3donlc#4947870,2026-05-12T02:32:02.865374+00:00
4947805,73,UEFA Europa League,2025/2026,10252,Aston Villa,7855,Maccabi Tel Aviv,2,0,2025-11-06T20:00:00Z,finished,4,/matches/maccabi-tel-aviv-vs-aston-villa/2plzkp#4947805,2026-05-12T02:32:02.865374+00:00
4947884,73,UEFA Europa League,2025/2026,9857,Bologna,8468,Brann,0,0,2025-11-06T20:00:00Z,finished,4,/matches/brann-vs-bologna/2rz5bc#4947884,2026-05-12T02:32:02.865374+00:00
4947815,73,UEFA Europa League,2025/2026,10264,Braga,9987,Genk,3,4,2025-11-06T20:00:00Z,finished,4,/matches/genk-vs-braga/3e3e9p#4947815,2026-05-12T02:32:02.865374+00:00
4947834,73,UEFA Europa League,2025/2026,8222,Ferencvaros,210173,Ludogorets Razgrad,3,1,2025-11-06T20:00:00Z,finished,4,/matches/ferencvaros-vs-ludogorets-razgrad/ayeny8o#4947834,2026-05-12T02:32:02.865374+00:00
4947826,73,UEFA Europa League,2025/2026,8619,PAOK Thessaloniki,10192,Young Boys,4,0,2025-11-06T20:00:00Z,finished,4,/matches/paok-thessaloniki-vs-young-boys/2xcjjp#4947826,2026-05-12T02:32:02.865374+00:00
4947788,73,UEFA Europa League,2025/2026,8548,Rangers,8686,Roma,0,2,2025-11-06T20:00:00Z,finished,4,/matches/rangers-vs-roma/2gfcu1#4947788,2026-05-12T02:32:02.865374+00:00
4947797,73,UEFA Europa League,2025/2026,8603,Real Betis,9748,Lyon,2,0,2025-11-06T20:00:00Z,finished,4,/matches/real-betis-vs-lyon/2s9d4s#4947797,2026-05-12T02:32:02.865374+00:00
4947889,73,UEFA Europa League,2025/2026,10269,VfB Stuttgart,10235,Feyenoord,2,0,2025-11-06T20:00:00Z,finished,4,/matches/feyenoord-vs-vfb-stuttgart/3h5wll#4947889,2026-05-12T02:32:02.865374+00:00
4947829,73,UEFA Europa League,2025/2026,6033,Viktoria Plzen,8695,Fenerbahçe,0,0,2025-11-06T20:00:00Z,finished,4,/matches/viktoria-plzen-vs-fenerbahce/1skycb#4947829,2026-05-12T02:32:02.865374+00:00
4947806,73,UEFA Europa League,2025/2026,10252,Aston Villa,10192,Young Boys,2,1,2025-11-27T17:45:00Z,finished,5,/matches/young-boys-vs-aston-villa/3gfkoy#4947806,2026-05-12T02:32:02.865374+00:00
4947778,73,UEFA Europa League,2025/2026,9773,FC Porto,9831,Nice,3,0,2025-11-27T17:45:00Z,finished,5,/matches/fc-porto-vs-nice/36f1ix#4947778,2026-05-12T02:32:02.865374+00:00
4947809,73,UEFA Europa League,2025/2026,8695,Fenerbahçe,8222,Ferencvaros,1,1,2025-11-27T17:45:00Z,finished,5,/matches/ferencvaros-vs-fenerbahce/2d7c2m#4947809,2026-05-12T02:32:02.865374+00:00
4947781,73,UEFA Europa League,2025/2026,10235,Feyenoord,9925,Celtic,1,3,2025-11-27T17:45:00Z,finished,5,/matches/celtic-vs-feyenoord/3czzfp#4947781,2026-05-12T02:32:02.865374+00:00
4947784,73,UEFA Europa League,2025/2026,8639,Lille,10156,Dinamo Zagreb,4,0,2025-11-27T17:45:00Z,finished,5,/matches/lille-vs-dinamo-zagreb/2x63f5#4947784,2026-05-12T02:32:02.865374+00:00
4947863,73,UEFA Europa League,2025/2026,210173,Ludogorets Razgrad,9910,Celta Vigo,3,2,2025-11-27T17:45:00Z,finished,5,/matches/celta-vigo-vs-ludogorets-razgrad/b4j0084#4947863,2026-05-12T02:32:02.865374+00:00
4947827,73,UEFA Europa League,2025/2026,8619,PAOK Thessaloniki,8468,Brann,1,1,2025-11-27T17:45:00Z,finished,5,/matches/brann-vs-paok-thessaloniki/2exaa3#4947827,2026-05-12T02:32:02.865374+00:00
4947774,73,UEFA Europa League,2025/2026,8686,Roma,8113,FC Midtjylland,2,1,2025-11-27T17:45:00Z,finished,5,/matches/fc-midtjylland-vs-roma/2c0p3y#4947774,2026-05-12T02:32:02.865374+00:00
4947830,73,UEFA Europa League,2025/2026,6033,Viktoria Plzen,8358,Freiburg,0,0,2025-11-27T17:45:00Z,finished,5,/matches/viktoria-plzen-vs-freiburg/1pns16#4947830,2026-05-12T02:32:02.865374+00:00
4947880,73,UEFA Europa League,2025/2026,9857,Bologna,10013,Salzburg,4,1,2025-11-27T20:00:00Z,finished,5,/matches/bologna-vs-salzburg/39jklu#4947880,2026-05-12T02:32:02.865374+00:00
4947818,73,UEFA Europa League,2025/2026,8687,FK Crvena Zvezda,9723,FCSB,1,0,2025-11-27T20:00:00Z,finished,5,/matches/fk-crvena-zvezda-vs-fcsb/2swlwi#4947818,2026-05-12T02:32:02.865374+00:00
4947911,73,UEFA Europa League,2025/2026,9987,Genk,9931,Basel,2,1,2025-11-27T20:00:00Z,finished,5,/matches/basel-vs-genk/3a41jg#4947911,2026-05-12T02:32:02.865374+00:00
4947904,73,UEFA Europa League,2025/2026,6433,Go Ahead Eagles,10269,VfB Stuttgart,0,4,2025-11-27T20:00:00Z,finished,5,/matches/go-ahead-eagles-vs-vfb-stuttgart/2b1tmq#4947904,2026-05-12T02:32:02.865374+00:00
4947841,73,UEFA Europa League,2025/2026,7855,Maccabi Tel Aviv,9748,Lyon,0,6,2025-11-27T20:00:00Z,finished,5,/matches/maccabi-tel-aviv-vs-lyon/2k958a#4947841,2026-05-12T02:32:02.865374+00:00
4947867,73,UEFA Europa League,2025/2026,10203,Nottingham Forest,10237,Malmö FF,3,0,2025-11-27T20:00:00Z,finished,5,/matches/nottingham-forest-vs-malmo-ff/3gdtl5#4947867,2026-05-12T02:32:02.865374+00:00
4947895,73,UEFA Europa League,2025/2026,10200,Panathinaikos,10014,Sturm Graz,2,1,2025-11-27T20:00:00Z,finished,5,/matches/sturm-graz-vs-panathinaikos/3dncsl#4947895,2026-05-12T02:32:02.865374+00:00
4947789,73,UEFA Europa League,2025/2026,8548,Rangers,10264,Braga,1,1,2025-11-27T20:00:00Z,finished,5,/matches/rangers-vs-braga/2xcy0a#4947789,2026-05-12T02:32:02.865374+00:00
4947799,73,UEFA Europa League,2025/2026,8603,Real Betis,9908,FC Utrecht,2,1,2025-11-27T20:00:00Z,finished,5,/matches/real-betis-vs-fc-utrecht/2u0kr0#4947799,2026-05-12T02:32:02.865374+00:00
4947792,73,UEFA Europa League,2025/2026,10156,Dinamo Zagreb,8603,Real Betis,1,3,2025-12-11T17:45:00Z,finished,6,/matches/real-betis-vs-dinamo-zagreb/2wrlsn#4947792,2026-05-12T02:32:02.865374+00:00
4947855,73,UEFA Europa League,2025/2026,8113,FC Midtjylland,9987,Genk,1,0,2025-12-11T17:45:00Z,finished,6,/matches/fc-midtjylland-vs-genk/2pjbfp#4947855,2026-05-12T02:32:02.865374+00:00
4947907,73,UEFA Europa League,2025/2026,9908,FC Utrecht,10203,Nottingham Forest,1,2,2025-12-11T17:45:00Z,finished,6,/matches/fc-utrecht-vs-nottingham-forest/3ceu3w#4947907,2026-05-12T02:32:02.865374+00:00
4947832,73,UEFA Europa League,2025/2026,8222,Ferencvaros,8548,Rangers,2,1,2025-12-11T17:45:00Z,finished,6,/matches/ferencvaros-vs-rangers/2bq9ev#4947832,2026-05-12T02:32:02.865374+00:00
4947861,73,UEFA Europa League,2025/2026,210173,Ludogorets Razgrad,8619,PAOK Thessaloniki,3,3,2025-12-11T17:45:00Z,finished,6,/matches/paok-thessaloniki-vs-ludogorets-razgrad/azubztr#4947861,2026-05-12T02:32:02.865374+00:00
4947877,73,UEFA Europa League,2025/2026,9831,Nice,10264,Braga,0,1,2025-12-11T17:45:00Z,finished,6,/matches/nice-vs-braga/3c7xuv#4947877,2026-05-12T02:32:02.865374+00:00
4947869,73,UEFA Europa League,2025/2026,10014,Sturm Graz,8687,FK Crvena Zvezda,0,1,2025-12-11T17:45:00Z,finished,6,/matches/fk-crvena-zvezda-vs-sturm-graz/2w4bm2#4947869,2026-05-12T02:32:02.865374+00:00
4947890,73,UEFA Europa League,2025/2026,10269,VfB Stuttgart,7855,Maccabi Tel Aviv,4,1,2025-12-11T17:45:00Z,finished,6,/matches/maccabi-tel-aviv-vs-vfb-stuttgart/2psl7h#4947890,2026-05-12T02:32:02.865374+00:00
4947844,73,UEFA Europa League,2025/2026,10192,Young Boys,8639,Lille,1,0,2025-12-11T17:45:00Z,finished,6,/matches/lille-vs-young-boys/2xkm0n#4947844,2026-05-12T02:32:02.865374+00:00
4947848,73,UEFA Europa League,2025/2026,9931,Basel,10252,Aston Villa,1,2,2025-12-11T20:00:00Z,finished,6,/matches/basel-vs-aston-villa/3d9xfj#4947848,2026-05-12T02:32:02.865374+00:00
4947914,73,UEFA Europa League,2025/2026,8468,Brann,8695,Fenerbahçe,0,4,2025-12-11T20:00:00Z,finished,6,/matches/brann-vs-fenerbahce/2fp6m1#4947914,2026-05-12T02:32:02.865374+00:00
4947888,73,UEFA Europa League,2025/2026,9910,Celta Vigo,9857,Bologna,1,2,2025-12-11T20:00:00Z,finished,6,/matches/bologna-vs-celta-vigo/38btiy#4947888,2026-05-12T02:32:02.865374+00:00
4947836,73,UEFA Europa League,2025/2026,9925,Celtic,8686,Roma,0,3,2025-12-11T20:00:00Z,finished,6,/matches/roma-vs-celtic/2v4cz7#4947836,2026-05-12T02:32:02.865374+00:00
4947872,73,UEFA Europa League,2025/2026,9723,FCSB,10235,Feyenoord,4,3,2025-12-11T20:00:00Z,finished,6,/matches/fcsb-vs-feyenoord/3al4q0#4947872,2026-05-12T02:32:02.865374+00:00
4947779,73,UEFA Europa League,2025/2026,9773,FC Porto,10237,Malmö FF,2,1,2025-12-11T20:00:00Z,finished,6,/matches/fc-porto-vs-malmo-ff/3b7elw#4947779,2026-05-12T02:32:02.865374+00:00
4947856,73,UEFA Europa League,2025/2026,8358,Freiburg,10013,Salzburg,1,0,2025-12-11T20:00:00Z,finished,6,/matches/freiburg-vs-salzburg/2sh7f0#4947856,2026-05-12T02:32:02.865374+00:00
4947823,73,UEFA Europa League,2025/2026,9748,Lyon,6433,Go Ahead Eagles,2,1,2025-12-11T20:00:00Z,finished,6,/matches/go-ahead-eagles-vs-lyon/25yaej#4947823,2026-05-12T02:32:02.865374+00:00
4947894,73,UEFA Europa League,2025/2026,10200,Panathinaikos,6033,Viktoria Plzen,0,0,2025-12-11T20:00:00Z,finished,6,/matches/viktoria-plzen-vs-panathinaikos/26g9u6#4947894,2026-05-12T02:32:02.865374+00:00
4947882,73,UEFA Europa League,2025/2026,9857,Bologna,9925,Celtic,2,2,2026-01-22T17:45:00Z,finished,7,/matches/bologna-vs-celtic/38i6ey#4947882,2026-05-12T02:32:02.865374+00:00
4947915,73,UEFA Europa League,2025/2026,8468,Brann,8113,FC Midtjylland,3,3,2026-01-22T17:45:00Z,finished,7,/matches/fc-midtjylland-vs-brann/29upfn#4947915,2026-05-12T02:32:02.865374+00:00
4947808,73,UEFA Europa League,2025/2026,8695,Fenerbahçe,10252,Aston Villa,0,1,2026-01-22T17:45:00Z,finished,7,/matches/fenerbahce-vs-aston-villa/2yvksd#4947808,2026-05-12T02:32:02.865374+00:00
4947782,73,UEFA Europa League,2025/2026,10235,Feyenoord,10014,Sturm Graz,3,0,2026-01-22T17:45:00Z,finished,7,/matches/sturm-graz-vs-feyenoord/3e2j7k#4947782,2026-05-12T02:32:02.865374+00:00
4947857,73,UEFA Europa League,2025/2026,8358,Freiburg,7855,Maccabi Tel Aviv,1,0,2026-01-22T17:45:00Z,finished,7,/matches/maccabi-tel-aviv-vs-freiburg/269d9p#4947857,2026-05-12T02:32:02.865374+00:00
4947898,73,UEFA Europa League,2025/2026,10237,Malmö FF,8687,FK Crvena Zvezda,0,1,2026-01-22T17:45:00Z,finished,7,/matches/fk-crvena-zvezda-vs-malmo-ff/2ym8q5#4947898,2026-05-12T02:32:02.865374+00:00
4947824,73,UEFA Europa League,2025/2026,8619,PAOK Thessaloniki,8603,Real Betis,2,0,2026-01-22T17:45:00Z,finished,7,/matches/real-betis-vs-paok-thessaloniki/2gax9c#4947824,2026-05-12T02:32:02.865374+00:00
4947828,73,UEFA Europa League,2025/2026,6033,Viktoria Plzen,9773,FC Porto,1,1,2026-01-22T17:45:00Z,finished,7,/matches/viktoria-plzen-vs-fc-porto/22dqj2#4947828,2026-05-12T02:32:02.865374+00:00
4947845,73,UEFA Europa League,2025/2026,10192,Young Boys,9748,Lyon,0,1,2026-01-22T17:45:00Z,finished,7,/matches/lyon-vs-young-boys/3adfny#4947845,2026-05-12T02:32:02.865374+00:00
4947814,73,UEFA Europa League,2025/2026,10264,Braga,10203,Nottingham Forest,1,0,2026-01-22T20:00:00Z,finished,7,/matches/nottingham-forest-vs-braga/3gpnqe#4947814,2026-05-12T02:32:02.865374+00:00
4947885,73,UEFA Europa League,2025/2026,9910,Celta Vigo,8639,Lille,2,1,2026-01-22T20:00:00Z,finished,7,/matches/lille-vs-celta-vigo/2ufo31#4947885,2026-05-12T02:32:02.865374+00:00
4947794,73,UEFA Europa League,2025/2026,10156,Dinamo Zagreb,9723,FCSB,4,1,2026-01-22T20:00:00Z,finished,7,/matches/fcsb-vs-dinamo-zagreb/39neiv#4947794,2026-05-12T02:32:02.865374+00:00
4947835,73,UEFA Europa League,2025/2026,8222,Ferencvaros,10200,Panathinaikos,1,1,2026-01-22T20:00:00Z,finished,7,/matches/ferencvaros-vs-panathinaikos/2t1b9n#4947835,2026-05-12T02:32:02.865374+00:00
4947879,73,UEFA Europa League,2025/2026,9831,Nice,6433,Go Ahead Eagles,3,1,2026-01-22T20:00:00Z,finished,7,/matches/go-ahead-eagles-vs-nice/26r5fv#4947879,2026-05-12T02:32:02.865374+00:00
4947790,73,UEFA Europa League,2025/2026,8548,Rangers,210173,Ludogorets Razgrad,1,0,2026-01-22T20:00:00Z,finished,7,/matches/rangers-vs-ludogorets-razgrad/azl33ed#4947790,2026-05-12T02:32:02.865374+00:00
4947775,73,UEFA Europa League,2025/2026,8686,Roma,10269,VfB Stuttgart,2,0,2026-01-22T20:00:00Z,finished,7,/matches/roma-vs-vfb-stuttgart/2yytrk#4947775,2026-05-12T02:32:02.865374+00:00
4947802,73,UEFA Europa League,2025/2026,10013,Salzburg,9931,Basel,3,1,2026-01-22T20:00:00Z,finished,7,/matches/basel-vs-salzburg/3af5cv#4947802,2026-05-12T02:32:02.865374+00:00
4947908,73,UEFA Europa League,2025/2026,9908,FC Utrecht,9987,Genk,0,2,2026-01-22T20:50:00Z,finished,7,/matches/fc-utrecht-vs-genk/39u893#4947908,2026-05-12T02:32:02.865374+00:00
4947804,73,UEFA Europa League,2025/2026,10252,Aston Villa,10013,Salzburg,3,2,2026-01-29T20:00:00Z,finished,8,/matches/salzburg-vs-aston-villa/3e9hbd#4947804,2026-05-12T02:32:02.865374+00:00
4947849,73,UEFA Europa League,2025/2026,9931,Basel,6033,Viktoria Plzen,0,1,2026-01-29T20:00:00Z,finished,8,/matches/viktoria-plzen-vs-basel/23vjb5#4947849,2026-05-12T02:32:02.865374+00:00
4947839,73,UEFA Europa League,2025/2026,9925,Celtic,9908,FC Utrecht,4,2,2026-01-29T20:00:00Z,finished,8,/matches/fc-utrecht-vs-celtic/393twa#4947839,2026-05-12T02:32:02.865374+00:00
4947873,73,UEFA Europa League,2025/2026,9723,FCSB,8695,Fenerbahçe,1,1,2026-01-29T20:00:00Z,finished,8,/matches/fenerbahce-vs-fcsb/2szrkm#4947873,2026-05-12T02:32:02.865374+00:00
4947852,73,UEFA Europa League,2025/2026,8113,FC Midtjylland,10156,Dinamo Zagreb,2,0,2026-01-29T20:00:00Z,finished,8,/matches/fc-midtjylland-vs-dinamo-zagreb/2rd5c4#4947852,2026-05-12T02:32:02.865374+00:00
4947776,73,UEFA Europa League,2025/2026,9773,FC Porto,8548,Rangers,3,1,2026-01-29T20:00:00Z,finished,8,/matches/rangers-vs-fc-porto/2rxkp2#4947776,2026-05-12T02:32:02.865374+00:00
4947819,73,UEFA Europa League,2025/2026,8687,FK Crvena Zvezda,9910,Celta Vigo,1,1,2026-01-29T20:00:00Z,finished,8,/matches/fk-crvena-zvezda-vs-celta-vigo/2uyrzp#4947819,2026-05-12T02:32:02.865374+00:00
4947912,73,UEFA Europa League,2025/2026,9987,Genk,10237,Malmö FF,2,1,2026-01-29T20:00:00Z,finished,8,/matches/genk-vs-malmo-ff/3dron7#4947912,2026-05-12T02:32:02.865374+00:00
4947902,73,UEFA Europa League,2025/2026,6433,Go Ahead Eagles,10264,Braga,0,0,2026-01-29T20:00:00Z,finished,8,/matches/go-ahead-eagles-vs-braga/2b017a#4947902,2026-05-12T02:32:02.865374+00:00
4947786,73,UEFA Europa League,2025/2026,8639,Lille,8358,Freiburg,1,0,2026-01-29T20:00:00Z,finished,8,/matches/freiburg-vs-lille/2e0ese#4947786,2026-05-12T02:32:02.865374+00:00
4947862,73,UEFA Europa League,2025/2026,210173,Ludogorets Razgrad,9831,Nice,1,0,2026-01-29T20:00:00Z,finished,8,/matches/nice-vs-ludogorets-razgrad/b48nezl#4947862,2026-05-12T02:32:02.865374+00:00
4947821,73,UEFA Europa League,2025/2026,9748,Lyon,8619,PAOK Thessaloniki,4,2,2026-01-29T20:00:00Z,finished,8,/matches/paok-thessaloniki-vs-lyon/2sfnsk#4947821,2026-05-12T02:32:02.865374+00:00
4947843,73,UEFA Europa League,2025/2026,7855,Maccabi Tel Aviv,9857,Bologna,0,3,2026-01-29T20:00:00Z,finished,8,/matches/maccabi-tel-aviv-vs-bologna/2leeft#4947843,2026-05-12T02:32:02.865374+00:00
4947865,73,UEFA Europa League,2025/2026,10203,Nottingham Forest,8222,Ferencvaros,4,0,2026-01-29T20:00:00Z,finished,8,/matches/ferencvaros-vs-nottingham-forest/2t2hwz#4947865,2026-05-12T02:32:02.865374+00:00
4947893,73,UEFA Europa League,2025/2026,10200,Panathinaikos,8686,Roma,1,1,2026-01-29T20:00:00Z,finished,8,/matches/roma-vs-panathinaikos/2y6ueb#4947893,2026-05-12T02:32:02.865374+00:00
4947796,73,UEFA Europa League,2025/2026,8603,Real Betis,10235,Feyenoord,2,1,2026-01-29T20:00:00Z,finished,8,/matches/real-betis-vs-feyenoord/2xnfq0#4947796,2026-05-12T02:32:02.865374+00:00
4947871,73,UEFA Europa League,2025/2026,10014,Sturm Graz,8468,Brann,1,0,2026-01-29T20:00:00Z,finished,8,/matches/brann-vs-sturm-graz/2tp1qn#4947871,2026-05-12T02:32:02.865374+00:00
4947891,73,UEFA Europa League,2025/2026,10269,VfB Stuttgart,10192,Young Boys,3,2,2026-01-29T20:00:00Z,finished,8,/matches/young-boys-vs-vfb-stuttgart/3gn0zs#4947891,2026-05-12T02:32:02.865374+00:00
5161883,73,UEFA Europa League,2025/2026,8468,Brann,9857,Bologna,0,1,2026-02-19T17:45:00Z,finished,playoff,/matches/brann-vs-bologna/2rz5bc#5161883,2026-05-12T02:32:02.865374+00:00
5161881,73,UEFA Europa League,2025/2026,10156,Dinamo Zagreb,9987,Genk,1,3,2026-02-19T17:45:00Z,finished,playoff,/matches/genk-vs-dinamo-zagreb/3csn57#5161881,2026-05-12T02:32:02.865374+00:00
5161886,73,UEFA Europa League,2025/2026,8695,Fenerbahçe,10203,Nottingham Forest,0,3,2026-02-19T17:45:00Z,finished,playoff,/matches/fenerbahce-vs-nottingham-forest/2ybpc2#5161886,2026-05-12T02:32:02.865374+00:00
5161885,73,UEFA Europa League,2025/2026,8619,PAOK Thessaloniki,9910,Celta Vigo,1,2,2026-02-19T17:45:00Z,finished,playoff,/matches/paok-thessaloniki-vs-celta-vigo/2u7pzb#5161885,2026-05-12T02:32:02.865374+00:00
5161882,73,UEFA Europa League,2025/2026,9925,Celtic,10269,VfB Stuttgart,1,4,2026-02-19T20:00:00Z,finished,playoff,/matches/celtic-vs-vfb-stuttgart/3deos8#5161882,2026-05-12T02:32:02.865374+00:00
5161887,73,UEFA Europa League,2025/2026,8639,Lille,8687,FK Crvena Zvezda,0,1,2026-02-19T20:00:00Z,finished,playoff,/matches/lille-vs-fk-crvena-zvezda/2hdfjc#5161887,2026-05-12T02:32:02.865374+00:00
5161880,73,UEFA Europa League,2025/2026,210173,Ludogorets Razgrad,8222,Ferencvaros,2,1,2026-02-19T20:00:00Z,finished,playoff,/matches/ferencvaros-vs-ludogorets-razgrad/ayeny8o#5161880,2026-05-12T02:32:02.865374+00:00
5161884,73,UEFA Europa League,2025/2026,10200,Panathinaikos,6033,Viktoria Plzen,2,2,2026-02-19T20:00:00Z,finished,playoff,/matches/viktoria-plzen-vs-panathinaikos/26g9u6#5161884,2026-05-12T02:32:02.865374+00:00
5161888,73,UEFA Europa League,2025/2026,8222,Ferencvaros,210173,Ludogorets Razgrad,2,0,2026-02-26T17:45:00Z,finished,playoff,/matches/ferencvaros-vs-ludogorets-razgrad/ayeny8o#5161888,2026-05-12T02:32:02.865374+00:00
5161895,73,UEFA Europa League,2025/2026,8687,FK Crvena Zvezda,8639,Lille,0,2,2026-02-26T17:45:00Z,finished,playoff,/matches/lille-vs-fk-crvena-zvezda/2hdfjc#5161895,2026-05-12T02:32:02.865374+00:00
5161890,73,UEFA Europa League,2025/2026,10269,VfB Stuttgart,9925,Celtic,0,1,2026-02-26T17:45:00Z,finished,playoff,/matches/celtic-vs-vfb-stuttgart/3deos8#5161890,2026-05-12T02:32:02.865374+00:00
5161892,73,UEFA Europa League,2025/2026,6033,Viktoria Plzen,10200,Panathinaikos,1,1,2026-02-26T17:45:00Z,finished,playoff,/matches/viktoria-plzen-vs-panathinaikos/26g9u6#5161892,2026-05-12T02:32:02.865374+00:00
5161891,73,UEFA Europa League,2025/2026,9857,Bologna,8468,Brann,1,0,2026-02-26T20:00:00Z,finished,playoff,/matches/brann-vs-bologna/2rz5bc#5161891,2026-05-12T02:32:02.865374+00:00
5161893,73,UEFA Europa League,2025/2026,9910,Celta Vigo,8619,PAOK Thessaloniki,1,0,2026-02-26T20:00:00Z,finished,playoff,/matches/paok-thessaloniki-vs-celta-vigo/2u7pzb#5161893,2026-05-12T02:32:02.865374+00:00
5161889,73,UEFA Europa League,2025/2026,9987,Genk,10156,Dinamo Zagreb,3,3,2026-02-26T20:00:00Z,finished,playoff,/matches/genk-vs-dinamo-zagreb/3csn57#5161889,2026-05-12T02:32:02.865374+00:00
5161894,73,UEFA Europa League,2025/2026,10203,Nottingham Forest,8695,Fenerbahçe,1,2,2026-02-26T20:00:00Z,finished,playoff,/matches/fenerbahce-vs-nottingham-forest/2ybpc2#5161894,2026-05-12T02:32:02.865374+00:00
5206093,73,UEFA Europa League,2025/2026,9857,Bologna,8686,Roma,1,1,2026-03-12T17:45:00Z,finished,1/8,/matches/roma-vs-bologna/2uda6h#5206093,2026-05-12T02:32:02.865374+00:00
5206097,73,UEFA Europa League,2025/2026,8639,Lille,10252,Aston Villa,0,1,2026-03-12T17:45:00Z,finished,1/8,/matches/lille-vs-aston-villa/2y8v8h#5206097,2026-05-12T02:32:02.865374+00:00
5206094,73,UEFA Europa League,2025/2026,10200,Panathinaikos,8603,Real Betis,1,0,2026-03-12T17:45:00Z,finished,1/8,/matches/real-betis-vs-panathinaikos/2x9bft#5206094,2026-05-12T02:32:02.865374+00:00
5206092,73,UEFA Europa League,2025/2026,10269,VfB Stuttgart,9773,FC Porto,1,2,2026-03-12T17:45:00Z,finished,1/8,/matches/fc-porto-vs-vfb-stuttgart/3bl538#5206092,2026-05-12T02:32:02.865374+00:00
5206095,73,UEFA Europa League,2025/2026,9910,Celta Vigo,9748,Lyon,1,1,2026-03-12T20:00:00Z,finished,1/8,/matches/lyon-vs-celta-vigo/371rkd#5206095,2026-05-12T02:32:02.865374+00:00
5206090,73,UEFA Europa League,2025/2026,8222,Ferencvaros,10264,Braga,2,0,2026-03-12T20:00:00Z,finished,1/8,/matches/ferencvaros-vs-braga/2tqmln#5206090,2026-05-12T02:32:02.865374+00:00
5206091,73,UEFA Europa League,2025/2026,9987,Genk,8358,Freiburg,1,0,2026-03-12T20:00:00Z,finished,1/8,/matches/freiburg-vs-genk/2s70dc#5206091,2026-05-12T02:32:02.865374+00:00
5206096,73,UEFA Europa League,2025/2026,10203,Nottingham Forest,8113,FC Midtjylland,0,1,2026-03-12T20:00:00Z,finished,1/8,/matches/fc-midtjylland-vs-nottingham-forest/2rvkqn#5206096,2026-05-12T02:32:02.865374+00:00
5206098,73,UEFA Europa League,2025/2026,10264,Braga,8222,Ferencvaros,4,0,2026-03-18T15:30:00Z,finished,1/8,/matches/ferencvaros-vs-braga/2tqmln#5206098,2026-05-12T02:32:02.865374+00:00
5206104,73,UEFA Europa League,2025/2026,8113,FC Midtjylland,10203,Nottingham Forest,1,2,2026-03-19T17:45:00Z,finished,1/8,/matches/fc-midtjylland-vs-nottingham-forest/2rvkqn#5206104,2026-05-12T02:32:02.865374+00:00
5206099,73,UEFA Europa League,2025/2026,8358,Freiburg,9987,Genk,5,1,2026-03-19T17:45:00Z,finished,1/8,/matches/freiburg-vs-genk/2s70dc#5206099,2026-05-12T02:32:02.865374+00:00
5206103,73,UEFA Europa League,2025/2026,9748,Lyon,9910,Celta Vigo,0,2,2026-03-19T17:45:00Z,finished,1/8,/matches/lyon-vs-celta-vigo/371rkd#5206103,2026-05-12T02:32:02.865374+00:00
5206105,73,UEFA Europa League,2025/2026,10252,Aston Villa,8639,Lille,2,0,2026-03-19T20:00:00Z,finished,1/8,/matches/lille-vs-aston-villa/2y8v8h#5206105,2026-05-12T02:32:02.865374+00:00
5206100,73,UEFA Europa League,2025/2026,9773,FC Porto,10269,VfB Stuttgart,2,0,2026-03-19T20:00:00Z,finished,1/8,/matches/fc-porto-vs-vfb-stuttgart/3bl538#5206100,2026-05-12T02:32:02.865374+00:00
5206102,73,UEFA Europa League,2025/2026,8603,Real Betis,10200,Panathinaikos,4,0,2026-03-19T20:00:00Z,finished,1/8,/matches/real-betis-vs-panathinaikos/2x9bft#5206102,2026-05-12T02:32:02.865374+00:00
5206101,73,UEFA Europa League,2025/2026,8686,Roma,9857,Bologna,3,4,2026-03-19T20:00:00Z,finished,1/8,/matches/roma-vs-bologna/2uda6h#5206101,2026-05-12T02:32:02.865374+00:00
5206165,73,UEFA Europa League,2025/2026,10264,Braga,8603,Real Betis,1,1,2026-04-08T16:45:00Z,finished,1/4,/matches/real-betis-vs-braga/2xz5l5#5206165,2026-05-12T02:32:02.865374+00:00
5206168,73,UEFA Europa League,2025/2026,9857,Bologna,10252,Aston Villa,1,3,2026-04-09T19:00:00Z,finished,1/4,/matches/bologna-vs-aston-villa/3cdz18#5206168,2026-05-12T02:32:02.865374+00:00
5206167,73,UEFA Europa League,2025/2026,9773,FC Porto,10203,Nottingham Forest,1,1,2026-04-09T19:00:00Z,finished,1/4,/matches/fc-porto-vs-nottingham-forest/3asu35#5206167,2026-05-12T02:32:02.865374+00:00
5206166,73,UEFA Europa League,2025/2026,8358,Freiburg,9910,Celta Vigo,3,0,2026-04-09T19:00:00Z,finished,1/4,/matches/freiburg-vs-celta-vigo/2rcsmk#5206166,2026-05-12T02:32:02.865374+00:00
5206170,73,UEFA Europa League,2025/2026,9910,Celta Vigo,8358,Freiburg,1,3,2026-04-16T16:45:00Z,finished,1/4,/matches/freiburg-vs-celta-vigo/2rcsmk#5206170,2026-05-12T02:32:02.865374+00:00
5206172,73,UEFA Europa League,2025/2026,10252,Aston Villa,9857,Bologna,4,0,2026-04-16T19:00:00Z,finished,1/4,/matches/bologna-vs-aston-villa/3cdz18#5206172,2026-05-12T02:32:02.865374+00:00
5206171,73,UEFA Europa League,2025/2026,10203,Nottingham Forest,9773,FC Porto,1,0,2026-04-16T19:00:00Z,finished,1/4,/matches/fc-porto-vs-nottingham-forest/3asu35#5206171,2026-05-12T02:32:02.865374+00:00
5206169,73,UEFA Europa League,2025/2026,8603,Real Betis,10264,Braga,2,4,2026-04-16T19:00:00Z,finished,1/4,/matches/real-betis-vs-braga/2xz5l5#5206169,2026-05-12T02:32:02.865374+00:00
5206173,73,UEFA Europa League,2025/2026,10264,Braga,8358,Freiburg,2,1,2026-04-30T19:00:00Z,finished,1/2,/matches/freiburg-vs-braga/2v8ps7#5206173,2026-05-12T02:32:02.865374+00:00
5206174,73,UEFA Europa League,2025/2026,10203,Nottingham Forest,10252,Aston Villa,1,0,2026-04-30T19:00:00Z,finished,1/2,/matches/nottingham-forest-vs-aston-villa/3gke9k#5206174,2026-05-12T02:32:02.865374+00:00
5206176,73,UEFA Europa League,2025/2026,10252,Aston Villa,10203,Nottingham Forest,4,0,2026-05-07T19:00:00Z,finished,1/2,/matches/nottingham-forest-vs-aston-villa/3gke9k#5206176,2026-05-12T02:32:02.865374+00:00
5206175,73,UEFA Europa League,2025/2026,8358,Freiburg,10264,Braga,3,1,2026-05-07T19:00:00Z,finished,1/2,/matches/freiburg-vs-braga/2v8ps7#5206175,2026-05-12T02:32:02.865374+00:00
5206177,73,UEFA Europa League,2025/2026,8358,Freiburg,10252,Aston Villa,,,2026-05-20T19:00:00Z,upcoming,final,/matches/freiburg-vs-aston-villa/2v3xep#5206177,2026-05-12T02:32:02.865374+00:00
