Player_ID,Team,Player,Position,Minutes,Avg_Rate,Market Value,Goals,xG,xGOT,xG excl. penalty,Shots,Shots on target,Assists,xA,Accurate passes,Pass accuracy,Accurate long balls,Long ball accuracy,Chances created,Big chances created,Successful crosses,Cross accuracy,Dribbles,Dribbles success rate,Duels won,Duels won %,Aerials won,Aerials won %,Touches,Touches in opposition box,Dispossessed,Fouls won,Tackles,Interceptions,Fouls committed,Recoveries,Possession won final 3rd,Dribbled past,Clean sheets,Goals conceded while on pitch,xG against while on pitch,Yellow cards,Red cards,Blocked scoring attempt,Penalty goals,Penalties awarded,Penalties conceded,Headed shots,Clearances,Top Speed,Total Distance Covered,Walking,Running,Sprinting,Number of Sprints
1323305,Tottenham Hotspur,Archie Gray,DF / FW / Right Back / RB / Center Back / CB / Left Back / LB / Defensive Midfielder / DM / Central Midfielder / CM,680,6.57,50.6,1.0,0.68,1.4,0.68,6.0,3.0,0.0,0.14,221.0,86.0,7.0,38.9,3.0,,1.0,33.3,2.0,50.0,12.0,32.4,4.0,30.8,343.0,12.0,4.0,,6.0,9.0,9.0,31.0,2.0,1.0,2.0,8.0,8.52,4.0,0.0,2.0,,,,,,,,,,,
1114798,Beşiktaş (on loan),Jota Silva,FW / Right Winger / RW / Left Winger / LW,120,6.42,13.4,,,,,,,,,,,,,,,,,,,,,,,,,,,,,,,,,,,,,,,,,,,,,,,,,
1276312,Brentford,Antoni Milambo,FW / MF / Defensive Midfielder / DM / Central Midfielder / CM / Attacking Midfielder / AM,90,6.32,27.4,0.0,,,,0.0,,0.0,0.01,8.0,72.7,,,,,,,,,5.0,83.3,2.0,66.7,19.0,,0.0,,3.0,,,2.0,,,0.0,3.0,1.46,0.0,0.0,,,,,,,,,,,,
1288450,Manchester City,Rico Lewis,DF / Right Back / RB / Left Back / LB / Defensive Midfielder / DM / Central Midfielder / CM / Right Winger / RW / Attacking Midfielder / AM,312,6.74,70.3,0.0,0.11,,0.11,2.0,,1.0,1.31,203.0,86.8,8.0,61.5,6.0,2.0,,,2.0,50.0,15.0,50.0,1.0,50.0,319.0,20.0,5.0,7.0,5.0,7.0,4.0,10.0,3.0,3.0,0.0,5.0,5.03,1.0,0.0,1.0,,,,,,,,,,,
1010733,Sheffield United (on loan),Ki-Jana Hoever,DF / FW / Right Back / RB / Right Wing-Back / RWB / Right Midfielder / RM,475,6.7,5.5,0.0,0.02,0.01,0.02,1.0,1.0,0.0,0.36,106.0,68.8,9.0,32.1,5.0,2.0,7.0,31.8,5.0,62.5,27.0,60.0,6.0,50.0,283.0,3.0,3.0,3.0,13.0,6.0,3.0,16.0,3.0,3.0,0.0,13.0,9.5,0.0,0.0,1.0,,,,,,,,,,,
1049679,Wolverhampton Wanderers,David Møller Wolfe,DF / FW / Left Back / LB / Left Wing-Back / LWB / Left Midfielder / LM,708,6.52,4.6,0.0,0.12,,0.12,3.0,,2.0,0.97,142.0,73.6,8.0,47.1,7.0,3.0,5.0,20.8,5.0,62.5,24.0,55.8,11.0,68.8,343.0,18.0,2.0,3.0,5.0,5.0,6.0,18.0,2.0,3.0,0.0,18.0,13.45,1.0,0.0,1.0,,,,,,,,,,,
816325,Aston Villa,Boubacar Kamara,MF / Center Back / CB / Defensive Midfielder / DM / Central Midfielder / CM / Right Winger / RW,1418,7.25,52.6,1.0,0.49,0.86,0.49,7.0,4.0,3.0,0.86,722.0,88.3,31.0,67.4,15.0,,,,14.0,45.2,116.0,56.9,36.0,64.3,1048.0,11.0,15.0,30.0,37.0,18.0,17.0,65.0,5.0,19.0,2.0,15.0,20.76,5.0,0.0,8.0,,,,,,,,,,,
527549,Birmingham City (on loan),Patrick Roberts,FW / Right Midfielder / RM / Left Midfielder / LM / Right Winger / RW / Striker / ST / Left Winger / LW,95,6.33,2.3,,,,,,,,,,,,,,,,,,,,,,,,,,,,,,,,,,,,,,,,,,,,,,,,,
654096,Arsenal,Declan Rice,FW / MF / Right Back / RB / Defensive Midfielder / DM / Central Midfielder / CM,1880,7.6,104.2,4.0,2.71,4.3,2.71,32.0,12.0,3.0,4.5,1172.0,89.3,49.0,48.0,41.0,11.0,33.0,29.5,9.0,52.9,78.0,55.3,26.0,66.7,1713.0,36.0,13.0,3.0,40.0,21.0,18.0,107.0,9.0,11.0,6.0,16.0,12.96,2.0,0.0,10.0,,,,,,,,,,,
935728,Leeds United,Ao Tanaka,FW / MF / Defensive Midfielder / DM / Central Midfielder / CM / Attacking Midfielder / AM,744,6.73,13.2,2.0,0.83,1.31,0.83,11.0,3.0,0.0,0.64,321.0,83.8,9.0,39.1,8.0,1.0,1.0,9.1,1.0,20.0,30.0,44.1,8.0,47.1,498.0,11.0,4.0,4.0,17.0,12.0,8.0,45.0,5.0,15.0,1.0,16.0,13.54,1.0,0.0,1.0,,,,,,,,,,,
1428401,Coventry City (on loan),Romain Esse,MF / Right Winger / RW / Attacking Midfielder / AM,90,6.37,18.4,,,,,,,,,,,,,,,,,,,,,,,,,,,,,,,,,,,,,,,,,,,,,,,,,
939542,Everton,Dwight McNeil,FW / Left Midfielder / LM / Right Winger / RW / Attacking Midfielder / AM / Left Winger / LW,617,6.53,21.0,0.0,0.48,0.87,0.48,8.0,2.0,1.0,0.69,127.0,81.4,4.0,44.4,8.0,1.0,6.0,25.0,4.0,50.0,24.0,41.4,6.0,46.2,273.0,9.0,8.0,3.0,11.0,3.0,9.0,31.0,5.0,6.0,3.0,4.0,12.38,1.0,0.0,2.0,,,,,,,,,,,
1526560,Manchester United,Patrick Dorgu,MF / Left Back / LB / Right Wing-Back / RWB / Left Wing-Back / LWB / Left Midfielder / LM / Right Winger / RW / Attacking Midfielder / AM / Left Winger / LW,1334,7.23,31.5,3.0,1.82,1.95,1.82,21.0,8.0,3.0,1.44,355.0,75.9,6.0,35.3,24.0,5.0,15.0,27.8,10.0,28.6,140.0,55.3,42.0,54.5,912.0,61.0,21.0,42.0,47.0,14.0,19.0,72.0,3.0,15.0,2.0,20.0,18.86,5.0,0.0,3.0,,,,,,,,,,,
750032,Manchester United,Mason Mount,FW / MF / Right Winger / RW / Attacking Midfielder / AM / Striker / ST,820,6.82,33.8,3.0,1.49,0.96,1.49,18.0,5.0,0.0,1.4,255.0,79.4,19.0,59.4,13.0,1.0,1.0,5.6,5.0,38.5,33.0,38.4,5.0,29.4,451.0,34.0,11.0,9.0,14.0,3.0,12.0,42.0,9.0,10.0,0.0,14.0,10.35,0.0,0.0,,,1.0,,,,,,,,,
1060617,Burnley,Oliver Sonne,DF / Right Back / RB / Center Back / CB / Right Wing-Back / RWB / Right Winger / RW,174,6.3,4.8,1.0,0.55,0.87,0.55,3.0,1.0,0.0,0.09,39.0,66.1,3.0,42.9,1.0,,1.0,20.0,1.0,33.3,8.0,44.4,5.0,71.4,98.0,4.0,1.0,,2.0,1.0,4.0,4.0,,1.0,0.0,4.0,3.79,0.0,0.0,,,,,,,,,,,,
1391052,Sunderland,Eliezer Mayenda,FW / Right Winger / RW / Attacking Midfielder / AM / Striker / ST,577,6.25,24.6,1.0,1.07,2.78,1.07,10.0,5.0,0.0,0.14,44.0,66.7,1.0,33.3,3.0,2.0,,,9.0,40.9,32.0,37.6,11.0,40.7,167.0,21.0,17.0,9.0,3.0,1.0,6.0,11.0,1.0,1.0,1.0,7.0,10.45,0.0,0.0,1.0,,,,,,,,,,,
1412137,Chelsea,Marc Guiu,FW / Striker / ST,250,6.21,14.7,0.0,1.47,0.13,1.47,12.0,2.0,1.0,0.3,20.0,66.7,,,3.0,1.0,,,1.0,25.0,8.0,25.0,5.0,35.7,67.0,15.0,1.0,2.0,,,9.0,3.0,,2.0,0.0,2.0,5.65,1.0,0.0,,,,,,,,,,,,
856685,Brentford,Frank Onyeka,MF / Defensive Midfielder / DM / Central Midfielder / CM / Right Winger / RW,120,6.42,8.1,,,,,,,,,,,,,,,,,,,,,,,,,,,,,,,,,,,,,,,,,,,,,,,,,
620618,Tottenham Hotspur,Rodrigo Bentancur,FW / MF / Defensive Midfielder / DM / Central Midfielder / CM,1421,7.02,27.8,1.0,0.47,0.79,0.47,9.0,2.0,1.0,0.68,625.0,84.6,15.0,44.1,9.0,1.0,1.0,14.3,13.0,59.1,78.0,52.0,25.0,41.0,966.0,20.0,5.0,3.0,37.0,22.0,15.0,100.0,5.0,7.0,4.0,21.0,21.0,5.0,0.0,6.0,,,1.0,,,,,,,,
858198,LASK (on loan),Sasa Kalajdzic,FW / Striker / ST,90,5.99,2.3,,,,,,,,,,,,,,,,,,,,,,,,,,,,,,,,,,,,,,,,,,,,,,,,,
1635773,Arsenal U18,Max Dowman,MF / Central Midfielder / CM / Attacking Midfielder / AM / Right Winger / RW,90,7.02,50.0,,,,,,,,,,,,,,,,,,,,,,,,,,,,,,,,,,,,,,,,,,,,,,,,,
1639163,Aston Villa FC Under 18 Academy,Bradley Burrowes,FW / Right Back / RB / Right Midfielder / RM / Right Winger / RW / Attacking Midfielder / AM / Striker / ST,90,5.98,2.3,,,,,,,,,,,,,,,,,,,,,,,,,,,,,,,,,,,,,,,,,,,,,,,,,
1031325,Arsenal,Martin Zubimendi,FW / MF / Defensive Midfielder / DM / Central Midfielder / CM,1915,7.22,75.7,3.0,2.19,3.31,2.19,18.0,6.0,1.0,1.47,1194.0,88.9,38.0,49.4,15.0,1.0,2.0,40.0,4.0,44.4,91.0,56.9,43.0,65.2,1587.0,29.0,6.0,6.0,40.0,28.0,23.0,74.0,6.0,14.0,8.0,15.0,15.16,4.0,0.0,4.0,,,,,,,,,,,
574645,Arsenal,Mikel Merino,FW / MF / Defensive Midfielder / DM / Central Midfielder / CM / Attacking Midfielder / AM / Striker / ST,999,6.97,43.4,4.0,3.0,3.69,3.0,21.0,8.0,3.0,1.45,269.0,75.8,7.0,33.3,12.0,4.0,,,5.0,41.7,79.0,46.2,28.0,39.4,539.0,33.0,17.0,20.0,26.0,10.0,21.0,55.0,8.0,6.0,2.0,9.0,6.54,1.0,0.0,2.0,,,,,,,,,,,
169719,Nottingham Forest,Chris Wood,FW / Striker / ST,550,6.48,6.4,2.0,2.77,2.21,2.77,16.0,6.0,0.0,0.12,53.0,67.1,,,3.0,,,,1.0,100.0,17.0,36.2,11.0,36.7,125.0,22.0,2.0,4.0,1.0,,5.0,7.0,3.0,4.0,0.0,8.0,7.93,0.0,0.0,1.0,,,,,,,,,,,
1079539,Nottingham Forest,Dilane Bakwa,MF / Right Wing-Back / RWB / Right Midfielder / RM / Left Midfielder / LM / Right Winger / RW / Attacking Midfielder / AM / Left Winger / LW / Striker / ST,304,6.54,44.9,0.0,0.4,0.18,0.4,6.0,3.0,1.0,0.68,92.0,78.0,1.0,33.3,7.0,1.0,4.0,16.0,4.0,28.6,13.0,36.1,,,203.0,13.0,2.0,8.0,1.0,,5.0,19.0,2.0,4.0,0.0,7.0,5.78,1.0,0.0,1.0,,,,,,,,,,,
1107648,Nottingham Forest,James McAtee,MF / Defensive Midfielder / DM / Right Midfielder / RM / Central Midfielder / CM / Right Winger / RW / Attacking Midfielder / AM / Left Winger / LW,225,6.18,25.6,0.0,0.02,,0.02,1.0,,0.0,0.16,63.0,94.0,1.0,50.0,3.0,,,,2.0,40.0,10.0,40.0,1.0,20.0,105.0,3.0,4.0,3.0,4.0,,3.0,6.0,1.0,1.0,0.0,7.0,3.66,1.0,0.0,,,,,,,,,,,,
789630,AFC Bournemouth,Marcus Tavernier,FW / Defensive Midfielder / DM / Right Winger / RW / Attacking Midfielder / AM / Left Winger / LW,1765,7.11,22.3,5.0,5.09,3.7,3.51,43.0,13.0,3.0,2.45,592.0,82.7,22.0,39.3,28.0,3.0,9.0,13.0,18.0,34.6,82.0,42.1,15.0,41.7,1127.0,69.0,26.0,21.0,28.0,12.0,20.0,93.0,15.0,14.0,2.0,36.0,27.57,3.0,0.0,2.0,2.0,,,,,,,,,,
794253,AFC Bournemouth,Justin Kluivert,MF / Central Midfielder / CM / Attacking Midfielder / AM,924,6.59,43.3,2.0,2.25,0.7,2.25,16.0,4.0,0.0,1.52,271.0,81.6,12.0,75.0,21.0,3.0,8.0,19.0,11.0,44.0,36.0,32.7,6.0,21.4,510.0,29.0,15.0,9.0,10.0,4.0,15.0,44.0,10.0,9.0,0.0,18.0,16.86,4.0,0.0,1.0,,,,,,,,,,,
1423616,Brighton & Hove Albion,Stefanos Tzimas,FW / Striker / ST,134,6.35,28.0,1.0,0.46,0.64,0.46,4.0,1.0,1.0,0.12,17.0,70.8,,,6.0,,,,1.0,50.0,5.0,21.7,,,58.0,11.0,9.0,1.0,3.0,,4.0,10.0,2.0,2.0,0.0,2.0,2.69,0.0,0.0,1.0,,,,,,,,,,,
706297,Crystal Palace,Jean-Philippe Mateta,FW / Striker / ST,1914,6.72,37.9,8.0,11.97,9.87,9.61,54.0,26.0,0.0,1.24,171.0,62.4,11.0,61.1,6.0,2.0,4.0,57.1,14.0,46.7,94.0,37.8,57.0,41.3,586.0,75.0,36.0,15.0,8.0,5.0,16.0,51.0,11.0,9.0,5.0,23.0,26.46,2.0,0.0,5.0,3.0,1.0,,,,,,,,,
1336751,Crystal Palace,Justin Devenny,MF / Left Wing-Back / LWB / Right Wing-Back / RWB / Right Midfielder / RM / Central Midfielder / CM / Left Midfielder / LM / Attacking Midfielder / AM / Left Winger / LW,597,6.36,11.5,1.0,2.62,0.97,1.83,13.0,4.0,0.0,0.35,141.0,71.9,8.0,36.4,7.0,,,,2.0,16.7,30.0,33.0,6.0,25.0,347.0,30.0,10.0,6.0,16.0,,10.0,24.0,2.0,14.0,1.0,10.0,9.92,0.0,0.0,,1.0,,,,,,,,,,
207236,Sunderland,Granit Xhaka,FW / MF / Defensive Midfielder / DM / Central Midfielder / CM,1963,7.38,17.3,1.0,0.59,0.79,0.59,11.0,5.0,5.0,2.17,950.0,83.1,100.0,57.8,25.0,7.0,17.0,27.9,6.0,46.2,111.0,62.7,46.0,66.7,1473.0,11.0,11.0,26.0,35.0,20.0,16.0,102.0,6.0,11.0,7.0,23.0,31.34,4.0,0.0,16.0,,,,,,,,,,,
1327319,Sunderland,Chris Rigg,MF / Right Wing-Back / RWB / Defensive Midfielder / DM / Right Midfielder / RM / Central Midfielder / CM / Right Winger / RW / Attacking Midfielder / AM / Striker / ST,385,6.35,7.3,0.0,0.31,,0.31,4.0,,0.0,0.34,70.0,72.2,5.0,62.5,3.0,1.0,1.0,33.3,1.0,33.3,15.0,45.5,2.0,28.6,142.0,7.0,4.0,6.0,6.0,2.0,5.0,14.0,1.0,2.0,0.0,2.0,5.09,0.0,0.0,1.0,,,,,,,,,,,
312765,Everton (on loan),Jack Grealish,FW / Attacking Midfielder / AM / Left Winger / LW,1634,7.21,23.5,2.0,2.15,2.23,2.15,26.0,8.0,6.0,3.57,482.0,84.1,18.0,56.2,38.0,5.0,10.0,25.6,23.0,40.4,106.0,50.5,4.0,17.4,932.0,105.0,30.0,58.0,21.0,12.0,13.0,87.0,16.0,10.0,5.0,23.0,25.8,3.0,1.0,6.0,,,,,,,,,,,
1210384,Everton (on loan),Merlin Röhl,MF / Defensive Midfielder / DM / Central Midfielder / CM / Attacking Midfielder / AM,353,6.41,11.7,0.0,0.64,,0.64,7.0,,0.0,0.14,78.0,73.6,1.0,25.0,5.0,,2.0,50.0,3.0,30.0,32.0,42.7,12.0,50.0,199.0,11.0,11.0,2.0,15.0,2.0,9.0,18.0,1.0,4.0,2.0,4.0,6.51,0.0,0.0,2.0,,,,,,,,,,,
465960,Aston Villa,Youri Tielemans,MF / Defensive Midfielder / DM / Central Midfielder / CM / Attacking Midfielder / AM,1299,7.26,39.0,0.0,0.99,0.72,0.99,17.0,4.0,4.0,2.61,685.0,84.5,41.0,63.1,26.0,4.0,9.0,30.0,9.0,69.2,87.0,56.9,14.0,50.0,1055.0,29.0,11.0,27.0,38.0,10.0,22.0,67.0,5.0,16.0,2.0,17.0,23.01,0.0,0.0,10.0,,,,,,,,,,,
356406,Aston Villa,John McGinn,FW / MF / Defensive Midfielder / DM / Right Midfielder / RM / Central Midfielder / CM / Left Midfielder / LM / Right Winger / RW / Attacking Midfielder / AM / Left Winger / LW,1608,6.88,18.9,3.0,2.47,2.33,2.47,18.0,7.0,2.0,1.85,453.0,82.1,28.0,56.0,24.0,3.0,15.0,25.0,10.0,40.0,83.0,44.6,8.0,38.1,881.0,36.0,40.0,38.0,27.0,11.0,23.0,70.0,17.0,12.0,2.0,21.0,26.51,3.0,0.0,5.0,,,,,,,,,,,
556972,Fulham,Sasa Lukic,MF / Defensive Midfielder / DM / Central Midfielder / CM / Attacking Midfielder / AM,1213,6.78,15.1,1.0,1.76,1.07,1.76,12.0,3.0,2.0,1.35,402.0,85.4,7.0,58.3,22.0,1.0,16.0,34.8,2.0,40.0,75.0,48.7,18.0,39.1,697.0,24.0,7.0,20.0,35.0,11.0,38.0,49.0,3.0,4.0,2.0,17.0,18.83,6.0,0.0,7.0,,,,,,,,,,,
535936,Newcastle United,Joelinton,FW / MF / Defensive Midfielder / DM / Central Midfielder / CM / Attacking Midfielder / AM,1367,6.99,40.3,2.0,1.78,4.08,1.78,22.0,9.0,0.0,0.98,484.0,83.2,9.0,52.9,12.0,3.0,1.0,16.7,6.0,42.9,99.0,52.1,41.0,56.2,835.0,43.0,13.0,22.0,30.0,18.0,26.0,84.0,8.0,16.0,3.0,18.0,17.28,6.0,0.0,3.0,,,,,,,,,,,
798029,Wolverhampton Wanderers (on loan),Ladislav Krejci,DF / FW / Center Back / CB / Left Back / LB / Defensive Midfielder / DM / Central Midfielder / CM,1572,6.56,22.8,2.0,1.96,2.5,1.96,14.0,8.0,1.0,1.25,756.0,84.8,63.0,49.2,7.0,1.0,2.0,18.2,,,65.0,47.8,42.0,59.2,1099.0,32.0,6.0,6.0,18.0,19.0,26.0,49.0,,11.0,2.0,32.0,23.51,2.0,0.0,11.0,,,,,,,,,,,
766435,Flamengo,Lucas Paquetá,FW / MF / Defensive Midfielder / DM / Central Midfielder / CM / Attacking Midfielder / AM / Left Winger / LW / Right Winger / RW / Striker / ST,1523,6.95,62.4,4.0,2.82,2.6,1.24,23.0,11.0,1.0,2.11,608.0,77.1,25.0,51.0,23.0,6.0,7.0,20.0,16.0,38.1,123.0,46.4,38.0,42.7,1141.0,25.0,27.0,30.0,39.0,8.0,28.0,76.0,9.0,12.0,1.0,32.0,24.35,5.0,1.0,6.0,2.0,,1.0,,,,,,,,
1458757,Sporting CP,Luis Guilherme,MF / Attacking Midfielder / AM / Left Winger / LW,135,6.07,20.5,0.0,0.07,,0.07,1.0,,0.0,0.04,27.0,90.0,1.0,100.0,1.0,,,,2.0,33.3,3.0,21.4,,,50.0,2.0,5.0,,1.0,,,8.0,,1.0,0.0,2.0,1.82,0.0,0.0,,,,,,,,,,,,
1386775,Tottenham Hotspur,Lucas Bergvall,FW / MF / Defensive Midfielder / DM / Central Midfielder / CM / Left Midfielder / LM / Attacking Midfielder / AM / Left Winger / LW,809,6.68,54.8,1.0,0.96,0.67,0.96,10.0,5.0,2.0,0.38,215.0,83.0,9.0,60.0,4.0,,2.0,11.1,14.0,70.0,43.0,48.3,4.0,25.0,421.0,25.0,5.0,5.0,20.0,2.0,18.0,34.0,1.0,5.0,0.0,13.0,10.59,2.0,0.0,1.0,,,,,,,,,,,
524434,Tottenham Hotspur (on loan),Joao Palhinha,FW / MF / Center Back / CB / Defensive Midfielder / DM / Central Midfielder / CM,1303,7.04,33.3,3.0,0.97,3.01,0.97,17.0,5.0,2.0,0.47,498.0,81.9,22.0,40.7,4.0,1.0,,,6.0,42.9,127.0,63.5,24.0,58.5,887.0,25.0,19.0,23.0,74.0,17.0,15.0,52.0,2.0,14.0,3.0,20.0,19.5,5.0,0.0,5.0,,,,,,,,,,,
891743,Tottenham Hotspur,Mohammed Kudus,FW / Right Midfielder / RM / Central Midfielder / CM / Right Winger / RW / Attacking Midfielder / AM / Left Winger / LW / Striker / ST,1547,6.99,65.5,2.0,1.93,2.61,1.93,26.0,9.0,5.0,2.4,380.0,85.6,19.0,70.4,23.0,3.0,28.0,23.0,52.0,51.0,107.0,40.7,11.0,37.9,931.0,57.0,54.0,15.0,29.0,3.0,23.0,95.0,12.0,12.0,2.0,20.0,23.02,3.0,0.0,,,,,,,,,,,,
654908,Tottenham Hotspur,Richarlison,FW / Left Winger / LW / Striker / ST,1281,6.88,19.2,7.0,4.71,6.23,4.71,36.0,13.0,3.0,1.2,130.0,64.0,7.0,70.0,14.0,3.0,,,7.0,46.7,83.0,42.3,41.0,38.0,462.0,81.0,17.0,21.0,15.0,4.0,14.0,37.0,8.0,7.0,3.0,19.0,18.37,4.0,0.0,1.0,,,,,,,,,,,
156008,Brentford,Jordan Henderson,FW / MF / Defensive Midfielder / DM / Central Midfielder / CM,1371,6.78,3.4,1.0,0.33,0.64,0.33,6.0,1.0,3.0,2.16,651.0,79.3,57.0,41.3,14.0,6.0,15.0,37.5,3.0,37.5,32.0,48.5,6.0,37.5,991.0,9.0,5.0,6.0,19.0,11.0,10.0,68.0,4.0,4.0,2.0,21.0,18.4,4.0,0.0,6.0,,,,,,,,,,,
963965,Brentford,Fabio Carvalho,FW / Right Midfielder / RM / Right Winger / RW / Attacking Midfielder / AM / Left Winger / LW / Striker / ST,100,6.25,19.1,1.0,0.7,0.68,0.7,2.0,1.0,0.0,0.03,20.0,80.0,2.0,100.0,,,1.0,20.0,1.0,33.3,5.0,45.5,1.0,25.0,45.0,2.0,1.0,,3.0,,,5.0,1.0,,0.0,4.0,2.05,0.0,0.0,,,,,,,,,,,,
623716,Burnley,Josh Cullen,FW / MF / Defensive Midfielder / DM / Central Midfielder / CM,1519,6.89,8.1,2.0,0.9,2.09,0.9,11.0,6.0,2.0,1.35,728.0,84.1,42.0,43.8,13.0,4.0,1.0,8.3,2.0,33.3,66.0,54.5,17.0,51.5,1084.0,7.0,10.0,18.0,31.0,22.0,16.0,73.0,3.0,12.0,2.0,29.0,32.16,2.0,0.0,11.0,,,1.0,,,,,,,,
1597668,Liverpool,Rio Ngumoha,FW / Left Midfielder / LM / Left Winger / LW,120,6.26,26.2,,,,,,,,,,,,,,,,,,,,,,,,,,,,,,,,,,,,,,,,,,,,,,,,,
966018,Liverpool,Jeremie Frimpong,MF / Right Back / RB / Right Wing-Back / RWB / Right Midfielder / RM / Right Winger / RW,545,6.9,58.7,0.0,0.39,0.09,0.39,7.0,1.0,1.0,1.05,203.0,83.9,4.0,28.6,8.0,2.0,8.0,24.2,14.0,70.0,30.0,50.8,3.0,37.5,408.0,37.0,9.0,9.0,4.0,4.0,2.0,31.0,4.0,7.0,1.0,7.0,5.95,0.0,0.0,,,,,,,,,,,,
942368,Manchester City,Jérémy Doku,FW / Right Winger / RW / Attacking Midfielder / AM / Left Winger / LW,1188,7.26,66.7,1.0,1.76,1.64,1.76,20.0,8.0,4.0,4.4,393.0,83.6,10.0,62.5,39.0,10.0,11.0,26.8,62.0,59.0,115.0,51.6,3.0,33.3,842.0,118.0,38.0,36.0,15.0,10.0,17.0,54.0,11.0,5.0,1.0,13.0,15.51,0.0,0.0,,,2.0,,,,,,,,,
1174337,Manchester City,Savinho,FW / Right Winger / RW / Left Winger / LW / Striker / ST,539,6.57,65.7,0.0,1.04,0.63,1.04,12.0,7.0,1.0,1.2,215.0,84.0,5.0,50.0,6.0,,6.0,25.0,8.0,30.8,23.0,39.0,,,396.0,48.0,6.0,10.0,5.0,5.0,7.0,30.0,3.0,2.0,1.0,5.0,6.27,1.0,0.0,,,1.0,,,,,,,,,
1697214,Barnet (on loan),Ben Winterburn,MF / Defensive Midfielder / DM / Central Midfielder / CM / Left Midfielder / LM / Attacking Midfielder / AM,90,0.61,549.8,,,,,,,,,,,,,,,,,,,,,,,,,,,,,,,,,,,,,,,,,,,,,,,,,
690107,Liverpool,Alexander Isak,FW / Striker / ST,514,6.51,124.1,2.0,2.05,1.66,2.05,15.0,4.0,1.0,0.09,44.0,66.7,1.0,33.3,2.0,1.0,,,1.0,16.7,12.0,30.8,5.0,27.8,134.0,21.0,4.0,,6.0,,5.0,11.0,3.0,1.0,0.0,7.0,5.11,0.0,0.0,,,,,,,,,,,,
623621,Nottingham Forest (on loan),Oleksandr Zinchenko,DF / Left Back / LB / Left Wing-Back / LWB / Right Wing-Back / RWB / Central Midfielder / CM / Attacking Midfielder / AM,370,6.84,13.5,0.0,0.08,0.15,0.08,4.0,2.0,0.0,0.36,231.0,90.6,8.0,53.3,5.0,1.0,1.0,5.6,1.0,50.0,16.0,47.1,4.0,40.0,359.0,2.0,1.0,2.0,10.0,2.0,1.0,17.0,,9.0,0.0,6.0,5.49,0.0,0.0,1.0,,,,,,,,,,,
860920,Crystal Palace,Edward Nketiah,FW / Attacking Midfielder / AM / Striker / ST / Left Winger / LW,419,6.42,21.4,2.0,1.77,2.59,1.77,15.0,6.0,0.0,0.48,70.0,80.5,1.0,50.0,7.0,1.0,,,5.0,31.2,28.0,34.6,8.0,26.7,216.0,26.0,11.0,7.0,8.0,2.0,7.0,17.0,1.0,3.0,0.0,12.0,9.5,2.0,0.0,1.0,,,,,,,,,,,
1324871,AFC Bournemouth,Ben Gannon Doak,FW / Left Midfielder / LM / Right Winger / RW / Left Winger / LW / Striker / ST,89,6.26,24.7,,,,,,,,,,,,,,,,,,,,,,,,,,,,,,,,,,,,,,,,,,,,,,,,,
303059,Sunderland,Bertrand Traoré,FW / Right Midfielder / RM / Right Winger / RW / Left Winger / LW / Striker / ST,622,6.79,5.6,1.0,0.52,1.47,0.52,13.0,6.0,0.0,0.24,136.0,79.5,3.0,37.5,8.0,2.0,1.0,7.7,14.0,63.6,42.0,51.2,6.0,35.3,305.0,23.0,9.0,11.0,11.0,2.0,9.0,18.0,3.0,6.0,0.0,9.0,9.01,1.0,0.0,3.0,,,,,,,,,,,
1327325,Bochum (on loan),Callum Marshall,FW / Right Winger / RW / Striker / ST,90,5.87,2.2,,,,,,,,,,,,,,,,,,,,,,,,,,,,,,,,,,,,,,,,,,,,,,,,,
643717,Nottingham Forest,Taiwo Awoniyi,FW / Striker / ST,205,6.23,14.3,1.0,0.85,0.97,0.85,6.0,4.0,0.0,0.39,31.0,86.1,,,3.0,1.0,,,2.0,66.7,12.0,27.9,6.0,22.2,77.0,11.0,2.0,3.0,1.0,1.0,4.0,7.0,1.0,3.0,0.0,2.0,3.39,0.0,0.0,,,,,,,,,,,,
107280,Burnley,Ashley Barnes,FW / Striker / ST,90,0.34,711.6,,,,,,,,,,,,,,,,,,,,,,,,,,,,,,,,,,,,,,,,,,,,,,,,,
1532672,Fulham (on loan),Jonah Kusi-Asare,FW / Right Winger / RW / Striker / ST,90,5.95,9.2,,,,,,,,,,,,,,,,,,,,,,,,,,,,,,,,,,,,,,,,,,,,,,,,,
1310131,Brighton & Hove Albion,Tom Watson,FW / Left Midfielder / LM / Right Winger / RW / Left Winger / LW,90,6.51,8.3,,,,,,,,,,,,,,,,,,,,,,,,,,,,,,,,,,,,,,,,,,,,,,,,,
1526697,Brighton & Hove Albion U21,Nehemiah Oriola,FW / Left Wing-Back / LWB / Right Midfielder / RM / Right Winger / RW / Attacking Midfielder / AM / Left Winger / LW / Striker / ST,90,8.5,20.0,,,,,,,,,,,,,,,,,,,,,,,,,,,,,,,,,,,,,,,,,,,,,,,,,
748382,Brentford (on loan),Reiss Nelson,FW / Left Winger / LW,70,6.21,16.5,,,,,,,,,,,,,,,,,,,,,,,,,,,,,,,,,,,,,,,,,,,,,,,,,
1111392,,Tawanda Chirewa,MF / Left Midfielder / LM / Right Winger / RW / Attacking Midfielder / AM / Left Winger / LW / Striker / ST,90,6.06,734.4,,,,,,,,,,,,,,,,,,,,,,,,,,,,,,,,,,,,,,,,,,,,,,,,,
1463282,Manchester City U21,Divine Mukasa,MF / Defensive Midfielder / DM / Central Midfielder / CM / Attacking Midfielder / AM / Striker / ST,90,5.97,150.0,,,,,,,,,,,,,,,,,,,,,,,,,,,,,,,,,,,,,,,,,,,,,,,,,
1436258,Liverpool U21,Trey Nyoni,MF / Center Back / CB / Defensive Midfielder / DM / Central Midfielder / CM / Attacking Midfielder / AM,120,6.05,9.1,,,,,,,,,,,,,,,,,,,,,,,,,,,,,,,,,,,,,,,,,,,,,,,,,
1700817,Crystal Palace U18,Joél Drakes-Thomas,MF / Right Wing-Back / RWB / Left Wing-Back / LWB / Attacking Midfielder / AM / Right Winger / RW / Left Winger / LW,90,7.59,25.0,,,,,,,,,,,,,,,,,,,,,,,,,,,,,,,,,,,,,,,,,,,,,,,,,
1575707,Manchester United U21,Jack Fletcher,MF / Left Back / LB / Defensive Midfielder / DM / Central Midfielder / CM / Attacking Midfielder / AM / Left Winger / LW,90,6.17,150.0,,,,,,,,,,,,,,,,,,,,,,,,,,,,,,,,,,,,,,,,,,,,,,,,,
1436260,Manchester United U21,Shea Lacey,FW / Right Winger / RW,90,7.54,630.0,,,,,,,,,,,,,,,,,,,,,,,,,,,,,,,,,,,,,,,,,,,,,,,,,
1211806,Bristol City (on loan),George Earthy,MF / Left Midfielder / LM / Right Winger / RW / Attacking Midfielder / AM / Striker / ST,90,0.61,2.0,,,,,,,,,,,,,,,,,,,,,,,,,,,,,,,,,,,,,,,,,,,,,,,,,
1607333,Aston Villa U21,George Hemmings,MF / Defensive Midfielder / DM / Central Midfielder / CM / Attacking Midfielder / AM,90,6.03,400.0,,,,,,,,,,,,,,,,,,,,,,,,,,,,,,,,,,,,,,,,,,,,,,,,,
1557236,Aston Villa U21,Jamaldeen Jimoh-Aloba,MF / Defensive Midfielder / DM / Attacking Midfielder / AM / Left Winger / LW / Right Winger / RW / Striker / ST,90,6.39,743.5,,,,,,,,,,,,,,,,,,,,,,,,,,,,,,,,,,,,,,,,,,,,,,,,,
1607328,Manchester United U18,Bendito Mantato,FW / Left Back / LB / Right Winger / RW / Left Winger / LW,90,6.09,20.0,,,,,,,,,,,,,,,,,,,,,,,,,,,,,,,,,,,,,,,,,,,,,,,,,
1327789,Derby County (on loan),Jaydon Banel,FW / Left Winger / LW,90,0.29,1.7,,,,,,,,,,,,,,,,,,,,,,,,,,,,,,,,,,,,,,,,,,,,,,,,,
1113813,Oxford United,Myles Peart-Harris,FW / Left Midfielder / LM / Attacking Midfielder / AM / Left Winger / LW,103,0.54,921.9,,,,,,,,,,,,,,,,,,,,,,,,,,,,,,,,,,,,,,,,,,,,,,,,,
1113753,Hibernian (on loan),Dane Scarlett,FW / Striker / ST,83,0.08,2.0,,,,,,,,,,,,,,,,,,,,,,,,,,,,,,,,,,,,,,,,,,,,,,,,,
1433032,Birmingham City (on loan),Jhon Solis,FW / MF / Defensive Midfielder / DM / Central Midfielder / CM,90,6.62,4.2,,,,,,,,,,,,,,,,,,,,,,,,,,,,,,,,,,,,,,,,,,,,,,,,,
846970,Rangers,Bojan Miovski,FW / Right Winger / RW / Striker / ST,1009,6.49,2.4,3.0,3.63,4.69,3.63,19.0,10.0,1.0,1.47,153.0,80.5,,,9.0,1.0,,,2.0,12.5,45.0,34.1,27.0,34.6,305.0,42.0,2.0,12.0,4.0,2.0,14.0,7.0,2.0,6.0,1.0,10.0,11.96,2.0,0.0,1.0,,,,,,,,,,,
1277380,Galatasaray (on loan),Yaser Asprilla,FW / Right Midfielder / RM / Left Midfielder / LM / Right Winger / RW / Left Winger / LW / Striker / ST,605,6.43,18.1,0.0,0.58,0.33,0.58,15.0,5.0,0.0,1.4,129.0,85.4,11.0,84.6,12.0,2.0,11.0,29.7,13.0,59.1,31.0,46.3,2.0,28.6,306.0,23.0,10.0,8.0,8.0,5.0,10.0,26.0,4.0,2.0,0.0,14.0,12.7,0.0,0.0,1.0,,1.0,,,4.0,,,,,,
282692,Girona,Cristian Portu,FW / Attacking Midfielder / AM / Striker / ST / Left Winger / LW,475,6.09,1.3,0.0,1.36,2.3,1.36,9.0,5.0,0.0,0.57,56.0,71.8,1.0,100.0,3.0,,3.0,17.6,,,12.0,32.4,5.0,38.5,149.0,22.0,6.0,4.0,4.0,2.0,6.0,11.0,1.0,2.0,0.0,11.0,11.29,1.0,0.0,1.0,,,,,,,,,,,
872396,Rayo Vallecano,Pathé Ciss,FW / MF / Center Back / CB / Defensive Midfielder / DM / Central Midfielder / CM,1057,6.92,1.8,1.0,1.61,1.62,1.61,10.0,6.0,0.0,0.25,616.0,88.8,45.0,60.0,6.0,,1.0,100.0,4.0,50.0,55.0,54.5,16.0,55.2,854.0,8.0,8.0,4.0,31.0,15.0,13.0,72.0,1.0,8.0,2.0,16.0,16.71,4.0,1.0,8.0,,,,2.0,34.0,,,,,,
671865,Villarreal,Santi Comesana,FW / MF / Defensive Midfielder / DM / Right Midfielder / RM / Central Midfielder / CM,1324,6.97,7.0,2.0,2.88,2.01,2.88,19.0,4.0,2.0,2.35,551.0,83.0,23.0,54.8,12.0,1.0,1.0,12.5,6.0,54.5,81.0,50.6,28.0,53.8,881.0,42.0,12.0,17.0,30.0,10.0,24.0,74.0,10.0,16.0,1.0,14.0,16.71,3.0,1.0,10.0,,,1.0,2.0,25.0,,,,,,
948745,Real Oviedo,Kwasi Sibo,FW / MF / Defensive Midfielder / DM / Central Midfielder / CM,747,6.38,876.9,0.0,0.27,0.15,0.27,6.0,2.0,0.0,0.11,258.0,86.9,15.0,68.2,2.0,,,,2.0,66.7,23.0,39.7,5.0,35.7,378.0,2.0,9.0,4.0,12.0,5.0,11.0,38.0,2.0,5.0,1.0,15.0,14.27,1.0,0.0,2.0,,,,,12.0,,,,,,
859764,Real Oviedo,Luka Ilic,FW / Defensive Midfielder / DM / Right Midfielder / RM / Attacking Midfielder / AM / Striker / ST,547,6.01,1.6,1.0,0.43,0.36,0.43,5.0,3.0,0.0,0.42,132.0,80.0,7.0,46.7,1.0,,1.0,14.3,1.0,11.1,19.0,29.2,2.0,25.0,252.0,8.0,7.0,7.0,9.0,4.0,14.0,20.0,3.0,12.0,0.0,11.0,11.39,2.0,1.0,3.0,,,,1.0,7.0,,,,,,
51545,Pachuca,José Salomon Rondon,FW / Attacking Midfielder / AM / Striker / ST,1037,6.24,942.9,2.0,3.03,2.73,2.24,24.0,5.0,0.0,0.33,148.0,71.8,7.0,70.0,5.0,,1.0,50.0,9.0,47.4,77.0,48.1,45.0,52.9,376.0,40.0,21.0,21.0,3.0,1.0,11.0,28.0,2.0,2.0,1.0,17.0,18.99,2.0,0.0,1.0,,,,8.0,12.0,,,,,,
1427152,Real Oviedo,Omar Falah,FW,13,6.15,60.0,,,,,,,,,,,,,,,,,,,,,,,,,,,,,,,,,,,,,,,,,,,,,,,,,
688989,,Borja Sanchez,FW / Right Winger / RW / Attacking Midfielder / AM / Left Winger / LW,90,6.01,1.0,,,,,,,,,,,,,,,,,,,,,,,,,,,,,,,,,,,,,,,,,,,,,,,,,
213516,Leganes,Daniel Rodriguez,MF / Central Midfielder / CM / Left Midfielder / LM / Attacking Midfielder / AM / Left Winger / LW / Striker / ST,89,5.98,599.8,,,,,,,,,,,,,,,,,,,,,,,,,,,,,,,,,,,,,,,,,,,,,,,,,
1279040,Barcelona,Gavi,MF / Defensive Midfielder / DM / Central Midfielder / CM / Attacking Midfielder / AM / Left Winger / LW,90,7.12,49.6,,,,,,,,,,,,,,,,,,,,,,,,,,,,,,,,,,,,,,,,,,,,,,,,,
1229177,Birmingham City,Carlos Vicente,FW / Right Midfielder / RM / Right Winger / RW,1258,7.0,10.7,5.0,3.56,4.05,1.2,12.0,6.0,0.0,2.63,378.0,80.1,7.0,43.8,26.0,7.0,29.0,22.7,11.0,29.7,91.0,54.5,11.0,47.8,851.0,45.0,6.0,42.0,27.0,7.0,12.0,63.0,6.0,20.0,0.0,19.0,19.24,1.0,0.0,2.0,3.0,1.0,,,14.0,,,,,,
518525,Deportivo Alaves,Mariano Diaz,FW / Striker / ST,283,5.99,459.0,0.0,0.16,0.39,0.16,5.0,3.0,0.0,0.2,25.0,64.1,,,2.0,2.0,,,1.0,50.0,16.0,29.1,12.0,35.3,78.0,7.0,5.0,,3.0,,13.0,7.0,4.0,,0.0,2.0,2.72,1.0,0.0,1.0,,,,,2.0,,,,,,
977618,Levante,Victor Garcia,FW / MF / Right Back / RB / Right Midfielder / RM / Right Winger / RW,356,6.54,812.3,0.0,0.16,0.61,0.16,4.0,2.0,0.0,0.37,82.0,70.1,5.0,25.0,4.0,,5.0,26.3,8.0,50.0,23.0,50.0,4.0,40.0,231.0,7.0,3.0,5.0,6.0,8.0,6.0,26.0,,1.0,0.0,4.0,6.26,0.0,0.0,1.0,,,,,7.0,,,,,,
914401,Levante,Oriol Rey,FW / MF / Central Midfielder / CM,762,6.64,1.6,0.0,0.29,0.2,0.29,4.0,1.0,0.0,0.23,270.0,83.9,15.0,46.9,2.0,,2.0,66.7,1.0,100.0,25.0,54.3,3.0,42.9,407.0,3.0,1.0,6.0,15.0,6.0,11.0,40.0,1.0,5.0,0.0,15.0,15.8,2.0,0.0,2.0,,,,,18.0,,,,,,
1286471,Levante,Roger Brugué,FW / Right Midfielder / RM / Left Midfielder / LM / Left Winger / LW / Striker / ST,905,6.26,1.7,0.0,2.21,1.59,2.21,18.0,5.0,1.0,0.66,168.0,80.8,3.0,37.5,6.0,2.0,5.0,50.0,9.0,45.0,40.0,36.7,13.0,39.4,378.0,37.0,17.0,8.0,10.0,4.0,11.0,23.0,2.0,10.0,1.0,18.0,14.27,1.0,0.0,1.0,,,,4.0,16.0,,,,,,
477472,Levante,José Luis Morales,FW / Right Midfielder / RM / Left Midfielder / LM / Striker / ST / Left Winger / LW,286,6.45,569.8,1.0,2.02,1.54,1.23,8.0,4.0,1.0,0.36,78.0,72.2,,,6.0,2.0,1.0,25.0,9.0,64.3,20.0,55.6,2.0,50.0,177.0,18.0,6.0,2.0,7.0,3.0,2.0,21.0,3.0,1.0,0.0,6.0,7.61,1.0,0.0,1.0,1.0,,,,2.0,,,,,,
784246,Valencia,Daniel Raba,FW / Right Midfielder / RM / Right Winger / RW / Attacking Midfielder / AM / Striker / ST,249,6.41,1.9,0.0,0.21,0.1,0.21,8.0,1.0,1.0,0.36,79.0,79.8,10.0,83.3,2.0,1.0,1.0,10.0,3.0,33.3,11.0,33.3,,,176.0,7.0,6.0,1.0,7.0,4.0,6.0,12.0,4.0,1.0,0.0,4.0,3.15,0.0,0.0,,,,,,1.0,,,,,,
848289,Real Sociedad,Takefusa Kubo,FW / Right Midfielder / RM / Right Winger / RW / Attacking Midfielder / AM,1183,7.16,33.0,2.0,2.28,1.77,2.28,25.0,12.0,3.0,2.33,299.0,79.5,5.0,45.5,26.0,5.0,8.0,25.0,27.0,50.9,94.0,60.3,5.0,35.7,674.0,64.0,11.0,37.0,25.0,7.0,6.0,44.0,6.0,10.0,0.0,17.0,18.46,0.0,0.0,,,,,1.0,9.0,,,,,,
1002618,Real Sociedad,Ander Barrenetxea,FW / Right Midfielder / RM / Left Midfielder / LM / Left Winger / LW / Striker / ST,1101,7.02,20.9,3.0,1.9,1.82,1.9,21.0,7.0,3.0,3.01,344.0,80.2,21.0,51.2,29.0,8.0,9.0,17.0,35.0,49.3,67.0,40.1,5.0,25.0,753.0,72.0,19.0,16.0,11.0,10.0,22.0,65.0,9.0,10.0,0.0,16.0,14.63,2.0,0.0,2.0,,,,2.0,9.0,,,,,,
952095,Celta Vigo,Oscar Mingueza,FW / MF / Right Back / RB / Left Back / LB / Right Wing-Back / RWB / Left Wing-Back / LWB / Right Midfielder / RM / Left Midfielder / LM,1148,7.02,14.4,1.0,0.58,0.63,0.58,12.0,4.0,2.0,2.96,616.0,83.1,28.0,44.4,18.0,4.0,9.0,22.5,9.0,50.0,66.0,55.9,10.0,66.7,1058.0,19.0,9.0,18.0,30.0,4.0,8.0,54.0,3.0,21.0,2.0,14.0,18.29,3.0,0.0,5.0,,,,,23.0,,,,,,
588562,Celta Vigo,Mihailo Ristic,DF / FW / Center Back / CB / Left Back / LB / Left Midfielder / LM,255,6.92,439.1,0.0,0.02,,0.02,1.0,,0.0,0.02,120.0,83.9,5.0,33.3,2.0,,,,6.0,66.7,9.0,50.0,1.0,33.3,191.0,1.0,1.0,1.0,1.0,2.0,,20.0,,3.0,0.0,5.0,2.64,0.0,0.0,2.0,,,,,7.0,,,,,,
1254218,Celta Vigo,Hugo Sotelo,MF / Defensive Midfielder / DM / Central Midfielder / CM / Attacking Midfielder / AM,917,6.99,15.2,0.0,0.09,0.19,0.09,2.0,1.0,1.0,1.56,624.0,91.9,32.0,64.0,20.0,4.0,12.0,37.5,,,33.0,49.3,2.0,50.0,819.0,2.0,5.0,9.0,23.0,12.0,18.0,65.0,2.0,7.0,0.0,13.0,14.24,2.0,0.0,7.0,,,,,13.0,,,,,,
895953,Granada,Alex Sola,FW / Left Back / LB / Left Midfielder / LM / Right Winger / RW,90,5.92,1.5,,,,,,,,,,,,,,,,,,,,,,,,,,,,,,,,,,,,,,,,,,,,,,,,,
1425206,Athletic Club,Maroan Sannadi,FW / Striker / ST,262,6.37,10.2,1.0,1.02,1.14,1.02,7.0,4.0,0.0,0.12,46.0,71.9,2.0,66.7,2.0,1.0,,,1.0,25.0,15.0,41.7,9.0,52.9,112.0,11.0,3.0,5.0,,1.0,7.0,6.0,,2.0,0.0,7.0,4.19,1.0,0.0,,,,,,3.0,,,,,,
178753,Sevilla,Nemanja Gudelj,FW / MF / Center Back / CB / Defensive Midfielder / DM / Central Midfielder / CM,1254,6.62,1.5,1.0,0.53,1.11,0.53,14.0,5.0,0.0,0.24,536.0,89.6,32.0,54.2,2.0,,1.0,16.7,4.0,44.4,57.0,48.7,22.0,59.5,795.0,7.0,6.0,8.0,23.0,11.0,23.0,49.0,1.0,12.0,2.0,23.0,24.29,5.0,0.0,8.0,,,,2.0,64.0,,,,,,
688876,Benfica,Dodi Lukebakio,FW / Right Midfielder / RM / Right Winger / RW / Left Winger / LW / Striker / ST,423,7.6,21.8,0.0,1.24,1.72,1.24,16.0,7.0,3.0,2.18,128.0,81.5,13.0,72.2,13.0,6.0,7.0,22.6,15.0,65.2,27.0,51.9,2.0,50.0,280.0,30.0,7.0,6.0,4.0,1.0,6.0,17.0,6.0,2.0,0.0,3.0,3.5,1.0,0.0,,,1.0,,,5.0,,,,,,
449241,Sevilla,Adnan Januzaj,FW / Central Midfielder / CM / Right Winger / RW / Striker / ST,254,8.75,649.2,0.0,0.13,,0.13,4.0,,0.0,0.8,95.0,88.0,10.0,62.5,10.0,,7.0,28.0,7.0,43.8,20.0,51.3,,,193.0,8.0,3.0,9.0,4.0,1.0,7.0,16.0,5.0,,0.0,8.0,7.81,1.0,0.0,,,,1.0,,1.0,,,,,,
846966,Espanyol,Javier Puado,FW / Left Midfielder / LM / Right Winger / RW / Left Winger / LW / Striker / ST,681,6.96,10.1,2.0,3.47,3.65,1.9,15.0,9.0,0.0,0.83,167.0,83.9,6.0,66.7,10.0,2.0,5.0,25.0,5.0,35.7,17.0,30.4,2.0,15.4,311.0,25.0,5.0,6.0,4.0,3.0,11.0,33.0,6.0,5.0,0.0,13.0,9.01,2.0,0.0,1.0,1.0,,,4.0,3.0,,,,,,
1670281,CD Mirandes (on loan),Ali Houary,FW / MF / Central Midfielder / CM / Left Winger / LW,132,3.75,736.4,0.0,0.07,,0.07,2.0,,0.0,0.04,47.0,88.7,1.0,50.0,,,,,1.0,33.3,7.0,31.8,,,80.0,,4.0,2.0,4.0,1.0,7.0,8.0,,2.0,0.0,2.0,1.84,0.0,0.0,,,,,,1.0,,,,,,
1119943,Tijuana,Mourad Daoudi,FW / Left Midfielder / LM / Right Winger / RW / Striker / ST,779,6.62,1.1,3.0,1.17,1.13,1.17,13.0,3.0,0.0,0.21,108.0,74.5,4.0,57.1,2.0,,,,12.0,70.6,72.0,48.3,33.0,47.8,271.0,29.0,11.0,18.0,10.0,1.0,23.0,21.0,3.0,3.0,1.0,12.0,11.52,1.0,1.0,,,1.0,,,,,,,,,
573782,AEK Larnaca,Jairo Izquierdo,DF / Right Back / RB / Left Back / LB / Left Wing-Back / LWB / Right Winger / RW / Left Winger / LW,90,6.01,346.5,,,,,,,,,,,,,,,,,,,,,,,,,,,,,,,,,,,,,,,,,,,,,,,,,
604126,Real Betis,Giovani Lo Celso,FW / MF / Right Wing-Back / RWB / Defensive Midfielder / DM / Central Midfielder / CM / Left Midfielder / LM / Attacking Midfielder / AM / Left Winger / LW,1099,7.11,15.4,2.0,2.4,3.36,2.4,27.0,10.0,2.0,2.04,598.0,87.9,30.0,73.2,25.0,6.0,13.0,26.5,14.0,51.9,75.0,57.3,9.0,56.2,917.0,40.0,17.0,38.0,14.0,5.0,7.0,56.0,11.0,12.0,0.0,13.0,15.21,3.0,0.0,,,,1.0,2.0,4.0,,,,,,
852071,Real Betis,Juan Hernández,FW / Left Winger / LW / Striker / ST,1655,7.33,19.5,8.0,7.73,7.46,6.95,56.0,15.0,3.0,1.7,311.0,70.5,23.0,74.2,27.0,6.0,1.0,7.7,17.0,47.2,85.0,44.0,28.0,43.1,776.0,107.0,32.0,19.0,21.0,7.0,17.0,48.0,14.0,5.0,5.0,25.0,22.34,2.0,0.0,2.0,1.0,,,9.0,21.0,,,,,,
1678688,Deportivo Alaves,Lander Pinillos,FW,29,7.42,130.0,,,,,,,,,,,,,,,,,,,,,,,,,,,,,,,,,,,,,,,,,,,,,,,,,
1675933,AD Ceuta FC (on loan),Marc Domenech,FW / Right Winger / RW / Striker / ST,214,8.75,4.5,0.0,0.11,,0.11,3.0,,1.0,0.24,19.0,59.4,1.0,33.3,2.0,1.0,1.0,14.3,1.0,25.0,9.0,45.0,2.0,40.0,80.0,7.0,2.0,3.0,3.0,,3.0,9.0,,,0.0,2.0,4.07,0.0,0.0,,,,,3.0,4.0,,,,,,
1305565,Cadiz (on loan),Dawda Camara,FW / Striker / ST,90,6.04,1.1,0.0,0.12,0.05,0.12,2.0,1.0,0.0,0.01,7.0,70.0,,,2.0,,,,,,2.0,25.0,1.0,20.0,23.0,7.0,0.0,,1.0,1.0,2.0,1.0,1.0,,0.0,4.0,1.96,0.0,0.0,,,,,1.0,,,,,,,
688668,Real Oviedo,Josip Brekalo,FW / Left Midfielder / LM / Attacking Midfielder / AM / Left Winger / LW,483,6.39,1.7,0.0,0.29,0.08,0.29,9.0,3.0,0.0,1.12,152.0,72.7,16.0,64.0,11.0,3.0,6.0,23.1,4.0,36.4,22.0,45.8,,,314.0,22.0,3.0,6.0,12.0,3.0,7.0,25.0,3.0,6.0,0.0,14.0,9.21,1.0,0.0,,,,1.0,,1.0,,,,,,
1229176,Athletic Club,Benat Prados,MF / Defensive Midfielder / DM / Central Midfielder / CM / Attacking Midfielder / AM,94,6.7,19.3,0.0,0.03,,0.03,1.0,,0.0,0.01,37.0,75.5,1.0,50.0,2.0,,,,1.0,50.0,6.0,42.9,2.0,100.0,65.0,,1.0,,3.0,2.0,5.0,4.0,1.0,1.0,0.0,0.0,0.51,1.0,0.0,,,,,,,,,,,,
980422,Rayo Vallecano,Sergio Camello,FW / Right Winger / RW / Left Winger / LW / Striker / ST,469,6.18,3.7,0.0,0.97,0.58,0.97,9.0,4.0,0.0,0.11,107.0,84.9,3.0,75.0,6.0,,,,7.0,50.0,20.0,40.8,2.0,25.0,203.0,13.0,12.0,9.0,2.0,2.0,3.0,19.0,4.0,2.0,0.0,9.0,6.84,2.0,1.0,,,,,2.0,,,,,,,
21414,Rayo Vallecano,Oscar Trejo,MF / Central Midfielder / CM / Attacking Midfielder / AM / Striker / ST,90,6.07,278.9,,,,,,,,,,,,,,,,,,,,,,,,,,,,,,,,,,,,,,,,,,,,,,,,,
860752,Sevilla,Ruben Vargas,FW / Left Midfielder / LM / Attacking Midfielder / AM / Left Winger / LW / Right Winger / RW,879,7.19,11.1,3.0,2.04,2.03,1.25,22.0,5.0,4.0,1.2,229.0,70.9,16.0,50.0,11.0,3.0,9.0,26.5,9.0,40.9,40.0,48.2,12.0,50.0,503.0,35.0,10.0,9.0,10.0,4.0,6.0,51.0,8.0,4.0,0.0,16.0,15.57,1.0,0.0,,1.0,,,4.0,6.0,,,,,,
1676905,Getafe,Coba da Costa,MF / Left Midfielder / LM / Left Winger / LW,347,3.75,3.6,0.0,0.31,0.09,0.31,5.0,1.0,0.0,0.57,90.0,68.2,4.0,44.4,3.0,,4.0,17.4,10.0,50.0,44.0,53.0,18.0,69.2,251.0,18.0,8.0,6.0,10.0,1.0,8.0,14.0,3.0,6.0,0.0,3.0,3.32,1.0,0.0,,,,,1.0,1.0,,,,,,
635772,Getafe,Borja Mayoral,FW / Striker / ST,1055,6.58,7.9,4.0,2.92,3.26,2.13,14.0,7.0,1.0,0.24,206.0,80.8,11.0,68.8,4.0,1.0,1.0,16.7,6.0,66.7,33.0,34.7,15.0,32.6,375.0,28.0,18.0,7.0,5.0,5.0,6.0,32.0,12.0,4.0,2.0,15.0,12.63,0.0,0.0,2.0,,,,3.0,5.0,,,,,,
1242132,Real Sociedad,Jon Karrikaburu,FW / Striker / ST,90,5.98,1.9,,,,,,,,,,,,,,,,,,,,,,,,,,,,,,,,,,,,,,,,,,,,,,,,,
926643,Villarreal (on loan),Alfon González,FW / Left Wing-Back / LWB / Left Midfielder / LM / Attacking Midfielder / AM / Left Winger / LW / Right Winger / RW,309,6.35,5.3,1.0,0.69,2.25,0.69,11.0,7.0,0.0,0.15,60.0,82.2,,,6.0,,2.0,50.0,4.0,26.7,13.0,32.5,2.0,50.0,153.0,23.0,10.0,6.0,1.0,1.0,3.0,10.0,2.0,1.0,1.0,6.0,7.11,0.0,0.0,,,,,,4.0,,,,,,
574624,Osasuna,Enrique Barja,FW / Left Midfielder / LM / Left Winger / LW,200,1.25,911.0,0.0,0.06,,0.06,1.0,,0.0,0.22,32.0,68.1,4.0,57.1,2.0,,4.0,19.0,2.0,22.2,12.0,36.4,2.0,40.0,113.0,4.0,6.0,4.0,4.0,,4.0,5.0,,1.0,0.0,4.0,4.42,2.0,0.0,1.0,,,,,4.0,,,,,,
1323022,Osasuna,Iker Benito,DF / Right Back / RB / Right Wing-Back / RWB / Left Wing-Back / LWB / Right Midfielder / RM / Left Midfielder / LM / Attacking Midfielder / AM / Left Winger / LW / Striker / ST,147,6.92,1.5,1.0,0.6,0.65,0.6,2.0,1.0,0.0,0.5,61.0,81.3,5.0,45.5,2.0,,3.0,60.0,1.0,33.3,6.0,35.3,1.0,33.3,121.0,5.0,1.0,3.0,1.0,2.0,3.0,10.0,,3.0,0.0,1.0,2.87,1.0,0.0,1.0,,,,,5.0,,,,,,
1136450,Getafe (on loan),Abu Kamara,FW / Defensive Midfielder / DM / Left Midfielder / LM / Right Winger / RW,104,6.62,5.5,0.0,0.14,0.11,0.14,2.0,1.0,0.0,0.02,17.0,81.0,1.0,100.0,2.0,,1.0,100.0,,,4.0,40.0,1.0,33.3,44.0,4.0,0.0,1.0,2.0,,,3.0,1.0,1.0,0.0,0.0,1.92,0.0,0.0,,,,,,6.0,,,,,,
815187,Getafe,Yvan Neyou Noupa,MF / Defensive Midfielder / DM / Central Midfielder / CM / Attacking Midfielder / AM,90,5.76,2.0,,,,,,,,,,,,,,,,,,,,,,,,,,,,,,,,,,,,,,,,,,,,,,,,,
1340594,Cordoba (on loan),Mikel Goti,FW / MF / Attacking Midfielder / AM,90,4.9,1.2,0.0,0.35,,0.35,3.0,,0.0,0.04,14.0,48.3,1.0,20.0,,,,,2.0,66.7,5.0,23.8,3.0,27.3,53.0,4.0,2.0,,,,6.0,3.0,1.0,,0.0,3.0,2.36,0.0,0.0,1.0,,,,,1.0,,,,,,
1175610,Real Sociedad,Arsen Zakharyan,MF / Left Midfielder / LM / Attacking Midfielder / AM / Left Winger / LW,289,6.26,12.6,0.0,0.11,0.13,0.11,6.0,1.0,0.0,0.79,109.0,79.6,8.0,61.5,8.0,2.0,4.0,19.0,,,10.0,31.2,1.0,20.0,221.0,5.0,2.0,1.0,8.0,,3.0,10.0,2.0,4.0,0.0,8.0,5.19,1.0,0.0,,,,,,1.0,,,,,,
1073143,Girona,Azzedine Ounahi,FW / MF / Defensive Midfielder / DM / Central Midfielder / CM / Attacking Midfielder / AM / Left Winger / LW,785,7.45,11.1,3.0,0.9,1.98,0.9,20.0,7.0,1.0,1.38,302.0,83.7,11.0,61.1,12.0,3.0,4.0,30.8,30.0,53.6,75.0,54.3,1.0,33.3,599.0,26.0,14.0,34.0,11.0,12.0,9.0,32.0,4.0,12.0,1.0,10.0,13.32,6.0,0.0,,,1.0,,,5.0,,,,,,
612836,Girona,Donny van de Beek,MF / Central Midfielder / CM / Attacking Midfielder / AM / Striker / ST,90,1.25,2.2,0.0,0.09,0.26,0.09,2.0,1.0,0.0,0.08,12.0,92.3,,,,,,,,,,,,,20.0,2.0,0.0,,,,,3.0,,,0.0,1.0,1.19,0.0,0.0,1.0,,,,,2.0,,,,,,
924300,Rayo Vallecano,Alexandre Zurawski,FW / Striker / ST,113,6.95,4.0,0.0,0.53,0.43,0.53,6.0,3.0,0.0,0.12,19.0,73.1,1.0,100.0,5.0,,,,2.0,66.7,11.0,61.1,4.0,66.7,53.0,13.0,1.0,4.0,1.0,,3.0,2.0,1.0,,0.0,1.0,1.52,0.0,0.0,,,1.0,,,,,,,,,
1797872,Rayo Vallecano,Samuel Becerra,MF / Right Winger / RW,59,6.05,40.0,,,,,,,,,,,,,,,,,,,,,,,,,,,,,,,,,,,,,,,,,,,,,,,,,
1330035,Espanyol,Rubén Sánchez,DF / Right Back / RB / Right Wing-Back / RWB / Right Winger / RW,463,6.47,743.3,0.0,0.05,,0.05,3.0,,0.0,0.29,168.0,77.4,12.0,34.3,2.0,,4.0,20.0,11.0,73.3,32.0,54.2,8.0,42.1,383.0,2.0,1.0,9.0,5.0,9.0,5.0,31.0,1.0,7.0,1.0,6.0,6.94,2.0,0.0,4.0,,,2.0,1.0,16.0,,,,,,
1007717,Levante (on loan),Unai Vencedor,FW / MF / Defensive Midfielder / DM / Central Midfielder / CM,770,6.49,1.9,0.0,,,,0.0,,0.0,1.39,311.0,81.6,34.0,56.7,10.0,3.0,8.0,38.1,3.0,50.0,43.0,41.7,11.0,45.8,496.0,1.0,3.0,8.0,21.0,6.0,24.0,37.0,4.0,18.0,0.0,14.0,12.52,3.0,1.0,5.0,,,,,14.0,,,,,,
264885,Rayo Vallecano,Iván Balliu,DF / Right Back / RB / Right Winger / RW,252,6.27,1.3,0.0,0.33,,0.33,2.0,,0.0,0.19,122.0,84.7,7.0,58.3,1.0,,,,3.0,60.0,12.0,48.0,2.0,33.3,211.0,3.0,0.0,2.0,5.0,3.0,6.0,10.0,,1.0,0.0,4.0,4.86,2.0,0.0,1.0,,,,,4.0,,,,,,
623982,Elche,Josan,FW / MF / Right Wing-Back / RWB / Right Midfielder / RM / Right Winger / RW / Attacking Midfielder / AM / Left Winger / LW / Striker / ST,412,6.82,309.0,0.0,0.26,0.24,0.26,3.0,1.0,2.0,1.66,149.0,89.8,6.0,100.0,11.0,3.0,11.0,25.6,5.0,50.0,16.0,48.5,,,271.0,14.0,1.0,4.0,7.0,1.0,5.0,17.0,1.0,2.0,0.0,5.0,6.61,2.0,0.0,1.0,,,,,4.0,,,,,,
191873,Getafe,Juanmi,FW / Striker / ST,90,6.15,1.2,,,,,,,,,,,,,,,,,,,,,,,,,,,,,,,,,,,,,,,,,,,,,,,,,
1256478,Deportivo La Coruna,Adrià Altimira,DF / Right Back / RB / Left Back / LB / Right Wing-Back / RWB / Left Wing-Back / LWB / Right Midfielder / RM / Left Winger / LW,111,0.58,1.2,,,,,,,,,,,,,,,,,,,,,,,,,,,,,,,,,,,,,,,,,,,,,,,,,
1367987,Racing Santander (on loan),Damian Rodriguez,FW / MF / Defensive Midfielder / DM / Central Midfielder / CM,152,6.8,3.6,0.0,0.06,,0.06,3.0,,0.0,0.13,106.0,93.0,2.0,100.0,2.0,,1.0,33.3,,,,,,,128.0,,0.0,,,1.0,3.0,7.0,1.0,1.0,0.0,3.0,1.69,1.0,0.0,,,,,,3.0,,,,,,
1665438,Barcelona,Toni Fernandez,FW / Striker / ST,49,6.46,25.0,0.0,,,,0.0,,0.0,0.04,7.0,77.8,,,1.0,,,,,,,,,,11.0,2.0,0.0,,,,,1.0,,,0.0,1.0,1.23,0.0,0.0,,,,,,,,,,,,
748380,Girona,Abel Ruiz,FW / Left Winger / LW / Striker / ST,71,6.26,4.5,,,,,,,,,,,,,,,,,,,,,,,,,,,,,,,,,,,,,,,,,,,,,,,,,
1418118,Deportivo Alaves,Diego Morcillo,FW,29,7.59,250.0,,,,,,,,,,,,,,,,,,,,,,,,,,,,,,,,,,,,,,,,,,,,,,,,,
191315,Real Betis,Isco,MF / Central Midfielder / CM / Attacking Midfielder / AM,120,7.24,3.7,,,,,,,,,,,,,,,,,,,,,,,,,,,,,,,,,,,,,,,,,,,,,,,,,
1431291,Real Sociedad B,Gorka Carrera,FW / Striker / ST,90,5.88,843.7,,,,,,,,,,,,,,,,,,,,,,,,,,,,,,,,,,,,,,,,,,,,,,,,,
1797904,Sevilla,Miguel Angel Sierra,FW,27,6.41,150.0,,,,,,,,,,,,,,,,,,,,,,,,,,,,,,,,,,,,,,,,,,,,,,,,,
1682236,Girona B,Juan Arango,FW / Left Winger / LW,9,,25.0,,,,,,,,,,,,,,,,,,,,,,,,,,,,,,,,,,,,,,,,,,,,,,,,,
574662,Sevilla,Joan Jordán,MF / Defensive Midfielder / DM / Central Midfielder / CM / Attacking Midfielder / AM,90,0.79,1.7,,,,,,,,,,,,,,,,,,,,,,,,,,,,,,,,,,,,,,,,,,,,,,,,,
1436231,Real Sociedad,Arkaitz Mariezkurrena,FW / Attacking Midfielder / AM / Right Winger / RW / Striker / ST,90,0.82,550.0,,,,,,,,,,,,,,,,,,,,,,,,,,,,,,,,,,,,,,,,,,,,,,,,,
1697371,Real Sociedad B,Lander Astiazaran,MF / Defensive Midfielder / DM / Right Midfielder / RM / Central Midfielder / CM / Left Midfielder / LM / Right Winger / RW / Striker / ST,90,0.09,550.0,,,,,,,,,,,,,,,,,,,,,,,,,,,,,,,,,,,,,,,,,,,,,,,,,
1559834,Getafe,Joselu Perez,FW / Striker / ST,120,6.3,150.0,,,,,,,,,,,,,,,,,,,,,,,,,,,,,,,,,,,,,,,,,,,,,,,,,
1477850,Getafe,Alejandro Mestanza,FW / MF / Right Midfielder / RM,111,6.85,100.0,0.0,0.02,,0.02,1.0,,0.0,0.01,17.0,73.9,,,,,,,2.0,100.0,7.0,77.8,1.0,100.0,43.0,3.0,1.0,2.0,2.0,,1.0,5.0,,,0.0,1.0,0.2,0.0,0.0,,,,,1.0,,,,,,,
1132940,Real Oviedo (on loan),Thiago Borbas,FW / Striker / ST,90,5.91,6.4,,,,,,,,,,,,,,,,,,,,,,,,,,,,,,,,,,,,,,,,,,,,,,,,,
1637566,Athletic Club B,Asier Hierro,FW,33,6.11,1.2,,,,,,,,,,,,,,,,,,,,,,,,,,,,,,,,,,,,,,,,,,,,,,,,,
1690099,Real Betis U19,Iván Corralejo,MF / Central Midfielder / CM / Attacking Midfielder / AM / Left Winger / LW,90,6.06,25.0,,,,,,,,,,,,,,,,,,,,,,,,,,,,,,,,,,,,,,,,,,,,,,,,,
1180288,PSV Eindhoven,Ismael Saibari,FW / MF / Defensive Midfielder / DM / Central Midfielder / CM / Left Midfielder / LM / Right Winger / RW / Attacking Midfielder / AM / Left Winger / LW / Striker / ST,1357,7.92,25.1,9.0,7.92,7.44,7.13,56.0,22.0,4.0,4.19,555.0,86.6,12.0,48.0,31.0,6.0,,,31.0,57.4,72.0,47.7,6.0,33.3,950.0,109.0,22.0,11.0,25.0,7.0,14.0,59.0,11.0,9.0,2.0,19.0,17.36,1.0,0.0,1.0,1.0,,,7.0,5.0,,,,,,
772104,PSV Eindhoven,Jerdy Schouten,FW / MF / Center Back / CB / Defensive Midfielder / DM / Central Midfielder / CM,1657,7.38,22.5,1.0,0.91,1.13,0.91,14.0,5.0,2.0,1.59,1228.0,91.2,43.0,64.2,16.0,1.0,,,13.0,76.5,68.0,49.3,20.0,51.3,1602.0,16.0,12.0,11.0,25.0,34.0,27.0,108.0,4.0,8.0,5.0,21.0,21.61,2.0,1.0,7.0,,,,2.0,47.0,,,,,,
792429,PSV Eindhoven,Joey Veerman,FW / MF / Defensive Midfielder / DM / Central Midfielder / CM,1593,8.2,25.3,8.0,1.86,4.39,1.86,25.0,12.0,10.0,5.9,1036.0,85.5,90.0,62.1,64.0,18.0,39.0,30.0,9.0,56.2,78.0,56.5,19.0,63.3,1585.0,28.0,8.0,12.0,38.0,20.0,13.0,83.0,7.0,21.0,2.0,22.0,20.3,4.0,0.0,5.0,,,,,38.0,,,,,,
163670,PSV Eindhoven,Ivan Perisic,FW / Left Wing-Back / LWB / Right Midfielder / RM / Left Midfielder / LM / Right Winger / RW / Left Winger / LW / Striker / ST,1280,7.52,1.2,3.0,3.34,3.76,3.34,34.0,10.0,7.0,4.07,421.0,76.0,25.0,61.0,26.0,12.0,17.0,25.0,6.0,35.3,59.0,47.6,29.0,69.0,830.0,91.0,4.0,3.0,21.0,14.0,21.0,48.0,11.0,17.0,1.0,17.0,17.01,4.0,0.0,,,,,8.0,18.0,,,,,,
1036401,PSV Eindhoven,Ricardo Pepi,FW / Striker / ST,716,7.24,18.2,8.0,6.1,7.13,5.31,31.0,15.0,1.0,0.78,128.0,85.3,2.0,100.0,8.0,1.0,,,8.0,50.0,21.0,38.2,7.0,41.2,258.0,58.0,5.0,5.0,1.0,1.0,9.0,29.0,5.0,2.0,2.0,13.0,11.43,0.0,0.0,1.0,1.0,,,6.0,7.0,,,,,,
1359970,PSV Eindhoven,Ruben van Bommel,FW / Left Midfielder / LM / Left Winger / LW,382,7.62,16.0,3.0,2.16,1.92,2.16,8.0,6.0,0.0,1.07,108.0,74.5,,,8.0,1.0,4.0,28.6,7.0,41.2,29.0,50.9,9.0,56.2,242.0,23.0,1.0,3.0,10.0,6.0,9.0,19.0,2.0,1.0,0.0,7.0,4.61,1.0,0.0,,,,,,7.0,,,,,,
774947,PSV Eindhoven,Guus Til,MF / Central Midfielder / CM / Attacking Midfielder / AM / Striker / ST,1431,7.52,12.9,11.0,5.97,9.18,5.97,40.0,19.0,2.0,3.22,324.0,82.4,1.0,33.3,30.0,4.0,4.0,22.2,2.0,16.7,53.0,44.5,21.0,47.7,614.0,100.0,17.0,10.0,20.0,,13.0,37.0,12.0,4.0,2.0,19.0,15.41,0.0,0.0,1.0,,1.0,,10.0,19.0,,,,,,
866517,PSV Eindhoven,Myron Boadu,FW / Striker / ST / Left Winger / LW,90,6.81,5.7,,,,,,,,,,,,,,,,,,,,,,,,,,,,,,,,,,,,,,,,,,,,,,,,,
1327149,PSV Eindhoven,Paul Wanner,MF / Defensive Midfielder / DM / Right Midfielder / RM / Central Midfielder / CM / Attacking Midfielder / AM / Right Winger / RW / Striker / ST,610,7.29,19.8,2.0,1.94,1.91,1.94,11.0,6.0,0.0,0.59,284.0,88.2,1.0,33.3,2.0,,1.0,33.3,6.0,46.2,43.0,53.1,2.0,20.0,446.0,24.0,12.0,12.0,23.0,2.0,9.0,24.0,4.0,2.0,1.0,7.0,7.09,2.0,0.0,,,,,,4.0,,,,,,
1477878,Union St.Gilloise,Anan Khalaili,DF / MF / Right Wing-Back / RWB / Left Wing-Back / LWB / Right Midfielder / RM / Right Winger / RW / Attacking Midfielder / AM / Left Winger / LW,1644,7.41,8.2,2.0,2.56,2.09,2.56,21.0,7.0,0.0,3.23,596.0,80.8,50.0,61.7,29.0,6.0,15.0,22.7,29.0,50.0,93.0,50.8,25.0,62.5,1211.0,65.0,15.0,7.0,32.0,21.0,13.0,103.0,15.0,19.0,5.0,9.0,15.51,5.0,0.0,2.0,,,,5.0,45.0,,,,,,
1073471,Union St.Gilloise,Anouar Ait El Hadj,FW / MF / Central Midfielder / CM / Left Midfielder / LM / Attacking Midfielder / AM / Striker / ST / Left Winger / LW,1469,7.04,5.0,0.0,2.27,2.57,2.27,21.0,8.0,2.0,4.55,464.0,83.9,34.0,57.6,31.0,7.0,25.0,45.5,8.0,32.0,33.0,40.7,1.0,14.3,766.0,36.0,8.0,11.0,13.0,6.0,9.0,60.0,8.0,8.0,4.0,7.0,13.62,2.0,0.0,,,,,,11.0,,,,,,
972406,Union St.Gilloise,Adem Zorgane,FW / MF / Defensive Midfielder / DM / Central Midfielder / CM / Right Winger / RW,1572,7.29,6.8,1.0,1.42,2.0,1.42,15.0,6.0,4.0,4.25,817.0,84.8,48.0,62.3,25.0,4.0,10.0,25.0,6.0,54.5,59.0,41.3,19.0,47.5,1198.0,44.0,14.0,4.0,30.0,17.0,24.0,105.0,13.0,21.0,6.0,9.0,13.1,2.0,0.0,3.0,,,,4.0,15.0,,,,,,
1421270,Union St.Gilloise,Kevin Rodriguez,FW / Attacking Midfielder / AM / Striker / ST,1136,6.98,2.4,7.0,5.27,5.7,5.27,49.0,21.0,1.0,1.95,194.0,69.8,4.0,50.0,15.0,3.0,,,9.0,45.0,96.0,43.4,45.0,44.6,574.0,100.0,34.0,27.0,16.0,3.0,22.0,48.0,15.0,4.0,2.0,5.0,11.07,1.0,0.0,2.0,,,,6.0,11.0,,,,,,
1252132,Union St.Gilloise,Promise David,FW / Attacking Midfielder / AM / Striker / ST / Left Winger / LW,1161,6.88,16.4,9.0,10.4,10.8,9.61,54.0,23.0,0.0,0.29,117.0,54.4,8.0,47.1,4.0,,,,6.0,33.3,66.0,42.6,45.0,52.3,413.0,98.0,16.0,14.0,2.0,3.0,19.0,39.0,13.0,3.0,2.0,8.0,10.89,1.0,0.0,,,,,10.0,13.0,,,,,,
848573,Union St.Gilloise,Ousseynou Niang,FW / MF / Left Wing-Back / LWB / Left Midfielder / LM / Left Winger / LW,1372,7.21,9.4,2.0,1.69,1.2,1.69,21.0,6.0,3.0,1.55,381.0,80.2,20.0,46.5,10.0,2.0,8.0,14.8,17.0,34.7,75.0,49.7,3.0,42.9,829.0,52.0,19.0,30.0,25.0,5.0,13.0,91.0,13.0,8.0,3.0,9.0,12.86,5.0,0.0,1.0,,2.0,,1.0,12.0,,,,,,
1624062,Union St.Gilloise,Marc Giger,MF / Attacking Midfielder / AM / Striker / ST,387,6.69,862.3,3.0,3.14,3.89,2.35,14.0,7.0,1.0,1.05,81.0,78.6,4.0,100.0,7.0,1.0,2.0,33.3,6.0,46.2,26.0,39.4,7.0,38.9,205.0,19.0,8.0,3.0,10.0,1.0,11.0,16.0,4.0,4.0,0.0,3.0,5.17,3.0,0.0,,,,,1.0,,,,,,,
1417095,Union St.Gilloise,Kamiel van de Perre,MF / Center Back / CB / Defensive Midfielder / DM / Central Midfielder / CM / Attacking Midfielder / AM,1121,7.23,4.2,0.0,0.26,,0.26,4.0,,3.0,0.34,375.0,79.3,29.0,51.8,8.0,1.0,,,8.0,47.1,91.0,56.9,20.0,55.6,693.0,2.0,8.0,12.0,51.0,23.0,25.0,77.0,5.0,12.0,4.0,7.0,12.68,5.0,0.0,5.0,,,1.0,,26.0,,,,,,
215415,Union St.Gilloise,Rob Schoofs,MF / Defensive Midfielder / DM / Central Midfielder / CM / Attacking Midfielder / AM / Striker / ST,1215,7.19,1.5,3.0,2.31,3.05,1.52,28.0,8.0,2.0,3.46,500.0,81.0,31.0,41.9,31.0,5.0,17.0,43.6,4.0,44.4,38.0,39.6,7.0,31.8,829.0,32.0,11.0,12.0,15.0,12.0,17.0,62.0,5.0,10.0,3.0,7.0,15.2,3.0,0.0,1.0,1.0,,,1.0,22.0,,,,,,
958010,Benfica,Amar Dedic,DF / Right Back / RB / Left Back / LB / Right Wing-Back / RWB / Left Wing-Back / LWB / Central Midfielder / CM / Left Midfielder / LM / Left Winger / LW,1303,7.36,17.3,1.0,0.63,0.61,0.63,10.0,1.0,3.0,2.27,562.0,85.0,13.0,39.4,18.0,4.0,6.0,21.4,25.0,53.2,71.0,52.2,7.0,50.0,1005.0,47.0,13.0,15.0,25.0,13.0,12.0,55.0,8.0,11.0,5.0,9.0,10.19,2.0,1.0,2.0,,,,,21.0,,,,,,
1174630,Benfica,Richard Rios,MF / Defensive Midfielder / DM / Central Midfielder / CM / Attacking Midfielder / AM,1372,7.17,22.6,0.0,3.18,0.65,3.18,40.0,7.0,0.0,1.13,630.0,86.3,28.0,51.9,13.0,2.0,2.0,14.3,17.0,70.8,111.0,55.2,23.0,54.8,1020.0,32.0,16.0,41.0,31.0,14.0,35.0,64.0,6.0,16.0,7.0,8.0,11.51,6.0,0.0,3.0,,,,9.0,20.0,,,,,,
310768,Benfica,Fredrik Aursnes,FW / MF / Right Back / RB / Defensive Midfielder / DM / Right Midfielder / RM / Central Midfielder / CM / Left Midfielder / LM / Right Winger / RW / Attacking Midfielder / AM / Left Winger / LW,1612,7.48,20.4,3.0,1.95,1.39,1.95,20.0,5.0,2.0,2.83,766.0,86.3,27.0,44.3,32.0,3.0,16.0,28.6,10.0,55.6,77.0,49.7,19.0,47.5,1193.0,43.0,12.0,10.0,38.0,16.0,19.0,85.0,12.0,19.0,8.0,10.0,12.45,1.0,0.0,2.0,,,,1.0,17.0,,,,,,
1192398,Benfica (on loan),Georgiy Sudakov,FW / MF / Defensive Midfielder / DM / Central Midfielder / CM / Left Midfielder / LM / Attacking Midfielder / AM / Left Winger / LW / Striker / ST,120,0.82,25.7,,,,,,,,,,,,,,,,,,,,,,,,,,,,,,,,,,,,,,,,,,,,,,,,,
1228558,Benfica,Andreas Schjelderup,FW / Left Midfielder / LM / Left Winger / LW,578,6.96,18.0,1.0,1.44,0.65,1.44,9.0,2.0,2.0,2.23,184.0,84.0,2.0,33.3,18.0,2.0,6.0,20.7,11.0,47.8,30.0,45.5,2.0,25.0,343.0,52.0,4.0,8.0,9.0,1.0,8.0,23.0,8.0,6.0,0.0,2.0,5.02,1.0,0.0,,,,,,3.0,,,,,,
637749,Benfica,Vangelis Pavlidis,FW / Striker / ST,1592,7.79,38.6,19.0,14.43,16.2,7.33,60.0,33.0,4.0,1.2,258.0,69.7,9.0,75.0,20.0,3.0,1.0,16.7,9.0,31.0,78.0,40.8,41.0,44.6,610.0,127.0,28.0,18.0,12.0,1.0,9.0,47.0,22.0,6.0,6.0,10.0,12.35,2.0,0.0,,9.0,,,13.0,12.0,,,,,,
1406419,Benfica,Franjo Ivanovic,FW / Right Winger / RW / Attacking Midfielder / AM / Striker / ST,540,6.84,23.9,3.0,3.46,4.13,2.67,20.0,12.0,0.0,0.18,101.0,69.7,2.0,28.6,3.0,,,,16.0,57.1,47.0,44.3,9.0,42.9,295.0,46.0,17.0,15.0,7.0,2.0,14.0,23.0,5.0,7.0,0.0,1.0,3.75,1.0,0.0,1.0,1.0,1.0,,3.0,2.0,,,,,,
1363660,Benfica,Gianluca Prestianni,FW / Right Winger / RW / Attacking Midfielder / AM / Left Winger / LW,622,7.11,9.5,2.0,1.34,1.87,1.34,22.0,5.0,1.0,1.2,198.0,81.1,3.0,60.0,12.0,,3.0,18.8,29.0,58.0,56.0,54.4,6.0,46.2,430.0,33.0,5.0,18.0,4.0,2.0,10.0,31.0,8.0,6.0,0.0,6.0,4.24,3.0,1.0,,,1.0,,,1.0,,,,,,
1192386,Benfica,Henrique Araujo,FW / Striker / ST,80,6.2,1.9,,,,,,,,,,,,,,,,,,,,,,,,,,,,,,,,,,,,,,,,,,,,,,,,,
930065,Benfica,Leandro Barreiro,MF / Right Back / RB / Defensive Midfielder / DM / Central Midfielder / CM / Attacking Midfielder / AM,763,6.83,16.5,1.0,1.04,1.68,1.04,12.0,6.0,3.0,0.79,253.0,86.3,2.0,40.0,9.0,1.0,,,3.0,50.0,50.0,56.2,8.0,42.1,420.0,36.0,4.0,26.0,13.0,6.0,14.0,21.0,6.0,8.0,1.0,8.0,6.58,1.0,0.0,1.0,,,,5.0,6.0,,,,,,
577904,Qarabag FK,Marko Jankovic,MF / Defensive Midfielder / DM / Right Midfielder / RM / Attacking Midfielder / AM,90,7.42,569.9,,,,,,,,,,,,,,,,,,,,,,,,,,,,,,,,,,,,,,,,,,,,,,,,,
1171780,Qarabag FK,Leandro Andrade,FW / Right Winger / RW / Attacking Midfielder / AM,90,7.56,1.8,,,,,,,,,,,,,,,,,,,,,,,,,,,,,,,,,,,,,,,,,,,,,,,,,
766160,Qarabag FK,Kady Malinowski,FW / MF / Defensive Midfielder / DM / Central Midfielder / CM / Right Winger / RW / Attacking Midfielder / AM,90,0.66,2.7,,,,,,,,,,,,,,,,,,,,,,,,,,,,,,,,,,,,,,,,,,,,,,,,,
425950,Qarabag FK,Abdellah Zoubir,FW / Attacking Midfielder / AM / Left Winger / LW,90,6.5,276.5,,,,,,,,,,,,,,,,,,,,,,,,,,,,,,,,,,,,,,,,,,,,,,,,,
1576597,Qarabag FK,Camilo Duran,FW / Right Winger / RW / Striker / ST / Left Winger / LW,90,6.94,384.5,,,,,,,,,,,,,,,,,,,,,,,,,,,,,,,,,,,,,,,,,,,,,,,,,
1453194,Qarabag FK,Emmanuel Addai,MF / Attacking Midfielder / AM / Left Winger / LW,90,0.22,716.4,,,,,,,,,,,,,,,,,,,,,,,,,,,,,,,,,,,,,,,,,,,,,,,,,
845695,Qarabag FK,Oleksii Kashchuk,FW / Right Winger / RW,70,7.04,1.2,,,,,,,,,,,,,,,,,,,,,,,,,,,,,,,,,,,,,,,,,,,,,,,,,
1119168,Qarabag FK,Tural Bayramov,DF / Right Back / RB / Left Back / LB / Right Midfielder / RM / Attacking Midfielder / AM,90,5.97,1.0,,,,,,,,,,,,,,,,,,,,,,,,,,,,,,,,,,,,,,,,,,,,,,,,,
1179484,Qarabag FK,Musa Gurbanly,FW / Striker / ST,29,0.16,899.9,,,,,,,,,,,,,,,,,,,,,,,,,,,,,,,,,,,,,,,,,,,,,,,,,
737857,Juventus,Dusan Vlahovic,FW / Striker / ST,683,6.66,23.6,3.0,4.12,4.01,3.34,30.0,11.0,1.0,0.68,87.0,68.5,5.0,71.4,7.0,,1.0,33.3,2.0,50.0,37.0,46.2,17.0,44.7,246.0,48.0,14.0,15.0,3.0,2.0,7.0,8.0,3.0,,0.0,9.0,6.14,0.0,0.0,2.0,1.0,1.0,,8.0,3.0,,,,,,
1382375,Juventus,Vasilije Adzic,MF / Central Midfielder / CM / Attacking Midfielder / AM,156,6.36,4.3,1.0,0.23,1.35,0.23,6.0,4.0,0.0,0.23,80.0,85.1,4.0,66.7,4.0,,,,1.0,14.3,7.0,26.9,1.0,14.3,138.0,4.0,2.0,1.0,4.0,2.0,3.0,14.0,3.0,2.0,0.0,3.0,1.63,0.0,0.0,,,,,,3.0,,,,,,
400256,Olympiacos,Rodinei,DF / Right Back / RB / Right Midfielder / RM / Right Winger / RW,650,7.34,809.9,0.0,0.73,0.04,0.73,7.0,1.0,2.0,1.93,297.0,81.4,20.0,55.6,22.0,2.0,14.0,17.1,9.0,60.0,42.0,55.3,9.0,52.9,626.0,8.0,3.0,4.0,20.0,4.0,8.0,34.0,6.0,9.0,4.0,4.0,5.2,0.0,0.0,2.0,,,,,,,,,,,
1131349,Olympiacos,Santiago Hezze,MF / Defensive Midfielder / DM / Central Midfielder / CM / Attacking Midfielder / AM,993,7.28,14.7,0.0,0.93,0.3,0.93,10.0,3.0,0.0,1.36,509.0,86.9,20.0,51.3,11.0,1.0,1.0,7.7,3.0,37.5,58.0,61.7,14.0,70.0,744.0,19.0,4.0,10.0,31.0,22.0,17.0,66.0,6.0,6.0,4.0,5.0,5.68,1.0,0.0,1.0,,,,,,,,,,,
566644,Olympiacos,Chiquinho,FW / MF / Right Midfielder / RM / Left Midfielder / LM / Right Winger / RW / Attacking Midfielder / AM / Left Winger / LW,1040,7.03,2.4,4.0,3.52,3.29,3.52,30.0,6.0,3.0,2.68,307.0,80.8,12.0,63.2,22.0,6.0,11.0,25.0,3.0,16.7,34.0,34.3,13.0,40.6,596.0,86.0,14.0,11.0,7.0,7.0,9.0,42.0,10.0,9.0,2.0,7.0,7.4,0.0,0.0,,,,,,,,,,,,
524435,Olympiacos (on loan),Daniel Podence,FW / Right Winger / RW / Attacking Midfielder / AM / Left Winger / LW / Striker / ST,716,7.49,1.8,2.0,1.76,1.37,1.76,23.0,7.0,4.0,2.47,223.0,78.5,8.0,53.3,15.0,5.0,8.0,16.3,13.0,65.0,36.0,55.4,3.0,50.0,454.0,44.0,7.0,14.0,6.0,2.0,8.0,26.0,3.0,5.0,1.0,5.0,5.1,2.0,0.0,,,,,,,,,,,,
884382,Olympiacos,Ayoub El Kaabi,FW / Attacking Midfielder / AM / Striker / ST,1213,7.77,2.1,13.0,10.53,13.37,6.59,55.0,29.0,2.0,0.91,209.0,72.6,4.0,80.0,15.0,1.0,2.0,33.3,4.0,36.4,56.0,37.3,43.0,39.8,430.0,81.0,7.0,7.0,2.0,2.0,13.0,23.0,10.0,4.0,3.0,7.0,9.1,2.0,0.0,,5.0,1.0,,,,,,,,,
619506,Olympiacos,Mehdi Taremi,FW / Right Winger / RW / Attacking Midfielder / AM / Striker / ST,552,7.67,2.1,8.0,5.17,5.29,4.38,19.0,9.0,2.0,1.85,110.0,75.9,5.0,71.4,9.0,3.0,,,5.0,41.7,43.0,53.1,22.0,55.0,238.0,54.0,2.0,9.0,7.0,,10.0,18.0,1.0,3.0,1.0,2.0,3.58,0.0,0.0,,1.0,2.0,,,,,,,,,
1561233,Olympiacos,Stavros Pnevmonidis,FW / Left Winger / LW / Right Winger / RW,147,7.3,885.8,0.0,0.41,0.83,0.41,3.0,2.0,0.0,0.56,41.0,77.4,1.0,50.0,4.0,1.0,2.0,40.0,2.0,66.7,11.0,55.0,1.0,33.3,82.0,5.0,3.0,2.0,6.0,,3.0,5.0,2.0,1.0,0.0,0.0,0.7,0.0,0.0,,,,,,,,,,,,
658539,Pafos FC,Bruno Felipe,DF / Right Back / RB / Center Back / CB / Left Back / LB / Right Wing-Back / RWB / Right Midfielder / RM / Left Midfielder / LM / Right Winger / RW / Left Winger / LW,90,7.6,,,,,,,,,,,,,,,,,,,,,,,,,,,,,,,,,,,,,,,,,,,,,,,,,,
666950,Pafos FC,Joao Correia,DF / FW / Right Back / RB / Left Back / LB / Right Wing-Back / RWB / Left Wing-Back / LWB / Central Midfielder / CM / Right Winger / RW / Attacking Midfielder / AM / Left Winger / LW,90,0.09,802.0,,,,,,,,,,,,,,,,,,,,,,,,,,,,,,,,,,,,,,,,,,,,,,,,,
1139169,Pafos FC,Jaja,FW / Left Wing-Back / LWB / Right Midfielder / RM / Right Winger / RW / Attacking Midfielder / AM / Left Winger / LW / Striker / ST,77,0.81,982.3,,,,,,,,,,,,,,,,,,,,,,,,,,,,,,,,,,,,,,,,,,,,,,,,,
541551,Pafos FC,Ivan Sunjic,FW / MF / Center Back / CB / Defensive Midfielder / DM / Central Midfielder / CM / Attacking Midfielder / AM,90,0.07,770.9,,,,,,,,,,,,,,,,,,,,,,,,,,,,,,,,,,,,,,,,,,,,,,,,,
672721,Pafos FC,Pepe,FW / MF / Left Back / LB / Defensive Midfielder / DM / Central Midfielder / CM / Attacking Midfielder / AM,90,6.37,1.6,,,,,,,,,,,,,,,,,,,,,,,,,,,,,,,,,,,,,,,,,,,,,,,,,
759567,Pafos FC,Vlad Dragomir,FW / MF / Left Back / LB / Defensive Midfielder / DM / Central Midfielder / CM / Left Midfielder / LM / Attacking Midfielder / AM / Left Winger / LW / Striker / ST,90,6.5,1.2,,,,,,,,,,,,,,,,,,,,,,,,,,,,,,,,,,,,,,,,,,,,,,,,,
703044,Pafos FC,Landry Dimata,FW / Right Winger / RW / Left Winger / LW / Striker / ST,134,6.6,1.5,0.0,0.23,0.7,0.23,3.0,2.0,0.0,0.02,32.0,84.2,1.0,50.0,,,,,,,9.0,52.9,2.0,50.0,62.0,5.0,4.0,5.0,2.0,,,7.0,1.0,1.0,0.0,0.0,0.61,0.0,0.0,,,,,2.0,,,,,,,
184595,Pafos FC,Mislav Orsic,FW / Right Midfielder / RM / Attacking Midfielder / AM / Left Winger / LW / Right Winger / RW / Striker / ST,90,7.71,809.5,,,,,,,,,,,,,,,,,,,,,,,,,,,,,,,,,,,,,,,,,,,,,,,,,
520670,Pafos FC,Ken Sema,MF / Right Back / RB / Left Back / LB / Left Wing-Back / LWB / Left Midfielder / LM / Right Winger / RW / Attacking Midfielder / AM / Left Winger / LW,90,0.14,598.7,,,,,,,,,,,,,,,,,,,,,,,,,,,,,,,,,,,,,,,,,,,,,,,,,
876734,Pafos FC,Anderson Silva,FW / Striker / ST,90,0.12,898.9,,,,,,,,,,,,,,,,,,,,,,,,,,,,,,,,,,,,,,,,,,,,,,,,,
883759,Slavia Prague,David Doudera,DF / MF / Right Back / RB / Right Wing-Back / RWB / Right Midfielder / RM / Right Winger / RW,1018,7.29,2.1,1.0,,,,19.0,5.0,1.0,,298.0,71.1,31.0,37.8,17.0,3.0,15.0,33.3,4.0,50.0,37.0,49.3,8.0,36.4,700.0,28.0,2.0,15.0,10.0,18.0,14.0,41.0,6.0,5.0,3.0,9.0,,4.0,0.0,1.0,,,,,,,,,,,
1124529,PAOK Thessaloniki,Christos Zafeiris,MF / Defensive Midfielder / DM / Central Midfielder / CM / Attacking Midfielder / AM,161,7.24,10.9,0.0,0.38,0.18,0.38,3.0,1.0,0.0,0.56,91.0,86.7,6.0,75.0,3.0,1.0,1.0,33.3,2.0,66.7,6.0,50.0,2.0,100.0,126.0,7.0,1.0,1.0,1.0,1.0,2.0,3.0,2.0,2.0,0.0,0.0,0.77,1.0,0.0,,,,,,,,,,,,
791682,Slavia Prague,Lukas Provod,FW / Defensive Midfielder / DM / Central Midfielder / CM / Left Midfielder / LM / Right Winger / RW / Attacking Midfielder / AM / Left Winger / LW / Striker / ST,1526,7.66,6.7,4.0,,,,47.0,13.0,7.0,,606.0,80.7,32.0,50.8,38.0,10.0,28.0,30.1,18.0,43.9,80.0,46.8,20.0,47.6,1124.0,90.0,18.0,29.0,14.0,2.0,21.0,77.0,18.0,8.0,4.0,14.0,,1.0,0.0,2.0,,1.0,,,,,,,,,
806551,Slavia Prague,Michal Sadilek,FW / MF / Left Back / LB / Defensive Midfielder / DM / Left Wing-Back / LWB / Central Midfielder / CM / Attacking Midfielder / AM,872,6.98,7.7,0.0,,,,14.0,1.0,2.0,,318.0,81.1,29.0,50.0,23.0,5.0,17.0,32.1,,,34.0,42.5,11.0,34.4,547.0,25.0,1.0,6.0,17.0,8.0,17.0,32.0,1.0,8.0,3.0,9.0,,4.0,0.0,2.0,,,,,,,,,,,
951773,Slavia Prague,Vasil Kusej,FW / Right Midfielder / RM / Right Winger / RW / Attacking Midfielder / AM / Left Winger / LW / Striker / ST,1153,6.99,6.1,4.0,,,,30.0,13.0,4.0,,265.0,70.5,12.0,44.4,32.0,7.0,14.0,17.1,13.0,37.1,44.0,31.2,6.0,20.7,683.0,83.0,23.0,12.0,13.0,6.0,18.0,55.0,18.0,12.0,2.0,10.0,,3.0,0.0,2.0,,,,,,,,,,,
523217,Slavia Prague,Tomas Chory,FW / Striker / ST / Left Winger / LW,936,7.55,2.0,9.0,,,,36.0,18.0,2.0,,161.0,66.5,4.0,44.4,13.0,3.0,2.0,33.3,4.0,50.0,68.0,50.4,47.0,58.0,395.0,60.0,7.0,15.0,2.0,2.0,19.0,16.0,5.0,4.0,3.0,9.0,,2.0,1.0,1.0,2.0,1.0,1.0,,,,,,,,
988769,Slavia Prague,Mojmir Chytil,FW / Right Winger / RW / Attacking Midfielder / AM / Striker / ST,834,7.32,2.6,7.0,,,,44.0,22.0,0.0,,109.0,70.3,,,17.0,3.0,1.0,8.3,9.0,47.4,61.0,45.9,34.0,51.5,339.0,95.0,18.0,15.0,3.0,1.0,8.0,14.0,7.0,5.0,2.0,10.0,,0.0,0.0,,2.0,,,,,,,,,,
308841,Slavia Prague,Ivan Schranz,FW / Left Midfielder / LM / Right Winger / RW / Attacking Midfielder / AM / Left Winger / LW / Striker / ST,319,6.66,523.8,2.0,,,,11.0,5.0,1.0,,54.0,64.3,5.0,33.3,4.0,,1.0,20.0,,,15.0,50.0,10.0,55.6,142.0,19.0,1.0,2.0,3.0,2.0,5.0,8.0,,,0.0,2.0,,0.0,0.0,1.0,,,,,,,,,,,
1092903,Slavia Prague (on loan),Muhammed Cham,MF / Right Winger / RW / Attacking Midfielder / AM / Left Winger / LW,90,0.93,4.3,,,,,,,,,,,,,,,,,,,,,,,,,,,,,,,,,,,,,,,,,,,,,,,,,
632870,Bodø/Glimt,Håkon Evjen,FW / MF / Right Midfielder / RM / Central Midfielder / CM,2213,7.49,2.8,4.0,4.77,3.81,4.77,32.0,8.0,4.0,6.02,706.0,82.1,43.0,72.9,42.0,5.0,7.0,25.0,34.0,57.6,128.0,58.2,5.0,25.0,1277.0,163.0,18.0,22.0,67.0,14.0,5.0,123.0,22.0,29.0,5.0,24.0,26.55,3.0,0.0,2.0,,,,,,,,,,,
530635,Bodø/Glimt,Patrick Berg,FW / MF / Central Midfielder / CM / Attacking Midfielder / AM,2294,8.06,2.6,5.0,4.1,3.73,4.1,64.0,15.0,12.0,11.72,1416.0,87.7,73.0,53.3,76.0,20.0,74.0,32.5,15.0,60.0,100.0,57.1,5.0,45.5,2211.0,74.0,12.0,9.0,71.0,28.0,25.0,142.0,10.0,22.0,10.0,24.0,29.17,2.0,0.0,7.0,,,,,,,,,,,
1160076,Bodø/Glimt,Sondre Auklend,FW / MF / Central Midfielder / CM / Right Winger / RW,1159,7.22,1.4,1.0,3.29,1.16,3.29,36.0,8.0,5.0,4.69,657.0,86.7,19.0,65.5,24.0,6.0,5.0,23.8,18.0,43.9,95.0,50.5,5.0,33.3,1093.0,100.0,23.0,38.0,34.0,10.0,18.0,76.0,11.0,20.0,3.0,11.0,15.42,1.0,0.0,5.0,,,1.0,,,,,,,,
930184,Blackburn Rovers,Mathias Jørgensen,FW / Defensive Midfielder / DM / Left Midfielder / LM / Right Winger / RW / Striker / ST / Left Winger / LW,225,6.37,1.9,1.0,0.86,0.99,0.86,3.0,1.0,0.0,0.09,17.0,58.6,,,,,,,1.0,33.3,1.0,7.1,,,57.0,11.0,3.0,,,,,9.0,3.0,,0.0,5.0,4.11,0.0,0.0,1.0,,,,,5.0,,,,,,
934960,Bodø/Glimt,Kasper Waarts Høgh,FW / Striker / ST,2072,7.42,10.3,17.0,17.21,18.07,14.84,81.0,36.0,5.0,2.86,260.0,75.8,3.0,42.9,19.0,4.0,1.0,50.0,8.0,42.1,86.0,44.6,47.0,54.7,657.0,180.0,22.0,18.0,14.0,4.0,31.0,47.0,13.0,5.0,2.0,20.0,24.76,0.0,0.0,,3.0,1.0,,,,,,,,,
741397,Bodø/Glimt,Jens Petter Hauge,FW / Central Midfielder / CM / Left Midfielder / LM / Left Winger / LW,2227,7.78,3.0,8.0,6.41,6.57,5.62,55.0,16.0,4.0,10.63,1362.0,84.2,39.0,60.0,57.0,8.0,12.0,17.6,52.0,48.1,117.0,51.3,6.0,46.2,2116.0,211.0,24.0,27.0,32.0,4.0,10.0,102.0,27.0,15.0,4.0,23.0,26.84,3.0,0.0,2.0,,2.0,,,,,,,,,
1359647,Bodø/Glimt,Daniel Bassi,FW / Right Back / RB / Right Winger / RW,381,6.64,1.2,1.0,2.44,1.94,2.44,15.0,6.0,2.0,1.47,153.0,87.9,2.0,66.7,11.0,1.0,7.0,30.4,12.0,54.5,21.0,42.0,1.0,50.0,278.0,41.0,10.0,5.0,3.0,5.0,7.0,13.0,1.0,1.0,0.0,4.0,4.14,0.0,0.0,,,,,,,,,,,,
1126421,Bodø/Glimt,Magnus Bech Riisnæs,FW / Right Back / RB / Left Back / LB / Right Winger / RW,843,7.06,4.7,2.0,2.23,1.77,2.23,21.0,6.0,2.0,3.05,386.0,86.5,22.0,71.0,20.0,4.0,12.0,30.8,19.0,51.4,54.0,55.1,10.0,71.4,691.0,42.0,10.0,10.0,15.0,7.0,9.0,56.0,7.0,3.0,1.0,14.0,14.43,2.0,1.0,1.0,,,,,,,,,,,
615292,Bodø/Glimt,Andreas Helmersen,FW / Striker / ST,502,6.82,828.9,6.0,4.76,4.69,4.76,24.0,8.0,1.0,0.45,61.0,67.0,2.0,50.0,4.0,1.0,,,2.0,33.3,34.0,43.6,22.0,52.4,190.0,40.0,8.0,5.0,5.0,4.0,8.0,20.0,4.0,5.0,1.0,5.0,7.08,0.0,0.0,1.0,,,,,,,,,,,
1111980,Ajax,Youri Regeer,FW / MF / Right Back / RB / Center Back / CB / Right Wing-Back / RWB / Defensive Midfielder / DM / Central Midfielder / CM / Right Winger / RW,1095,7.19,6.9,0.0,0.46,,0.46,6.0,,2.0,0.66,647.0,92.0,18.0,56.2,8.0,1.0,2.0,16.7,4.0,57.1,65.0,59.1,16.0,57.1,934.0,11.0,11.0,11.0,34.0,19.0,12.0,69.0,5.0,7.0,2.0,12.0,17.29,4.0,0.0,5.0,,,,,45.0,,,,,,
298448,Ajax,Davy Klaassen,FW / MF / Defensive Midfielder / DM / Central Midfielder / CM / Attacking Midfielder / AM,1157,7.12,2.1,4.0,2.77,3.99,2.77,18.0,7.0,2.0,1.23,372.0,81.4,10.0,40.0,12.0,2.0,2.0,66.7,1.0,14.3,53.0,50.0,10.0,32.3,615.0,36.0,5.0,12.0,30.0,9.0,14.0,53.0,7.0,8.0,0.0,16.0,19.68,1.0,0.0,4.0,,,,7.0,12.0,,,,,,
1049004,Ajax,Oliver Edvardsen,FW / Left Wing-Back / LWB / Right Winger / RW / Left Winger / LW / Striker / ST,526,6.48,3.8,0.0,0.73,0.34,0.73,4.0,1.0,0.0,0.53,156.0,82.1,6.0,85.7,5.0,1.0,2.0,18.2,5.0,71.4,38.0,51.4,12.0,57.1,299.0,15.0,11.0,16.0,6.0,4.0,10.0,24.0,3.0,5.0,0.0,10.0,9.06,2.0,0.0,,,1.0,,,9.0,,,,,,
351999,Ajax,Wout Weghorst,FW / Striker / ST,1126,7.29,2.0,6.0,4.58,6.32,4.58,36.0,12.0,1.0,1.84,227.0,72.3,7.0,87.5,24.0,3.0,,,4.0,50.0,84.0,54.5,52.0,60.5,480.0,87.0,12.0,22.0,7.0,1.0,25.0,20.0,4.0,1.0,2.0,17.0,16.89,4.0,0.0,2.0,,,,13.0,12.0,,,,,,
1396372,Ajax,Mika Godts,FW / Left Midfielder / LM / Attacking Midfielder / AM / Left Winger / LW,1444,7.78,18.8,8.0,6.23,7.09,6.23,45.0,23.0,7.0,5.75,465.0,80.6,26.0,68.4,43.0,8.0,6.0,15.8,44.0,53.0,79.0,45.7,1.0,7.7,907.0,106.0,29.0,20.0,14.0,7.0,5.0,55.0,11.0,9.0,2.0,23.0,26.0,2.0,0.0,2.0,,,,1.0,3.0,,,,,,
640742,Ajax,Kasper Dolberg,FW / Left Winger / LW / Striker / ST,552,6.9,13.4,3.0,2.88,2.74,2.88,20.0,10.0,0.0,0.38,62.0,61.4,1.0,33.3,4.0,1.0,,,2.0,22.2,26.0,40.0,10.0,40.0,195.0,30.0,3.0,11.0,3.0,2.0,14.0,8.0,1.0,1.0,0.0,5.0,8.87,1.0,0.0,,,,,2.0,4.0,,,,,,
1337911,Ajax,Oscar Gloukh,MF / Defensive Midfielder / DM / Right Midfielder / RM / Central Midfielder / CM / Left Midfielder / LM / Attacking Midfielder / AM / Left Winger / LW / Right Winger / RW / Striker / ST,1169,7.26,21.4,5.0,3.62,3.49,3.62,37.0,18.0,5.0,3.0,499.0,83.4,19.0,57.6,24.0,3.0,12.0,32.4,27.0,41.5,62.0,43.1,,,884.0,70.0,28.0,15.0,20.0,2.0,1.0,56.0,8.0,10.0,0.0,16.0,21.24,2.0,0.0,,,,,1.0,3.0,,,,,,
593118,Inter,Denzel Dumfries,FW / MF / Right Back / RB / Left Back / LB / Right Midfielder / RM,725,6.75,34.4,1.0,1.48,1.3,1.48,9.0,3.0,0.0,0.59,168.0,77.8,1.0,14.3,9.0,1.0,4.0,18.2,3.0,30.0,32.0,47.1,15.0,46.9,367.0,35.0,2.0,6.0,8.0,4.0,12.0,21.0,5.0,4.0,2.0,7.0,6.07,1.0,0.0,,,,1.0,1.0,9.0,,,,,,
304733,Inter,Hakan Calhanoglu,FW / MF / Defensive Midfielder / DM / Central Midfielder / CM,1275,7.82,15.6,7.0,4.59,5.86,1.44,40.0,12.0,2.0,2.86,979.0,90.5,55.0,57.9,34.0,6.0,27.0,39.1,3.0,30.0,42.0,49.4,8.0,53.3,1315.0,13.0,4.0,9.0,22.0,9.0,17.0,79.0,7.0,11.0,5.0,11.0,11.45,4.0,0.0,3.0,3.0,,,,11.0,,,,,,
605654,Paris Saint-Germain,Fabián Ruiz,FW / MF / Central Midfielder / CM / Attacking Midfielder / AM,795,7.01,28.8,1.0,1.02,0.48,1.02,13.0,4.0,2.0,1.48,779.0,92.4,34.0,68.0,12.0,2.0,1.0,9.1,,,13.0,43.3,2.0,66.7,945.0,26.0,4.0,1.0,10.0,8.0,1.0,33.0,4.0,7.0,2.0,9.0,7.47,1.0,0.0,,,,,2.0,6.0,,,,,,
1227590,Club Brugge,Kyriani Sabbe,DF / Right Back / RB / Center Back / CB / Left Winger / LW,936,6.88,2.2,0.0,0.29,0.21,0.29,8.0,3.0,0.0,1.5,550.0,85.4,29.0,58.0,11.0,2.0,2.0,8.0,7.0,43.8,43.0,60.6,10.0,71.4,922.0,23.0,3.0,7.0,20.0,12.0,6.0,55.0,6.0,7.0,1.0,13.0,9.37,1.0,0.0,,,,,,22.0,,,,,,
1410437,Club Brugge,Aleksandar Stankovic,MF / Right Back / RB / Center Back / CB / Defensive Midfielder / DM / Central Midfielder / CM / Attacking Midfielder / AM,1642,7.44,18.6,4.0,2.25,4.52,2.25,36.0,15.0,1.0,2.69,879.0,88.2,72.0,60.5,21.0,4.0,3.0,18.8,5.0,55.6,85.0,59.4,39.0,65.0,1269.0,38.0,10.0,15.0,26.0,21.0,15.0,82.0,7.0,9.0,5.0,23.0,21.2,2.0,0.0,8.0,,,,10.0,64.0,,,,,,
1126768,Club Brugge,Raphael Onyedika,MF / Defensive Midfielder / DM / Central Midfielder / CM / Right Winger / RW,1002,6.91,19.3,1.0,1.45,2.36,1.45,12.0,6.0,0.0,0.54,634.0,91.0,35.0,70.0,7.0,,,,7.0,87.5,50.0,53.2,9.0,52.9,831.0,15.0,10.0,12.0,22.0,6.0,18.0,68.0,3.0,8.0,2.0,14.0,14.15,3.0,0.0,2.0,,,1.0,1.0,19.0,,,,,,
1186529,Club Brugge,Carlos Forbs,FW / Right Wing-Back / RWB / Left Midfielder / LM / Right Winger / RW / Left Winger / LW,1378,7.21,12.6,2.0,2.35,1.74,2.35,24.0,7.0,4.0,4.27,469.0,81.6,7.0,58.3,31.0,3.0,12.0,25.0,24.0,42.1,59.0,42.8,3.0,20.0,880.0,100.0,17.0,13.0,20.0,9.0,14.0,46.0,6.0,3.0,1.0,16.0,18.52,2.0,0.0,,,,,,13.0,,,,,,
203666,Club Brugge,Hans Vanaken,FW / MF / Defensive Midfielder / DM / Central Midfielder / CM / Attacking Midfielder / AM / Striker / ST,1981,7.46,5.1,4.0,4.93,4.43,4.93,36.0,11.0,1.0,5.41,1325.0,88.2,101.0,75.9,41.0,10.0,10.0,37.0,8.0,34.8,94.0,52.8,45.0,68.2,1814.0,69.0,19.0,17.0,25.0,12.0,12.0,91.0,7.0,18.0,7.0,28.0,28.27,2.0,0.0,5.0,,,,12.0,32.0,,,,,,
1157237,Club Brugge,Christos Tzolis,FW / Right Wing-Back / RWB / Defensive Midfielder / DM / Right Midfielder / RM / Central Midfielder / CM / Right Winger / RW / Left Winger / LW / Striker / ST,1627,7.75,31.1,7.0,8.52,6.7,7.73,72.0,22.0,10.0,7.33,575.0,79.0,27.0,71.1,52.0,9.0,39.0,27.3,13.0,36.1,63.0,42.9,10.0,35.7,1152.0,154.0,18.0,26.0,14.0,5.0,17.0,65.0,13.0,9.0,6.0,20.0,23.27,3.0,0.0,1.0,,,,5.0,10.0,,,,,,
1334552,Club Brugge,Nicolo Tresoldi,FW / Striker / ST,1208,6.81,12.4,6.0,5.12,3.71,5.12,43.0,12.0,2.0,1.28,148.0,80.9,6.0,100.0,15.0,3.0,,,9.0,50.0,74.0,50.0,25.0,39.7,375.0,78.0,20.0,26.0,14.0,1.0,4.0,21.0,3.0,4.0,1.0,15.0,16.59,1.0,0.0,1.0,,,,10.0,5.0,,,,,,
1484998,Club Brugge,Mamadou Diakhon,FW / Right Midfielder / RM / Left Midfielder / LM / Attacking Midfielder / AM / Left Winger / LW,518,6.85,7.4,0.0,0.35,0.05,0.35,7.0,1.0,5.0,1.51,170.0,91.4,6.0,85.7,11.0,3.0,4.0,23.5,9.0,81.8,34.0,57.6,1.0,14.3,289.0,35.0,8.0,21.0,3.0,2.0,5.0,22.0,4.0,5.0,0.0,11.0,8.07,0.0,0.0,,,,,,2.0,,,,,,
1178442,Club Brugge NXT,Lynnt Audoor,MF / Defensive Midfielder / DM / Central Midfielder / CM / Attacking Midfielder / AM,190,7.04,1.2,0.0,,,,0.0,,1.0,0.27,104.0,85.2,6.0,66.7,3.0,,,,2.0,28.6,25.0,67.6,6.0,75.0,173.0,3.0,3.0,9.0,8.0,2.0,3.0,14.0,1.0,,0.0,4.0,1.82,0.0,0.0,1.0,,,,,4.0,,,,,,
408943,Monaco,Takumi Minamino,FW / MF / Defensive Midfielder / DM / Right Midfielder / RM / Central Midfielder / CM / Left Midfielder / LM / Right Winger / RW / Attacking Midfielder / AM / Left Winger / LW / Striker / ST,950,6.65,10.8,3.0,3.18,2.97,3.18,21.0,7.0,2.0,1.99,226.0,73.4,7.0,43.8,9.0,3.0,,,4.0,33.3,21.0,31.3,6.0,42.9,446.0,50.0,8.0,8.0,3.0,4.0,10.0,39.0,14.0,12.0,1.0,14.0,15.2,4.0,0.0,2.0,,,1.0,2.0,5.0,,,,,,
1431516,Monaco,George Ilenikhena,FW / Striker / ST,377,6.18,20.1,2.0,1.44,1.36,1.44,15.0,7.0,0.0,0.2,39.0,73.6,2.0,66.7,3.0,,,,1.0,9.1,16.0,33.3,8.0,42.1,125.0,29.0,6.0,6.0,1.0,,2.0,4.0,3.0,3.0,0.0,8.0,7.89,0.0,0.0,1.0,,,,5.0,2.0,,,,,,
560584,FC København,Jordan Larsson,FW / MF / Right Midfielder / RM / Left Midfielder / LM / Right Winger / RW / Striker / ST,1231,7.16,2.0,5.0,5.07,5.88,3.49,39.0,15.0,2.0,3.22,350.0,84.3,12.0,60.0,20.0,4.0,13.0,29.5,14.0,50.0,44.0,45.8,6.0,35.3,654.0,62.0,13.0,18.0,6.0,8.0,10.0,46.0,5.0,6.0,2.0,22.0,16.33,0.0,0.0,2.0,2.0,1.0,,,,,,,,,
262739,Widzew Łódź,Lukas Lerager,FW / MF / Defensive Midfielder / DM / Central Midfielder / CM / Attacking Midfielder / AM,1188,7.01,740.3,1.0,0.77,0.66,0.77,12.0,1.0,1.0,2.13,562.0,84.3,24.0,49.0,13.0,2.0,3.0,30.0,3.0,50.0,71.0,50.7,20.0,52.6,833.0,30.0,7.0,13.0,35.0,17.0,27.0,65.0,10.0,15.0,3.0,18.0,15.09,4.0,0.0,4.0,,,,,,,,,,,
170218,FC København,Thomas Delaney,FW / MF / Defensive Midfielder / DM / Central Midfielder / CM,523,6.96,637.2,0.0,0.13,,0.13,4.0,,2.0,1.51,310.0,85.6,20.0,54.1,5.0,2.0,2.0,16.7,,,36.0,61.0,14.0,70.0,459.0,11.0,4.0,5.0,17.0,10.0,12.0,28.0,3.0,1.0,0.0,10.0,7.98,2.0,0.0,2.0,,,2.0,,,,,,,,
1015128,FC København,Elias Achouri,FW / MF / Right Midfielder / RM / Left Midfielder / LM / Right Winger / RW / Left Winger / LW / Striker / ST,875,7.01,2.4,3.0,2.98,2.82,2.98,22.0,7.0,1.0,1.83,269.0,84.1,10.0,76.9,15.0,1.0,11.0,35.5,14.0,40.0,50.0,41.7,4.0,25.0,515.0,45.0,16.0,18.0,14.0,2.0,10.0,49.0,10.0,11.0,1.0,12.0,11.19,1.0,0.0,,,,,,,,,,,,
1174708,FC København,Youssoufa Moukoko,FW / Attacking Midfielder / AM / Right Winger / RW / Striker / ST,784,6.78,13.2,3.0,3.71,4.3,2.92,28.0,14.0,1.0,0.44,124.0,75.6,9.0,69.2,8.0,,1.0,25.0,17.0,54.8,31.0,41.3,3.0,37.5,306.0,64.0,13.0,5.0,6.0,2.0,10.0,26.0,8.0,3.0,0.0,13.0,10.8,1.0,0.0,,1.0,,,,,,,,,,
261936,FC København,Mohamed Elyounoussi,FW / Right Midfielder / RM / Central Midfielder / CM / Right Winger / RW / Attacking Midfielder / AM / Striker / ST / Left Winger / LW,1243,7.48,4.2,4.0,4.79,4.04,4.79,44.0,13.0,5.0,3.65,440.0,77.7,31.0,64.6,24.0,4.0,8.0,19.5,16.0,43.2,99.0,52.1,23.0,54.8,868.0,68.0,22.0,27.0,33.0,2.0,18.0,65.0,7.0,13.0,2.0,18.0,14.8,4.0,0.0,,,1.0,,,,,,,,,
258226,FC København,Viktor Claesson,FW / Right Midfielder / RM / Attacking Midfielder / AM / Striker / ST,892,6.51,1.3,3.0,3.99,2.71,3.99,20.0,5.0,0.0,1.38,293.0,82.3,5.0,62.5,11.0,,,,1.0,12.5,36.0,37.1,18.0,40.9,485.0,61.0,14.0,7.0,10.0,2.0,11.0,21.0,4.0,4.0,0.0,11.0,10.36,0.0,0.0,,,,,,,,,,,,
1494913,FC København,Robert,MF / Right Midfielder / RM / Left Midfielder / LM / Left Winger / LW / Right Winger / RW,770,6.62,2.2,2.0,2.14,1.66,2.14,23.0,7.0,1.0,1.94,178.0,84.0,5.0,71.4,9.0,3.0,3.0,13.0,5.0,23.8,25.0,34.2,4.0,36.4,381.0,43.0,8.0,2.0,14.0,5.0,12.0,21.0,5.0,5.0,0.0,15.0,9.87,2.0,0.0,1.0,,,,,,,,,,,
1393439,Bayer Leverkusen,Eliesse Ben Seghir,FW / MF / Central Midfielder / CM / Left Midfielder / LM / Attacking Midfielder / AM / Left Winger / LW,196,6.82,36.4,0.0,0.12,0.26,0.12,4.0,1.0,0.0,0.88,96.0,85.7,1.0,50.0,5.0,2.0,1.0,16.7,6.0,54.5,17.0,56.7,3.0,60.0,160.0,9.0,3.0,5.0,3.0,1.0,3.0,11.0,2.0,1.0,0.0,2.0,1.67,2.0,0.0,,,,,,1.0,,,,,,
1367924,Eintracht Frankfurt,Can Uzun,FW / MF / Central Midfielder / CM / Attacking Midfielder / AM / Left Winger / LW / Striker / ST,808,7.08,52.2,6.0,2.58,3.9,1.8,27.0,10.0,3.0,2.22,317.0,81.9,15.0,65.2,13.0,4.0,3.0,21.4,6.0,31.6,39.0,42.4,5.0,50.0,558.0,33.0,17.0,18.0,10.0,1.0,12.0,38.0,8.0,8.0,0.0,15.0,10.79,2.0,0.0,1.0,1.0,,,2.0,3.0,,,,,,
947901,Eintracht Frankfurt,Jonathan Burkardt,FW / Striker / ST,685,7.27,38.6,8.0,6.03,5.2,5.24,24.0,12.0,0.0,0.38,89.0,74.2,6.0,75.0,6.0,,,,5.0,62.5,23.0,32.9,8.0,23.5,218.0,40.0,10.0,7.0,3.0,1.0,8.0,9.0,2.0,,1.0,7.0,6.64,1.0,0.0,,1.0,1.0,,7.0,3.0,,,,,,
248689,Eintracht Frankfurt,Michy Batshuayi,FW / Striker / ST,134,6.23,2.3,1.0,1.13,0.98,0.34,5.0,1.0,0.0,0.2,28.0,73.7,1.0,100.0,2.0,,,,1.0,50.0,6.0,26.1,3.0,21.4,64.0,12.0,4.0,1.0,1.0,,2.0,6.0,,,0.0,5.0,3.12,0.0,0.0,,1.0,,,,1.0,,,,,,
583601,Galatasaray,Roland Sallai,DF / Right Back / RB / Right Wing-Back / RWB / Left Wing-Back / LWB / Left Midfielder / LM / Right Winger / RW / Attacking Midfielder / AM / Left Winger / LW / Striker / ST,1430,7.37,10.6,1.0,1.38,1.38,1.38,18.0,7.0,3.0,2.25,681.0,88.9,35.0,57.4,18.0,4.0,18.0,28.1,6.0,54.5,86.0,57.0,18.0,54.5,1136.0,42.0,6.0,26.0,36.0,16.0,33.0,68.0,6.0,8.0,6.0,9.0,15.4,2.0,1.0,,,1.0,,3.0,18.0,,,,,,
1041660,Galatasaray,Evren Eren Elmali,DF / Left Back / LB / Left Wing-Back / LWB / Left Winger / LW,837,7.26,5.3,3.0,0.8,1.97,0.8,8.0,4.0,0.0,1.31,378.0,88.7,13.0,59.1,12.0,3.0,7.0,30.4,5.0,62.5,47.0,56.0,17.0,65.4,635.0,16.0,9.0,9.0,16.0,4.0,8.0,41.0,2.0,8.0,3.0,3.0,8.91,1.0,0.0,3.0,,,,3.0,20.0,,,,,,
530859,Galatasaray,Leroy Sané,FW / Right Midfielder / RM / Left Midfielder / LM / Right Winger / RW / Attacking Midfielder / AM / Left Winger / LW,1489,7.71,25.0,6.0,5.54,4.38,5.54,39.0,11.0,3.0,4.36,586.0,84.4,14.0,53.8,31.0,10.0,13.0,24.1,45.0,57.7,85.0,47.5,5.0,45.5,1052.0,78.0,26.0,9.0,26.0,9.0,17.0,92.0,14.0,13.0,5.0,12.0,15.6,0.0,0.0,,,,,1.0,2.0,,,,,,
178818,Galatasaray,Ilkay Gündogan,FW / MF / Defensive Midfielder / DM / Central Midfielder / CM / Attacking Midfielder / AM,867,7.58,2.9,2.0,2.1,1.74,2.1,10.0,2.0,3.0,1.63,594.0,93.8,32.0,91.4,19.0,4.0,5.0,33.3,5.0,55.6,39.0,60.9,6.0,75.0,750.0,11.0,0.0,10.0,18.0,8.0,10.0,49.0,7.0,10.0,1.0,7.0,9.73,1.0,0.0,4.0,,,,,7.0,,,,,,
890232,Galatasaray,Baris Alper Yilmaz,FW / Left Wing-Back / LWB / Right Midfielder / RM / Left Midfielder / LM / Right Winger / RW / Attacking Midfielder / AM / Left Winger / LW / Striker / ST,1360,7.58,21.4,5.0,5.8,5.47,4.22,42.0,19.0,7.0,2.96,309.0,78.0,11.0,50.0,37.0,6.0,22.0,35.5,34.0,57.6,108.0,49.3,26.0,55.3,728.0,107.0,23.0,33.0,15.0,3.0,31.0,52.0,4.0,13.0,2.0,12.0,15.13,4.0,0.0,,2.0,1.0,,8.0,5.0,,,,,,
845991,Galatasaray,Yunus Akgün,FW / Right Midfielder / RM / Right Winger / RW / Attacking Midfielder / AM / Left Winger / LW / Striker / ST,1042,7.4,16.5,3.0,3.48,2.85,3.48,23.0,7.0,6.0,3.38,375.0,87.8,11.0,68.8,23.0,6.0,6.0,27.3,18.0,48.6,41.0,44.6,2.0,33.3,610.0,56.0,14.0,9.0,12.0,7.0,3.0,48.0,10.0,12.0,1.0,7.0,8.18,0.0,0.0,,,,,1.0,4.0,,,,,,
282770,Galatasaray,Mauro Icardi,FW / Attacking Midfielder / AM / Striker / ST,820,7.12,3.2,9.0,7.71,9.4,7.71,41.0,16.0,0.0,0.67,120.0,75.9,6.0,37.5,7.0,1.0,1.0,16.7,4.0,66.7,16.0,32.0,10.0,34.5,260.0,59.0,5.0,2.0,,,6.0,15.0,3.0,3.0,2.0,8.0,11.65,1.0,0.0,,,,,13.0,12.0,,,,,,
887139,Galatasaray,Ahmed Kutucu,FW / Left Wing-Back / LWB / Right Midfielder / RM / Right Winger / RW / Left Winger / LW / Striker / ST,90,6.46,5.0,,,,,,,,,,,,,,,,,,,,,,,,,,,,,,,,,,,,,,,,,,,,,,,,,
902710,Galatasaray,Gabriel Sara,MF / Defensive Midfielder / DM / Central Midfielder / CM / Right Winger / RW / Attacking Midfielder / AM,1148,7.37,22.4,4.0,1.41,2.33,1.41,21.0,7.0,2.0,4.8,545.0,86.0,28.0,66.7,40.0,6.0,37.0,42.0,12.0,52.2,59.0,45.7,12.0,40.0,902.0,28.0,13.0,14.0,21.0,10.0,16.0,45.0,10.0,12.0,2.0,10.0,13.4,1.0,0.0,2.0,,,,2.0,15.0,,,,,,
906945,Galatasaray,Ismail Jakobs,DF / Left Back / LB / Left Midfielder / LM / Left Winger / LW,617,6.86,6.4,0.0,0.11,,0.11,3.0,,0.0,0.47,283.0,82.7,11.0,34.4,6.0,,8.0,25.0,5.0,45.5,38.0,65.5,13.0,65.0,536.0,6.0,1.0,5.0,15.0,6.0,7.0,27.0,1.0,,0.0,5.0,7.79,1.0,0.0,,,,,,32.0,,,,,,
612863,Napoli,Andre-Frank Zambo Anguissa,FW / MF / Defensive Midfielder / DM / Central Midfielder / CM / Attacking Midfielder / AM,936,7.51,30.0,4.0,2.22,3.41,2.22,19.0,8.0,1.0,1.04,413.0,84.6,7.0,46.7,10.0,1.0,4.0,26.7,7.0,50.0,64.0,53.3,30.0,65.2,659.0,36.0,15.0,12.0,15.0,10.0,10.0,53.0,2.0,10.0,4.0,10.0,12.91,1.0,0.0,3.0,,1.0,,8.0,11.0,,,,,,
169200,Napoli,Kevin De Bruyne,FW / MF / Defensive Midfielder / DM / Central Midfielder / CM / Attacking Midfielder / AM / Striker / ST,570,7.39,15.7,4.0,3.29,3.69,0.93,16.0,7.0,0.0,1.53,334.0,86.8,16.0,59.3,15.0,1.0,5.0,20.0,4.0,57.1,13.0,29.5,2.0,25.0,474.0,13.0,8.0,2.0,5.0,5.0,5.0,23.0,5.0,9.0,1.0,5.0,7.43,1.0,0.0,,3.0,,,,,,,,,,
793066,Napoli,David Neres,FW / Right Winger / RW / Attacking Midfielder / AM / Left Winger / LW / Striker / ST,927,6.88,21.2,3.0,1.54,1.68,1.54,17.0,4.0,3.0,3.21,270.0,81.6,4.0,66.7,21.0,9.0,13.0,24.5,19.0,38.0,40.0,35.1,4.0,22.2,564.0,35.0,12.0,7.0,10.0,1.0,19.0,28.0,8.0,2.0,0.0,7.0,10.61,3.0,0.0,3.0,,,,,2.0,,,,,,
1031656,Sporting CP,Maximiliano Araujo,DF / Left Back / LB / Left Wing-Back / LWB / Left Midfielder / LM / Attacking Midfielder / AM / Left Winger / LW / Striker / ST,1075,7.4,15.0,4.0,4.11,4.31,4.11,24.0,8.0,2.0,1.49,364.0,83.5,11.0,45.8,18.0,1.0,15.0,34.9,13.0,48.1,74.0,46.5,11.0,39.3,756.0,53.0,12.0,26.0,24.0,13.0,25.0,46.0,8.0,17.0,2.0,6.0,7.01,5.0,1.0,2.0,,,,6.0,17.0,,,,,,
1530314,Sporting CP,Geovany Quenda,FW / Right Wing-Back / RWB / Right Midfielder / RM / Left Midfielder / LM / Right Winger / RW / Attacking Midfielder / AM / Left Winger / LW / Striker / ST,661,7.1,50.0,1.0,1.49,1.07,1.49,13.0,5.0,4.0,2.09,229.0,76.6,14.0,48.3,15.0,3.0,3.0,12.5,12.0,41.4,40.0,44.0,2.0,14.3,458.0,23.0,14.0,14.0,12.0,4.0,4.0,46.0,5.0,4.0,2.0,2.0,3.56,0.0,0.0,,,,,1.0,8.0,,,,,,
732282,Sporting CP,Trincao,FW / Right Midfielder / RM / Right Winger / RW / Attacking Midfielder / AM / Left Winger / LW / Striker / ST,1643,7.77,30.0,4.0,4.03,3.9,4.03,44.0,15.0,7.0,5.1,629.0,84.9,18.0,60.0,49.0,11.0,17.0,21.5,30.0,41.7,76.0,49.0,6.0,75.0,1102.0,62.0,20.0,17.0,23.0,6.0,11.0,71.0,15.0,7.0,9.0,9.0,10.59,0.0,0.0,1.0,,2.0,,,11.0,,,,,,
875133,Sporting CP,Pedro Goncalves,FW / Attacking Midfielder / AM / Left Winger / LW / Striker / ST,1019,7.84,33.4,9.0,5.96,7.03,5.17,48.0,25.0,5.0,3.63,378.0,79.2,17.0,63.0,35.0,8.0,18.0,38.3,17.0,48.6,38.0,45.2,5.0,55.6,715.0,59.0,11.0,9.0,7.0,3.0,4.0,41.0,5.0,9.0,1.0,7.0,6.58,4.0,0.0,1.0,1.0,,,2.0,6.0,,,,,,
792303,Sporting CP,Luis Suárez,FW / Left Winger / LW / Striker / ST,1606,7.98,23.0,17.0,14.07,15.19,12.5,90.0,40.0,4.0,2.44,255.0,73.3,7.0,46.7,30.0,8.0,,,22.0,57.9,83.0,45.9,20.0,42.6,655.0,161.0,26.0,29.0,14.0,1.0,31.0,34.0,14.0,5.0,4.0,9.0,10.4,4.0,0.0,1.0,2.0,,,9.0,9.0,,,,,,
899701,Sporting CP,Fotis Ioannidis,FW / Attacking Midfielder / AM / Striker / ST,445,6.79,22.8,3.0,1.78,2.99,1.78,9.0,5.0,0.0,0.35,76.0,85.4,1.0,100.0,10.0,2.0,1.0,50.0,9.0,60.0,36.0,56.2,8.0,47.1,180.0,20.0,8.0,10.0,9.0,,5.0,6.0,1.0,1.0,0.0,2.0,3.28,0.0,0.0,1.0,,,,5.0,5.0,,,,,,
1780058,Kairat Almaty,Aleksandr Mrynskiy,DF / FW / Right Back / RB / Right Wing-Back / RWB / Right Midfielder / RM / Right Winger / RW,714,6.49,331.5,0.0,0.24,,0.24,4.0,,1.0,0.54,157.0,78.5,3.0,17.6,10.0,,7.0,35.0,3.0,30.0,29.0,41.4,6.0,46.2,361.0,12.0,9.0,6.0,14.0,7.0,5.0,26.0,,13.0,1.0,22.0,23.45,1.0,0.0,2.0,,,1.0,1.0,23.0,32.6,76812.6,19944.1,54987.4,1881.1,89.0
1209942,Kairat Almaty,Jorginho,FW / Attacking Midfielder / AM / Right Winger / RW / Striker / ST / Left Winger / LW,120,6.57,412.2,,,,,,,,,,,,,,,,,,,,,,,,,,,,,,,,,,,,,,,,,,,,,,,,,
841384,Kairat Almaty,Valeri Gromyko,FW / MF / Defensive Midfielder / DM / Right Midfielder / RM / Central Midfielder / CM / Left Midfielder / LM / Right Winger / RW / Attacking Midfielder / AM / Left Winger / LW,120,6.39,475.8,,,,,,,,,,,,,,,,,,,,,,,,,,,,,,,,,,,,,,,,,,,,,,,,,
1684584,Kairat Almaty,Dastan Satpaev,FW / Left Midfielder / LM / Attacking Midfielder / AM / Left Winger / LW / Striker / ST,105,6.41,4.2,,,,,,,,,,,,,,,,,,,,,,,,,,,,,,,,,,,,,,,,,,,,,,,,,
1402626,Kairat Almaty,Edmilson Filho,FW / Attacking Midfielder / AM / Right Winger / RW / Striker / ST,83,6.59,230.0,,,,,,,,,,,,,,,,,,,,,,,,,,,,,,,,,,,,,,,,,,,,,,,,,
1238739,Kairat Almaty (on loan),Ricardinho,FW / Striker / ST / Left Winger / LW,80,7.28,483.1,,,,,,,,,,,,,,,,,,,,,,,,,,,,,,,,,,,,,,,,,,,,,,,,,
1178444,Club Brugge,Cisse Sandra,MF / Defensive Midfielder / DM / Central Midfielder / CM / Right Winger / RW / Attacking Midfielder / AM,347,6.66,1.7,1.0,0.75,0.25,0.75,10.0,2.0,0.0,0.25,104.0,83.9,5.0,71.4,6.0,,,,2.0,33.3,14.0,37.8,7.0,70.0,193.0,20.0,4.0,1.0,4.0,3.0,7.0,11.0,1.0,5.0,1.0,2.0,4.89,1.0,0.0,2.0,,,,2.0,7.0,,,,,,
1178453,Club Brugge,Romeo Vermant,FW / Attacking Midfielder / AM / Left Winger / LW / Striker / ST,982,6.98,9.4,7.0,4.31,4.83,4.31,34.0,12.0,2.0,0.88,216.0,74.7,8.0,72.7,12.0,2.0,,,3.0,25.0,62.0,40.3,25.0,42.4,465.0,57.0,17.0,22.0,13.0,3.0,25.0,34.0,5.0,8.0,1.0,11.0,13.36,2.0,0.0,2.0,,,1.0,9.0,10.0,,,,,,
837064,Club Brugge,Hugo Vetlesen,FW / Defensive Midfielder / DM / Right Winger / RW / Attacking Midfielder / AM / Striker / ST,534,6.94,2.7,2.0,1.49,1.7,1.49,12.0,6.0,1.0,1.42,182.0,80.5,5.0,41.7,6.0,1.0,3.0,25.0,7.0,58.3,29.0,38.7,3.0,20.0,344.0,21.0,11.0,7.0,12.0,1.0,14.0,21.0,,4.0,0.0,13.0,11.08,2.0,0.0,3.0,,,,1.0,7.0,,,,,,
1599319,Club Brugge NXT,Shandre Campbell,FW / Right Winger / RW / Left Winger / LW,90,6.28,1.6,,,,,,,,,,,,,,,,,,,,,,,,,,,,,,,,,,,,,,,,,,,,,,,,,
1086551,Bodø/Glimt,Ole Blomberg,FW / Right Winger / RW / Striker / ST / Left Winger / LW,1207,7.39,693.1,7.0,3.97,5.39,3.97,30.0,15.0,4.0,3.82,376.0,81.6,8.0,66.7,25.0,5.0,17.0,27.4,15.0,39.5,55.0,47.0,11.0,42.3,720.0,90.0,9.0,22.0,8.0,6.0,13.0,27.0,5.0,4.0,3.0,8.0,10.76,1.0,0.0,,,,,,,,,,,,
1161870,Bodø/Glimt,Anders Klynge,MF / Defensive Midfielder / DM / Central Midfielder / CM / Attacking Midfielder / AM / Right Winger / RW,157,6.35,1.0,0.0,0.58,0.52,0.58,7.0,1.0,0.0,0.87,55.0,87.3,1.0,50.0,7.0,1.0,2.0,22.2,,,4.0,28.6,,,101.0,22.0,3.0,2.0,2.0,2.0,1.0,4.0,1.0,2.0,0.0,1.0,2.44,1.0,0.0,,,,,,,,,,,,
687681,Galatasaray,Victor Osimhen,FW / Right Winger / RW / Striker / ST,929,7.38,76.9,7.0,6.68,8.56,6.68,44.0,22.0,0.0,0.83,113.0,73.9,1.0,20.0,13.0,2.0,3.0,42.9,2.0,15.4,56.0,46.7,33.0,60.0,323.0,93.0,11.0,14.0,7.0,2.0,21.0,22.0,10.0,,2.0,8.0,10.22,4.0,0.0,1.0,,,,13.0,11.0,,,,,,
209786,Ajax,Steven Berghuis,FW / Defensive Midfielder / DM / Central Midfielder / CM / Right Winger / RW / Attacking Midfielder / AM / Striker / ST / Left Winger / LW,461,7.29,1.8,1.0,1.56,1.62,1.56,20.0,10.0,2.0,2.38,281.0,87.3,22.0,62.9,17.0,2.0,13.0,37.1,1.0,16.7,12.0,48.0,3.0,100.0,433.0,33.0,7.0,4.0,5.0,4.0,3.0,20.0,7.0,,1.0,4.0,4.77,0.0,0.0,2.0,,,,1.0,2.0,,,,,,
950504,Pafos FC,Mons Bassouamina,FW / Left Winger / LW / Striker / ST,90,0.17,578.1,,,,,,,,,,,,,,,,,,,,,,,,,,,,,,,,,,,,,,,,,,,,,,,,,
749484,Pafos FC,Quina,MF / Defensive Midfielder / DM / Left Wing-Back / LWB / Central Midfielder / CM / Left Midfielder / LM / Right Winger / RW / Attacking Midfielder / AM / Left Winger / LW,87,0.65,900.0,,,,,,,,,,,,,,,,,,,,,,,,,,,,,,,,,,,,,,,,,,,,,,,,,
352994,Bayern München,Raphaël Guerreiro,DF / Right Back / RB / Left Back / LB / Defensive Midfielder / DM / Attacking Midfielder / AM,426,7.24,3.0,3.0,1.64,2.32,1.64,6.0,3.0,2.0,0.79,275.0,90.8,2.0,66.7,11.0,2.0,,,3.0,37.5,11.0,44.0,1.0,33.3,356.0,22.0,5.0,1.0,6.0,1.0,2.0,20.0,4.0,,0.0,1.0,4.19,0.0,0.0,1.0,,,,,5.0,,,,,,
1392225,Qarabag FK,Nariman Akhundzade,FW / Striker / ST,90,5.94,2.1,,,,,,,,,,,,,,,,,,,,,,,,,,,,,,,,,,,,,,,,,,,,,,,,,
1178319,Union St.Gilloise,Louis Patris,MF / Right Back / RB / Right Wing-Back / RWB / Left Wing-Back / LWB / Right Midfielder / RM / Attacking Midfielder / AM,1035,7.2,2.3,0.0,0.91,0.57,0.91,8.0,3.0,2.0,2.5,316.0,68.1,14.0,23.7,21.0,3.0,12.0,28.6,10.0,58.8,87.0,60.4,22.0,66.7,760.0,34.0,8.0,9.0,46.0,18.0,15.0,47.0,5.0,17.0,3.0,7.0,10.79,1.0,0.0,1.0,,,,1.0,32.0,,,,,,
575225,Olympiacos,Gelson Martins,FW / Right Midfielder / RM / Right Winger / RW / Attacking Midfielder / AM / Left Winger / LW / Striker / ST,737,7.16,1.3,1.0,1.31,1.61,1.31,25.0,8.0,0.0,1.35,242.0,79.3,5.0,33.3,20.0,2.0,11.0,26.8,31.0,58.5,69.0,51.9,2.0,13.3,530.0,63.0,16.0,25.0,11.0,3.0,7.0,38.0,9.0,6.0,1.0,4.0,6.55,0.0,0.0,,,1.0,,,,,,,,,
1699549,Paris Saint-Germain,Quentin Ndjantou,MF / Central Midfielder / CM / Striker / ST,356,6.6,6.5,1.0,1.49,1.25,1.49,9.0,3.0,1.0,0.35,167.0,84.3,4.0,100.0,5.0,,,,6.0,60.0,10.0,31.2,,,252.0,15.0,1.0,2.0,2.0,2.0,7.0,13.0,1.0,4.0,0.0,3.0,2.61,1.0,0.0,1.0,,,,,2.0,,,,,,
805767,PSV Eindhoven,Dennis Man,FW / Right Midfielder / RM / Central Midfielder / CM / Right Winger / RW / Striker / ST / Left Winger / LW,899,7.43,12.4,3.0,2.27,2.19,2.27,23.0,8.0,6.0,3.01,337.0,83.4,6.0,60.0,20.0,3.0,5.0,45.5,26.0,48.1,59.0,48.8,10.0,55.6,602.0,61.0,9.0,16.0,8.0,3.0,9.0,52.0,8.0,8.0,0.0,12.0,8.58,0.0,0.0,1.0,,,,4.0,5.0,,,,,,
1184693,Jong PSV,Couhaib Driouech,FW / Left Midfielder / LM / Left Winger / LW,559,6.62,4.6,1.0,1.49,0.89,1.49,17.0,5.0,3.0,1.36,168.0,78.9,8.0,53.3,11.0,4.0,6.0,28.6,3.0,30.0,21.0,38.2,2.0,22.2,327.0,37.0,3.0,5.0,11.0,1.0,13.0,25.0,2.0,5.0,1.0,10.0,8.58,2.0,0.0,,,,,,3.0,,,,,,
1346860,PSV Eindhoven,Esmir Bajraktarevic,FW / Right Midfielder / RM / Central Midfielder / CM / Right Winger / RW / Striker / ST,524,6.78,4.5,2.0,1.21,2.62,1.21,23.0,8.0,2.0,1.53,188.0,86.2,4.0,80.0,11.0,3.0,6.0,23.1,12.0,41.4,32.0,47.8,1.0,14.3,362.0,32.0,2.0,12.0,7.0,2.0,4.0,21.0,5.0,6.0,1.0,6.0,6.64,0.0,0.0,,,,,,4.0,,,,,,
837341,Galatasaray (on loan),Noa Lang,FW / Attacking Midfielder / AM / Left Winger / LW,662,6.81,25.0,1.0,0.79,0.86,0.79,9.0,4.0,2.0,2.08,212.0,78.8,12.0,80.0,15.0,4.0,11.0,25.0,8.0,40.0,37.0,52.9,6.0,46.2,411.0,24.0,7.0,11.0,12.0,2.0,5.0,32.0,6.0,2.0,0.0,4.0,5.39,2.0,0.0,,,,,1.0,1.0,,,,,,
1088753,Sporting CP,Geny Catamo,FW / Right Wing-Back / RWB / Right Midfielder / RM / Right Winger / RW / Left Winger / LW,875,7.34,16.6,4.0,1.29,2.53,1.29,20.0,12.0,2.0,1.76,293.0,84.4,10.0,66.7,12.0,3.0,7.0,23.3,18.0,37.5,52.0,47.7,3.0,42.9,561.0,44.0,13.0,19.0,12.0,2.0,8.0,43.0,7.0,5.0,1.0,6.0,6.36,1.0,0.0,,,,,,4.0,,,,,,
1210508,Olympiacos,Diogo Nascimento,MF / Defensive Midfielder / DM / Central Midfielder / CM / Attacking Midfielder / AM,522,7.12,3.7,1.0,0.32,0.55,0.32,9.0,3.0,1.0,0.64,314.0,90.0,15.0,65.2,9.0,,1.0,10.0,6.0,50.0,32.0,57.1,4.0,44.4,449.0,17.0,5.0,13.0,9.0,4.0,7.0,33.0,1.0,1.0,0.0,2.0,3.42,0.0,0.0,3.0,,,,,,,,,,,
1786952,Kairat Almaty U19,Azamat Tuyakbayev,MF / Attacking Midfielder / AM / Right Winger / RW / Striker / ST,90,6.3,,,,,,,,,,,,,,,,,,,,,,,,,,,,,,,,,,,,,,,,,,,,,,,,,,
1761869,Bayer 04 Leverkusen Under 17,Jeremiah Mensah,MF / Right Midfielder / RM / Central Midfielder / CM / Attacking Midfielder / AM,90,6.1,,,,,,,,,,,,,,,,,,,,,,,,,,,,,,,,,,,,,,,,,,,,,,,,,,
1320887,FC København,William Clem,FW / MF / Center Back / CB / Defensive Midfielder / DM / Central Midfielder / CM,434,6.52,4.0,0.0,0.14,0.09,0.14,6.0,2.0,0.0,0.4,252.0,86.0,12.0,48.0,3.0,,1.0,33.3,1.0,50.0,19.0,46.3,3.0,42.9,353.0,2.0,1.0,4.0,11.0,11.0,9.0,23.0,3.0,8.0,0.0,5.0,4.03,0.0,0.0,,,,,,,,,,,,
1509069,FC København,Viktor Dadason,FW / Striker / ST,90,6.39,,,,,,,,,,,,,,,,,,,,,,,,,,,,,,,,,,,,,,,,,,,,,,,,,,
1506829,Union St.Gilloise,Raul Florucz,FW / Right Midfielder / RM / Attacking Midfielder / AM / Right Winger / RW / Striker / ST,1026,7.02,3.8,7.0,6.39,6.56,4.81,38.0,13.0,3.0,1.48,154.0,70.3,5.0,50.0,15.0,3.0,7.0,33.3,10.0,28.6,36.0,31.3,3.0,20.0,451.0,66.0,23.0,10.0,13.0,4.0,10.0,36.0,13.0,11.0,0.0,4.0,7.59,0.0,0.0,,2.0,,,,3.0,,,,,,
1037037,Bodø/Glimt,Isak Dybvik Määttä,FW / Left Back / LB / Right Winger / RW / Striker / ST / Left Winger / LW,735,6.78,1.3,1.0,2.9,2.39,2.9,15.0,9.0,6.0,2.12,284.0,90.2,9.0,69.2,12.0,3.0,5.0,45.5,11.0,37.9,30.0,43.5,6.0,50.0,473.0,56.0,4.0,4.0,9.0,3.0,8.0,27.0,8.0,3.0,1.0,10.0,9.66,2.0,0.0,,,,,,,,,,,,
1509423,Slavia Prague,David Moses,MF / Center Back / CB / Right Wing-Back / RWB / Defensive Midfielder / DM / Left Wing-Back / LWB / Right Midfielder / RM / Central Midfielder / CM / Left Winger / LW,1009,7.05,8.8,0.0,,,,12.0,1.0,2.0,,267.0,76.3,17.0,43.6,13.0,3.0,6.0,30.0,9.0,36.0,77.0,58.8,12.0,63.2,579.0,20.0,12.0,24.0,32.0,10.0,13.0,68.0,8.0,7.0,2.0,9.0,,3.0,0.0,1.0,,,,,,,,,,,
766606,Slavia Prague,Erik Prekop,FW / Attacking Midfielder / AM / Striker / ST / Left Winger / LW,553,6.44,953.1,1.0,,,,23.0,11.0,1.0,,76.0,63.9,,,8.0,,,,4.0,33.3,51.0,43.6,33.0,51.6,239.0,52.0,14.0,11.0,3.0,,12.0,7.0,1.0,1.0,0.0,4.0,,2.0,0.0,1.0,,1.0,,,,,,,,,
1681812,Slavia Prague,Youssoupha Sanyang,FW / Left Midfielder / LM / Attacking Midfielder / AM / Left Winger / LW / Right Winger / RW,314,7.46,2.4,1.0,,,,4.0,1.0,0.0,,80.0,70.8,10.0,47.6,1.0,,1.0,12.5,2.0,25.0,22.0,45.8,9.0,75.0,212.0,9.0,4.0,4.0,7.0,6.0,6.0,20.0,3.0,7.0,1.0,6.0,,0.0,0.0,,,,,,,,,,,,
1692886,Bayern München U19,Wisdom Mike,FW / Left Winger / LW / Striker / ST,90,5.88,,,,,,,,,,,,,,,,,,,,,,,,,,,,,,,,,,,,,,,,,,,,,,,,,,
1693359,Chelsea U18,Reggie Walsh,MF / Defensive Midfielder / DM / Central Midfielder / CM / Attacking Midfielder / AM,833,7.57,30.0,2.0,,,,14.0,5.0,3.0,,422.0,89.0,17.0,70.8,25.0,4.0,,,4.0,50.0,39.0,47.0,3.0,37.5,595.0,35.0,13.0,16.0,16.0,6.0,13.0,35.0,,9.0,1.0,17.0,,2.0,0.0,,,,,,,,,,,,
1636592,Arsenal U18,Andre Harriman-Annous,FW / Attacking Midfielder / AM / Left Winger / LW / Striker / ST,589,6.91,20.0,2.0,,,,19.0,9.0,1.0,,96.0,84.2,4.0,80.0,10.0,3.0,,,2.0,50.0,18.0,35.3,6.0,25.0,207.0,37.0,7.0,6.0,4.0,2.0,6.0,9.0,,1.0,0.0,11.0,,0.0,0.0,1.0,1.0,,,,,,,,,,
313981,FC København,Andreas Cornelius,FW / Striker / ST,494,6.21,534.4,0.0,1.6,0.58,1.6,12.0,2.0,0.0,0.66,60.0,54.1,,,4.0,1.0,,,,,34.0,44.7,30.0,52.6,192.0,28.0,5.0,3.0,1.0,2.0,9.0,12.0,1.0,1.0,0.0,9.0,7.77,2.0,0.0,,,,,,,,,,,,
1699296,Ajax,Rayane Bounida,MF / Defensive Midfielder / DM / Central Midfielder / CM / Right Winger / RW / Attacking Midfielder / AM / Left Winger / LW,321,7.32,1.4,0.0,1.38,1.25,1.38,18.0,4.0,3.0,1.55,147.0,84.5,7.0,58.3,16.0,3.0,5.0,22.7,7.0,70.0,31.0,59.6,3.0,33.3,278.0,34.0,3.0,12.0,9.0,,6.0,15.0,,4.0,0.0,5.0,4.39,2.0,0.0,1.0,,,,,5.0,,,,,,
1814264,Marseille B,Tadjidine Mmadi,FW / Right Winger / RW / Left Winger / LW,90,5.72,350.0,,,,,,,,,,,,,,,,,,,,,,,,,,,,,,,,,,,,,,,,,,,,,,,,,
1418747,Benfica,Joao Rego,FW / Right Winger / RW / Attacking Midfielder / AM / Left Winger / LW,90,6.51,1.8,,,,,,,,,,,,,,,,,,,,,,,,,,,,,,,,,,,,,,,,,,,,,,,,,
877700,Bayer Leverkusen,Nathan Tella,MF / Right Wing-Back / RWB / Left Wing-Back / LWB / Right Midfielder / RM / Attacking Midfielder / AM / Striker / ST / Left Winger / LW,447,6.95,17.4,0.0,1.04,0.4,1.04,8.0,2.0,2.0,1.09,90.0,81.8,4.0,80.0,10.0,2.0,,,6.0,50.0,27.0,44.3,5.0,38.5,198.0,19.0,7.0,10.0,6.0,2.0,9.0,19.0,5.0,4.0,0.0,10.0,7.84,2.0,0.0,,,1.0,,,6.0,,,,,,
1641041,Marseille,Darryl Bakola,FW / MF / Defensive Midfielder / DM / Central Midfielder / CM / Attacking Midfielder / AM,90,6.13,1.7,,,,,,,,,,,,,,,,,,,,,,,,,,,,,,,,,,,,,,,,,,,,,,,,,
1712326,Sporting CP B,Salvador Blopa,MF / Right Back / RB / Center Back / CB / Right Midfielder / RM / Left Midfielder / LM / Right Winger / RW,90,6.23,2.8,,,,,,,,,,,,,,,,,,,,,,,,,,,,,,,,,,,,,,,,,,,,,,,,,
1083717,Eintracht Frankfurt,Jessic Ngankam,FW / Right Winger / RW / Striker / ST,85,5.57,1.1,,,,,,,,,,,,,,,,,,,,,,,,,,,,,,,,,,,,,,,,,,,,,,,,,
928122,Slavia Prague,Igoh Ogbu,DF / Center Back / CB / Striker / ST,322,6.78,10.2,0.0,,,,2.0,,0.0,,172.0,82.3,16.0,51.6,2.0,,1.0,33.3,,,26.0,59.1,23.0,69.7,255.0,3.0,1.0,,3.0,2.0,5.0,24.0,1.0,2.0,0.0,4.0,,2.0,0.0,,,,,,,,,,,,
710807,Qarabag FK,Jonathan Montiel,MF / Attacking Midfielder / AM,85,0.45,579.3,,,,,,,,,,,,,,,,,,,,,,,,,,,,,,,,,,,,,,,,,,,,,,,,,
1643770,Jong Ajax,Sean Steur,FW / MF / Defensive Midfielder / DM / Central Midfielder / CM / Attacking Midfielder / AM / Left Winger / LW / Striker / ST,345,7.04,730.0,0.0,0.84,0.56,0.84,4.0,4.0,0.0,0.39,170.0,89.0,5.0,100.0,9.0,,,,1.0,25.0,19.0,65.5,2.0,66.7,231.0,10.0,2.0,6.0,10.0,2.0,1.0,12.0,,3.0,0.0,3.0,4.39,0.0,0.0,,,,,,1.0,,,,,,
1665407,Ajax,Don-Angelo Konadu,FW / Left Winger / LW / Striker / ST,90,6.5,1.5,0.0,0.27,0.13,0.27,4.0,1.0,0.0,0.02,13.0,76.5,1.0,100.0,,,,,1.0,100.0,11.0,61.1,7.0,70.0,39.0,4.0,3.0,1.0,2.0,1.0,1.0,2.0,,,0.0,3.0,1.52,0.0,0.0,,,,,2.0,4.0,,,,,,
1413853,Brentford,Kaye Furo,FW / Striker / ST,90,6.67,4.5,,,,,,,,,,,,,,,,,,,,,,,,,,,,,,,,,,,,,,,,,,,,,,,,,
1830653,Kairat Almaty U19,Mansur Birkurmanov,FW / Striker / ST / Left Winger / LW,69,5.65,,,,,,,,,,,,,,,,,,,,,,,,,,,,,,,,,,,,,,,,,,,,,,,,,,
1316205,Napoli,Giuseppe Ambrosino,FW / Striker / ST / Left Winger / LW,90,6.08,4.4,,,,,,,,,,,,,,,,,,,,,,,,,,,,,,,,,,,,,,,,,,,,,,,,,
1793199,Bayer Leverkusen U19,Montrell Culbreath,FW / Right Winger / RW / Striker / ST,90,7.5,1.1,,,,,,,,,,,,,,,,,,,,,,,,,,,,,,,,,,,,,,,,,,,,,,,,,
1014980,Sporting CP,Daniel Braganca,MF / Central Midfielder / CM / Attacking Midfielder / AM,77,7.54,12.3,,,,,,,,,,,,,,,,,,,,,,,,,,,,,,,,,,,,,,,,,,,,,,,,,
1692109,Eintracht Frankfurt U19,Alexander Staff,FW / Striker / ST,90,6.4,,,,,,,,,,,,,,,,,,,,,,,,,,,,,,,,,,,,,,,,,,,,,,,,,,
1307981,Union St.Gilloise,Guilherme Smith,MF / Left Wing-Back / LWB / Left Midfielder / LM / Attacking Midfielder / AM / Striker / ST,268,7.61,391.7,0.0,0.17,0.09,0.17,3.0,1.0,0.0,0.56,46.0,70.8,4.0,57.1,2.0,1.0,2.0,25.0,11.0,64.7,31.0,73.8,1.0,100.0,145.0,10.0,2.0,8.0,11.0,5.0,1.0,14.0,2.0,2.0,1.0,1.0,2.97,1.0,0.0,,,,,,4.0,,,,,,
1385177,Union St.Gilloise,Mohammed Fuseini,FW / Attacking Midfielder / AM / Striker / ST / Left Winger / LW,90,5.83,4.8,,,,,,,,,,,,,,,,,,,,,,,,,,,,,,,,,,,,,,,,,,,,,,,,,
1797601,Royale Union Saint-Gilloise II,Sekou Keita,FW / Striker / ST,90,7.5,15.0,,,,,,,,,,,,,,,,,,,,,,,,,,,,,,,,,,,,,,,,,,,,,,,,,
1820080,Ajax U19,Pharell Nash,FW / Left Winger / LW / Right Winger / RW,90,5.99,20.0,,,,,,,,,,,,,,,,,,,,,,,,,,,,,,,,,,,,,,,,,,,,,,,,,
1692320,Arsenal U18,Brando Bailey-Joseph,FW / Right Winger / RW / Left Winger / LW,90,7.42,50.0,1.0,,,,1.0,1.0,0.0,,8.0,72.7,,,,,,,2.0,66.7,4.0,40.0,,,30.0,3.0,2.0,1.0,1.0,,,1.0,,2.0,0.0,0.0,,0.0,0.0,,,,,,,,,,,,
1684586,Kairat Almaty,Ramazan Bagdat,FW / Striker / ST / Left Winger / LW,90,6.19,100.0,,,,,,,,,,,,,,,,,,,,,,,,,,,,,,,,,,,,,,,,,,,,,,,,,
1695966,Villarreal B,Alassane Diatta,FW / MF / Left Midfielder / LM,65,6.28,230.0,,,,,,,,,,,,,,,,,,,,,,,,,,,,,,,,,,,,,,,,,,,,,,,,,
1793881,Eintracht Frankfurt U19,Marvin Dills,MF / Central Midfielder / CM / Right Winger / RW / Attacking Midfielder / AM,90,6.0,,,,,,,,,,,,,,,,,,,,,,,,,,,,,,,,,,,,,,,,,,,,,,,,,,
1699551,Jong PSV,Noah Fernandez,MF / Left Back / LB / Defensive Midfielder / DM / Central Midfielder / CM / Right Winger / RW / Attacking Midfielder / AM / Striker / ST,97,6.47,20.0,0.0,0.04,,0.04,1.0,,0.0,0.04,52.0,91.2,1.0,50.0,3.0,,,,1.0,50.0,8.0,61.5,,,74.0,1.0,0.0,1.0,6.0,,,7.0,,3.0,0.0,2.0,1.68,0.0,0.0,,,,,,,,,,,,
1477417,FC Midtjylland,Denil Castillo,MF / Defensive Midfielder / DM / Right Midfielder / RM / Central Midfielder / CM / Left Midfielder / LM / Attacking Midfielder / AM / Striker / ST,1037,7.27,1.3,3.0,2.16,2.9,2.16,12.0,5.0,4.0,1.19,335.0,87.2,12.0,54.5,14.0,3.0,4.0,50.0,8.0,53.3,64.0,50.8,11.0,37.9,573.0,19.0,13.0,27.0,18.0,16.0,20.0,54.0,7.0,6.0,2.0,11.0,14.2,3.0,0.0,4.0,,1.0,,,,,,,,,
1026781,FC Midtjylland,Gue-Sung Cho,FW / Attacking Midfielder / AM / Striker / ST,579,6.5,2.7,3.0,2.03,2.78,2.03,12.0,7.0,0.0,0.09,81.0,71.7,4.0,57.1,2.0,,,,4.0,33.3,29.0,31.5,13.0,30.2,218.0,27.0,14.0,5.0,7.0,1.0,10.0,11.0,1.0,1.0,2.0,6.0,7.8,1.0,0.0,1.0,,,,,,,,,,,
861811,FC Midtjylland,Junior Brumado,FW / Attacking Midfielder / AM / Left Winger / LW / Right Winger / RW / Striker / ST,626,6.53,722.2,1.0,2.09,1.91,2.09,16.0,8.0,2.0,0.49,108.0,64.3,3.0,42.9,4.0,1.0,,,12.0,50.0,62.0,45.9,23.0,47.9,324.0,29.0,17.0,19.0,8.0,1.0,16.0,23.0,6.0,5.0,1.0,9.0,9.35,4.0,0.0,,,,1.0,,,,,,,,
1374500,FC Midtjylland,Franculino,FW / Right Winger / RW / Attacking Midfielder / AM / Striker / ST,1220,7.7,18.1,16.0,10.55,11.25,9.76,42.0,25.0,3.0,2.32,211.0,78.7,9.0,60.0,16.0,4.0,2.0,20.0,16.0,39.0,50.0,40.0,9.0,36.0,507.0,93.0,17.0,11.0,14.0,5.0,12.0,40.0,12.0,6.0,0.0,15.0,15.97,4.0,0.0,3.0,1.0,,,,,,,,,,
1126769,FC Midtjylland,Aral Simsir,MF / Left Wing-Back / LWB / Right Midfielder / RM / Left Midfielder / LM / Attacking Midfielder / AM / Left Winger / LW / Right Winger / RW,1026,7.57,4.1,5.0,2.32,3.99,2.32,32.0,13.0,11.0,5.57,360.0,81.3,42.0,75.0,39.0,12.0,13.0,19.4,27.0,43.5,65.0,47.8,1.0,12.5,741.0,78.0,23.0,31.0,6.0,4.0,3.0,46.0,10.0,3.0,0.0,13.0,13.42,0.0,0.0,,,,1.0,,,,,,,,
848296,FC Midtjylland,Edward Chilufya,FW / Right Midfielder / RM / Attacking Midfielder / AM / Striker / ST,137,6.19,820.6,0.0,0.22,,0.22,3.0,,1.0,0.03,16.0,69.6,,,4.0,,,,,,7.0,46.7,4.0,66.7,45.0,8.0,2.0,2.0,2.0,1.0,3.0,4.0,1.0,1.0,0.0,1.0,2.39,0.0,1.0,,,,,,,,,,,,
1332217,FC Midtjylland,Valdemar Byskov,MF / Right Wing-Back / RWB / Defensive Midfielder / DM / Central Midfielder / CM / Right Winger / RW / Attacking Midfielder / AM / Striker / ST,480,7.05,2.0,5.0,1.61,1.98,1.61,14.0,8.0,2.0,1.51,229.0,81.8,21.0,56.8,12.0,2.0,10.0,32.3,8.0,50.0,26.0,44.1,1.0,16.7,420.0,17.0,4.0,9.0,9.0,8.0,5.0,42.0,7.0,11.0,1.0,8.0,7.49,2.0,0.0,2.0,,,,,,,,,,,
1087658,Rangers,Tochi Chukwuani,MF / Defensive Midfielder / DM / Central Midfielder / CM / Left Winger / LW / Striker / ST,90,6.8,4.0,0.0,0.39,0.25,0.39,1.0,1.0,0.0,0.32,28.0,90.3,,,,,,,,,1.0,33.3,1.0,33.3,37.0,2.0,0.0,,,,,2.0,,,0.0,0.0,0.21,0.0,0.0,,,,,,,,,,,,
978170,Sturm Graz,Tomi Horvat,FW / MF / Defensive Midfielder / DM / Right Midfielder / RM / Central Midfielder / CM / Left Midfielder / LM / Right Winger / RW / Attacking Midfielder / AM,1427,7.46,2.3,2.0,1.74,1.92,1.74,33.0,10.0,5.0,6.17,519.0,79.0,32.0,58.2,48.0,12.0,38.0,23.9,34.0,53.1,72.0,42.1,4.0,22.2,1117.0,46.0,22.0,13.0,21.0,7.0,14.0,87.0,11.0,20.0,4.0,19.0,20.86,0.0,0.0,2.0,,,,,,,,,,,
1233202,Sturm Graz,Seedy Jatta,FW / Attacking Midfielder / AM / Striker / ST,799,6.37,1.9,3.0,3.64,2.83,3.64,16.0,8.0,0.0,0.18,59.0,55.7,2.0,50.0,2.0,,1.0,14.3,10.0,41.7,40.0,32.5,15.0,28.8,262.0,40.0,14.0,10.0,5.0,3.0,13.0,12.0,3.0,6.0,1.0,10.0,11.51,2.0,0.0,,,,,,,,,,,,
1484822,Sturm Graz,Filip Rozga,FW / MF / Central Midfielder / CM / Left Midfielder / LM / Right Winger / RW / Attacking Midfielder / AM / Left Winger / LW / Striker / ST,430,6.61,2.7,1.0,0.33,0.3,0.33,7.0,2.0,1.0,0.99,106.0,69.3,5.0,45.5,7.0,3.0,4.0,26.7,15.0,48.4,52.0,49.1,3.0,33.3,316.0,24.0,15.0,16.0,18.0,2.0,11.0,21.0,4.0,7.0,0.0,4.0,7.14,1.0,0.0,1.0,,,,,,,,,,,
934742,Sturm Graz,Maurice Malone,FW / Attacking Midfielder / AM / Right Winger / RW / Striker / ST / Left Winger / LW,1196,6.69,1.9,3.0,6.04,5.1,6.04,49.0,20.0,1.0,0.99,188.0,71.5,4.0,44.4,10.0,1.0,4.0,22.2,14.0,48.3,65.0,42.2,32.0,40.5,500.0,82.0,12.0,16.0,3.0,1.0,14.0,18.0,5.0,3.0,1.0,19.0,18.49,2.0,0.0,1.0,,1.0,,,,,,,,,
1587610,Sturm Graz,Jacob Hodl,MF / Left Back / LB / Defensive Midfielder / DM / Right Midfielder / RM / Central Midfielder / CM / Right Winger / RW / Attacking Midfielder / AM,514,6.44,1.4,0.0,0.41,0.16,0.41,10.0,3.0,0.0,0.38,118.0,68.6,6.0,42.9,3.0,,,,17.0,41.5,54.0,47.0,7.0,53.8,340.0,18.0,14.0,8.0,22.0,3.0,16.0,30.0,1.0,6.0,0.0,11.0,9.32,2.0,0.0,1.0,,,,,,,,,,,
1385272,Sturm Graz,Leon Grgic,FW / Striker / ST,803,6.79,3.8,3.0,5.12,4.21,5.12,32.0,10.0,1.0,0.67,67.0,58.8,,,8.0,2.0,1.0,12.5,9.0,36.0,46.0,40.4,17.0,29.8,283.0,58.0,3.0,8.0,13.0,1.0,7.0,23.0,7.0,3.0,1.0,12.0,12.79,1.0,0.0,,,,,,,,,,,,
1385185,Sturm Graz,Belmin Beganovic,FW / Central Midfielder / CM / Left Winger / LW / Striker / ST,90,6.49,907.0,,,,,,,,,,,,,,,,,,,,,,,,,,,,,,,,,,,,,,,,,,,,,,,,,
158979,Sturm Graz,Stefan Hierländer,FW / Defensive Midfielder / DM,194,6.3,138.1,0.0,,,,0.0,,0.0,0.03,53.0,72.6,,,1.0,,,,4.0,57.1,14.0,50.0,4.0,66.7,113.0,3.0,1.0,4.0,3.0,4.0,5.0,5.0,1.0,3.0,0.0,2.0,3.22,0.0,0.0,1.0,,,,,,,,,,,
1226748,Sturm Graz,Julius Beck,MF / Defensive Midfielder / DM / Central Midfielder / CM / Attacking Midfielder / AM / Left Winger / LW / Striker / ST,90,6.47,650.0,,,,,,,,,,,,,,,,,,,,,,,,,,,,,,,,,,,,,,,,,,,,,,,,,
605252,PAOK Thessaloniki,Jonjoe Kenny,DF / Right Back / RB / Right Wing-Back / RWB / Right Midfielder / RM / Left Winger / LW,1143,7.07,1.5,0.0,0.26,0.09,0.26,7.0,1.0,1.0,1.43,439.0,82.4,45.0,54.9,10.0,1.0,5.0,16.7,6.0,42.9,67.0,57.8,24.0,64.9,860.0,23.0,11.0,18.0,19.0,20.0,8.0,46.0,5.0,9.0,5.0,12.0,10.81,3.0,0.0,2.0,,,,,,,,,,,
206825,PAOK Thessaloniki,Magomed Ozdoev,MF / Defensive Midfielder / DM / Central Midfielder / CM / Attacking Midfielder / AM,1070,7.47,746.9,7.0,2.47,4.78,2.47,24.0,10.0,2.0,2.13,463.0,83.7,27.0,52.9,16.0,3.0,3.0,33.3,1.0,25.0,34.0,42.5,12.0,41.4,706.0,49.0,4.0,5.0,17.0,15.0,18.0,53.0,5.0,6.0,3.0,8.0,7.28,3.0,0.0,2.0,,,,,,,,,,,
463268,PAOK Thessaloniki,Andrija Zivkovic,FW / Right Wing-Back / RWB / Right Midfielder / RM / Left Midfielder / LM / Right Winger / RW / Left Winger / LW,1069,7.61,6.5,1.0,4.15,2.54,2.57,25.0,10.0,8.0,3.87,366.0,75.6,26.0,52.0,36.0,12.0,22.0,22.7,14.0,56.0,44.0,45.4,10.0,52.6,752.0,56.0,6.0,10.0,11.0,9.0,11.0,68.0,10.0,17.0,4.0,8.0,8.18,4.0,0.0,1.0,1.0,,,,,,,,,,
1215014,PAOK Thessaloniki,Giannis Konstantelias,FW / MF / Defensive Midfielder / DM / Attacking Midfielder / AM / Left Winger / LW / Striker / ST,878,7.32,17.7,6.0,4.14,6.12,4.14,23.0,13.0,0.0,1.94,340.0,85.2,15.0,71.4,14.0,,5.0,45.5,25.0,46.3,61.0,44.2,3.0,60.0,638.0,83.0,26.0,22.0,11.0,3.0,16.0,28.0,6.0,4.0,2.0,8.0,7.46,1.0,0.0,,,1.0,,,,,,,,,
130589,PAOK Thessaloniki,Taison,FW / Left Midfielder / LM / Left Winger / LW / Striker / ST,1229,7.54,161.0,5.0,3.16,3.57,3.16,27.0,12.0,5.0,3.17,538.0,83.9,27.0,61.4,23.0,8.0,2.0,9.1,18.0,54.5,63.0,49.6,13.0,46.4,848.0,58.0,13.0,19.0,13.0,8.0,12.0,77.0,10.0,10.0,5.0,9.0,9.25,1.0,0.0,,,1.0,,,,,,,,,
372978,PAOK Thessaloniki (on loan),Georgios Giakoumakis,FW / Striker / ST,1013,7.3,4.3,7.0,7.6,6.44,6.81,40.0,15.0,1.0,1.82,134.0,69.1,1.0,20.0,10.0,,2.0,33.3,11.0,68.8,68.0,48.9,27.0,44.3,383.0,69.0,9.0,23.0,9.0,3.0,27.0,21.0,7.0,2.0,2.0,7.0,7.34,2.0,0.0,,1.0,,,,,,,,,,
364430,PAOK Thessaloniki,Kiril Despodov,FW / Left Midfielder / LM / Right Winger / RW / Attacking Midfielder / AM / Left Winger / LW / Striker / ST,603,6.82,5.4,2.0,1.67,2.35,0.88,13.0,6.0,0.0,3.31,126.0,74.1,3.0,75.0,21.0,5.0,25.0,30.9,5.0,45.5,32.0,56.1,5.0,50.0,345.0,40.0,7.0,14.0,8.0,2.0,4.0,20.0,5.0,4.0,1.0,5.0,4.05,1.0,0.0,,1.0,1.0,,,,,,,,,
819696,PAOK Thessaloniki,Mohamed Mady Camara,MF / Defensive Midfielder / DM / Central Midfielder / CM / Right Winger / RW / Attacking Midfielder / AM,282,6.52,8.0,0.0,0.97,1.32,0.97,9.0,5.0,0.0,0.22,134.0,82.2,6.0,60.0,1.0,,,,4.0,80.0,31.0,59.6,13.0,76.5,213.0,8.0,4.0,5.0,9.0,2.0,11.0,20.0,2.0,1.0,0.0,4.0,4.28,1.0,0.0,,,,,,,,,,,,
688287,PAOK Thessaloniki,Fedor Chalov,FW / Striker / ST,350,6.49,8.0,1.0,1.56,0.84,0.77,9.0,2.0,0.0,0.58,92.0,76.7,1.0,100.0,6.0,2.0,2.0,66.7,,,20.0,42.6,11.0,47.8,176.0,22.0,4.0,5.0,5.0,,5.0,10.0,2.0,4.0,0.0,4.0,2.54,0.0,0.0,,1.0,1.0,,,,,,,,,
688297,PAOK Thessaloniki (on loan),Luka Ivanusec,MF / Right Midfielder / RM / Central Midfielder / CM / Attacking Midfielder / AM / Left Winger / LW,368,6.92,2.1,0.0,0.83,0.01,0.83,9.0,1.0,2.0,1.85,133.0,84.7,3.0,75.0,11.0,3.0,10.0,58.8,11.0,64.7,29.0,59.2,4.0,44.4,253.0,18.0,5.0,5.0,9.0,6.0,2.0,21.0,6.0,2.0,0.0,6.0,3.92,2.0,0.0,1.0,,,,,,,,,,,
1124392,Maccabi Tel Aviv (on loan),Kristijan Belic,FW / MF / Defensive Midfielder / DM / Central Midfielder / CM / Attacking Midfielder / AM,472,6.25,2.5,0.0,,,,8.0,1.0,1.0,,276.0,89.6,21.0,72.4,5.0,,,,14.0,58.3,65.0,61.3,6.0,60.0,433.0,9.0,3.0,11.0,34.0,5.0,16.0,38.0,,10.0,1.0,3.0,,2.0,0.0,2.0,,,,,,,,,,,
580694,Maccabi Tel Aviv,Dor Peretz,FW / MF / Defensive Midfielder / DM / Right Midfielder / RM / Central Midfielder / CM / Attacking Midfielder / AM / Striker / ST,1384,7.18,1.1,9.0,,,,38.0,18.0,1.0,,278.0,79.7,10.0,66.7,11.0,2.0,1.0,33.3,3.0,20.0,62.0,51.2,24.0,53.3,532.0,72.0,9.0,24.0,12.0,5.0,13.0,37.0,,9.0,2.0,22.0,,3.0,0.0,2.0,1.0,1.0,,,,,,,,,
1233589,Maccabi Tel Aviv,Issouf Sissokho,FW / MF / Defensive Midfielder / DM / Central Midfielder / CM,1042,7.13,1.3,0.0,,,,12.0,1.0,1.0,,520.0,91.9,21.0,67.7,10.0,1.0,1.0,100.0,6.0,60.0,42.0,45.7,5.0,38.5,721.0,5.0,5.0,10.0,21.0,18.0,23.0,62.0,,10.0,4.0,16.0,,4.0,0.0,3.0,,,,,,,,,,,
1155249,Maccabi Tel Aviv,Osher Davida,FW / Right Midfielder / RM / Right Winger / RW / Striker / ST,1112,6.98,1.7,1.0,,,,30.0,10.0,2.0,,232.0,79.7,13.0,52.0,23.0,7.0,19.0,20.9,32.0,49.2,63.0,45.7,4.0,33.3,628.0,83.0,11.0,14.0,13.0,8.0,19.0,34.0,,4.0,1.0,13.0,,2.0,0.0,,,1.0,,,,,,,,,
557532,Maccabi Tel Aviv,Sagiv Jehezkel,FW / Right Wing-Back / RWB / Left Midfielder / LM / Right Winger / RW / Attacking Midfielder / AM / Left Winger / LW,902,6.86,602.2,3.0,,,,31.0,12.0,4.0,,218.0,75.2,10.0,62.5,13.0,5.0,14.0,18.9,19.0,54.3,46.0,44.7,6.0,46.2,520.0,67.0,11.0,10.0,11.0,2.0,16.0,38.0,,8.0,1.0,13.0,,3.0,0.0,,1.0,,,,,,,,,,
1249296,Maccabi Tel Aviv,Kervin Andrade,FW / MF / Right Midfielder / RM / Central Midfielder / CM / Left Midfielder / LM / Attacking Midfielder / AM / Left Winger / LW / Striker / ST,623,6.48,810.0,1.0,,,,23.0,4.0,0.0,,198.0,82.2,16.0,72.7,14.0,5.0,6.0,27.3,18.0,51.4,46.0,41.1,,,429.0,42.0,15.0,11.0,17.0,1.0,17.0,27.0,,11.0,0.0,8.0,,2.0,0.0,,,,,,,,,,,,
1524518,Maccabi Tel Aviv,Hélio Varela,FW / Central Midfielder / CM / Left Midfielder / LM / Right Winger / RW / Left Winger / LW,890,7.08,792.3,0.0,,,,19.0,7.0,1.0,,275.0,84.6,11.0,84.6,23.0,1.0,10.0,21.7,20.0,60.6,76.0,62.3,15.0,62.5,550.0,44.0,11.0,29.0,12.0,3.0,9.0,39.0,,5.0,0.0,15.0,,1.0,0.0,,,,,,,,,,,,
1559823,Maccabi Tel Aviv,Elad Madmon,FW / Left Midfielder / LM / Attacking Midfielder / AM / Left Winger / LW / Striker / ST,769,6.9,1.1,3.0,,,,25.0,9.0,1.0,,148.0,79.6,7.0,53.8,11.0,2.0,1.0,20.0,11.0,40.7,53.0,46.5,14.0,58.3,346.0,39.0,13.0,17.0,11.0,3.0,11.0,17.0,,11.0,0.0,7.0,,2.0,0.0,1.0,2.0,,,,,,,,,,
1116740,Maccabi Tel Aviv,Ido Shahar,MF / Defensive Midfielder / DM / Central Midfielder / CM / Attacking Midfielder / AM,972,7.19,392.5,9.0,,,,29.0,12.0,2.0,,260.0,80.7,16.0,51.6,23.0,4.0,8.0,24.2,3.0,50.0,33.0,42.3,5.0,31.2,513.0,51.0,15.0,11.0,14.0,10.0,8.0,48.0,,9.0,0.0,14.0,,1.0,1.0,,3.0,,,,,,,,,,
1503655,Braga (on loan),Gabriel Moscardo,FW / MF / Right Back / RB / Defensive Midfielder / DM / Central Midfielder / CM / Attacking Midfielder / AM / Left Winger / LW,282,6.32,11.0,0.0,0.22,0.35,0.22,4.0,1.0,0.0,0.44,134.0,81.2,1.0,20.0,2.0,1.0,,,2.0,40.0,27.0,56.2,15.0,71.4,208.0,11.0,2.0,2.0,8.0,1.0,7.0,10.0,1.0,4.0,0.0,2.0,2.55,1.0,0.0,1.0,,,,2.0,5.0,,,,,,
37549,Braga,Joao Moutinho,FW / MF / Defensive Midfielder / DM / Central Midfielder / CM / Attacking Midfielder / AM,1127,7.06,327.2,1.0,2.14,1.73,1.35,14.0,5.0,0.0,1.96,1030.0,90.5,30.0,60.0,9.0,2.0,2.0,22.2,4.0,57.1,51.0,48.1,16.0,48.5,1270.0,24.0,4.0,10.0,21.0,13.0,15.0,79.0,9.0,18.0,1.0,14.0,12.44,3.0,0.0,3.0,1.0,,,4.0,6.0,,,,,,
1281236,Braga,Leonardo Lelo,FW / MF / Center Back / CB / Left Back / LB / Left Wing-Back / LWB / Central Midfielder / CM / Left Midfielder / LM,1324,7.38,6.4,0.0,0.38,0.19,0.38,3.0,1.0,4.0,3.34,598.0,83.8,20.0,37.7,35.0,9.0,24.0,30.0,13.0,54.2,61.0,59.2,10.0,37.0,1109.0,17.0,4.0,23.0,18.0,13.0,5.0,60.0,8.0,5.0,3.0,15.0,15.26,0.0,0.0,2.0,,,,,24.0,,,,,,
1070776,Braga,Rodrigo Zalazar,FW / Right Midfielder / RM / Central Midfielder / CM / Right Winger / RW / Attacking Midfielder / AM / Left Winger / LW / Striker / ST,1185,7.44,19.4,8.0,7.28,7.87,2.54,46.0,16.0,2.0,3.12,525.0,83.9,15.0,60.0,26.0,5.0,11.0,24.4,33.0,49.3,95.0,46.6,17.0,39.5,991.0,67.0,30.0,36.0,9.0,3.0,13.0,51.0,11.0,10.0,1.0,15.0,14.63,5.0,0.0,,6.0,,,7.0,5.0,,,,,,
1123505,Braga,Amine El Ouazzani,FW / Striker / ST,566,6.91,4.6,2.0,2.96,2.71,2.17,15.0,5.0,0.0,0.34,77.0,81.9,3.0,100.0,8.0,,,,3.0,60.0,22.0,38.6,8.0,34.8,158.0,23.0,8.0,9.0,2.0,2.0,9.0,18.0,7.0,2.0,4.0,3.0,5.4,0.0,0.0,,1.0,,,2.0,1.0,,,,,,
432591,Braga,Ricardo Horta,FW / Central Midfielder / CM / Left Midfielder / LM / Right Winger / RW / Attacking Midfielder / AM / Left Winger / LW / Striker / ST,1124,7.44,10.1,7.0,5.56,5.71,3.19,33.0,19.0,1.0,2.46,486.0,88.4,17.0,60.7,26.0,2.0,20.0,27.4,3.0,27.3,36.0,47.4,5.0,45.5,776.0,55.0,6.0,11.0,17.0,4.0,15.0,31.0,11.0,6.0,2.0,9.0,13.04,1.0,1.0,1.0,2.0,1.0,,,8.0,,,,,,
671855,Braga,Fran Navarro,FW / Striker / ST,678,6.37,5.6,4.0,3.87,4.02,3.87,13.0,8.0,0.0,0.14,80.0,80.0,1.0,100.0,2.0,,,,5.0,38.5,24.0,31.2,4.0,16.7,195.0,25.0,13.0,7.0,8.0,2.0,9.0,13.0,3.0,4.0,0.0,10.0,11.25,1.0,0.0,,,,,3.0,1.0,,,,,,
1159237,Braga,Pau Victor,FW / Right Midfielder / RM / Attacking Midfielder / AM / Right Winger / RW / Striker / ST / Left Winger / LW,1181,6.91,12.6,4.0,5.13,6.0,5.13,26.0,13.0,1.0,0.88,379.0,84.2,10.0,55.6,7.0,1.0,3.0,30.0,17.0,54.8,59.0,48.8,11.0,47.8,650.0,67.0,10.0,18.0,14.0,3.0,19.0,35.0,5.0,9.0,2.0,15.0,11.7,3.0,0.0,,,,,2.0,9.0,,,,,,
1524670,Braga,Diego Rodrigues,MF / Defensive Midfielder / DM / Central Midfielder / CM / Attacking Midfielder / AM,474,6.95,100.0,1.0,0.32,0.07,0.32,7.0,2.0,1.0,0.75,248.0,91.2,10.0,71.4,9.0,1.0,6.0,30.0,6.0,50.0,30.0,52.6,3.0,75.0,371.0,7.0,7.0,9.0,12.0,5.0,9.0,19.0,3.0,4.0,3.0,1.0,6.96,0.0,0.0,1.0,,,,,2.0,,,,,,
947898,Feyenoord,Sem Steijn,FW / MF / Central Midfielder / CM / Attacking Midfielder / AM / Striker / ST,1026,7.41,17.3,7.0,7.57,7.6,6.78,36.0,16.0,2.0,3.58,252.0,83.4,7.0,63.6,31.0,8.0,17.0,41.5,3.0,75.0,22.0,43.1,7.0,53.8,454.0,57.0,6.0,4.0,8.0,1.0,7.0,33.0,6.0,10.0,3.0,13.0,10.68,0.0,0.0,,1.0,,,4.0,5.0,,,,,,
1228273,Feyenoord,Oussama Targhalline,FW / MF / Defensive Midfielder / DM / Central Midfielder / CM,964,7.51,6.9,1.0,0.16,0.36,0.16,3.0,2.0,2.0,1.15,492.0,87.2,15.0,68.2,9.0,3.0,,,6.0,66.7,72.0,58.1,16.0,44.4,722.0,5.0,9.0,14.0,36.0,18.0,14.0,61.0,3.0,7.0,3.0,14.0,11.14,1.0,0.0,2.0,,,,,14.0,,,,,,
1080520,Feyenoord,Goncalo Borges,FW / Right Midfielder / RM / Right Winger / RW / Left Winger / LW / Attacking Midfielder / AM,301,7.07,5.0,2.0,1.12,1.78,1.12,7.0,4.0,1.0,0.58,56.0,81.2,1.0,50.0,5.0,2.0,4.0,30.8,4.0,57.1,13.0,39.4,,,131.0,25.0,8.0,5.0,4.0,1.0,1.0,15.0,5.0,7.0,0.0,4.0,4.51,0.0,0.0,,,,,,2.0,,,,,,
1102240,Feyenoord,Casper Tengstedt,FW / Striker / ST,142,6.76,5.9,2.0,1.74,1.94,1.74,9.0,5.0,0.0,0.07,18.0,69.2,3.0,100.0,3.0,,,,,,4.0,36.4,1.0,20.0,48.0,15.0,0.0,3.0,,,,1.0,,1.0,0.0,6.0,3.04,0.0,0.0,,,,,1.0,,,,,,,
1675966,Feyenoord,Gaoussou Diarra,FW / Left Winger / LW / Striker / ST,160,6.98,2.0,0.0,0.17,0.41,0.17,6.0,2.0,0.0,0.15,37.0,71.2,2.0,50.0,,,,,6.0,60.0,12.0,54.5,1.0,25.0,92.0,8.0,1.0,2.0,3.0,1.0,2.0,11.0,2.0,,0.0,0.0,1.53,0.0,0.0,,,,,,2.0,,,,,,
1256180,Feyenoord,Luciano Valente,MF / Defensive Midfielder / DM / Central Midfielder / CM / Right Winger / RW / Attacking Midfielder / AM / Striker / ST,1426,7.36,17.8,1.0,2.19,1.86,2.19,24.0,7.0,5.0,5.7,714.0,84.4,33.0,57.9,38.0,6.0,9.0,25.0,25.0,53.2,71.0,46.7,9.0,60.0,1148.0,46.0,20.0,11.0,26.0,17.0,16.0,103.0,12.0,17.0,3.0,21.0,15.99,4.0,1.0,3.0,,,,,10.0,,,,,,
544312,Feyenoord (on loan),Cyle Larin,FW / Attacking Midfielder / AM / Striker / ST,154,6.33,2.3,0.0,1.11,0.31,1.11,9.0,3.0,1.0,0.66,33.0,73.3,,,3.0,1.0,,,1.0,100.0,11.0,50.0,2.0,18.2,76.0,13.0,0.0,3.0,5.0,,4.0,7.0,3.0,,0.0,3.0,2.74,1.0,0.0,1.0,,,,4.0,1.0,,,,,,
1576876,Feyenoord,Anis Hadj Moussa,FW / Right Midfielder / RM / Right Winger / RW / Attacking Midfielder / AM,1440,7.62,24.0,6.0,2.7,5.79,2.7,46.0,20.0,4.0,6.47,351.0,74.1,15.0,46.9,38.0,9.0,28.0,22.6,40.0,50.0,82.0,49.1,2.0,20.0,895.0,122.0,16.0,23.0,17.0,4.0,9.0,69.0,19.0,14.0,2.0,23.0,16.91,2.0,1.0,,,,,,8.0,,,,,,
1302796,Dinamo Zagreb,Mateo Lisica,FW / Right Back / RB / Right Midfielder / RM / Right Winger / RW / Left Winger / LW,960,7.32,1.5,2.0,,,,11.0,5.0,4.0,,302.0,86.3,10.0,58.8,23.0,4.0,11.0,34.4,8.0,44.4,44.0,57.1,8.0,80.0,544.0,25.0,4.0,11.0,17.0,7.0,8.0,45.0,5.0,9.0,1.0,8.0,,1.0,0.0,,,,,,7.0,,,,,,
861668,Schalke 04,Dejan Ljubicic,FW / MF / Defensive Midfielder / DM / Right Midfielder / RM / Central Midfielder / CM / Right Winger / RW / Attacking Midfielder / AM,1008,6.92,2.2,0.0,,,,16.0,6.0,3.0,,340.0,85.4,11.0,52.4,26.0,4.0,2.0,28.6,3.0,42.9,19.0,30.6,2.0,25.0,484.0,36.0,8.0,4.0,10.0,2.0,12.0,49.0,8.0,13.0,4.0,8.0,,1.0,0.0,2.0,,,,,5.0,,,,,,
857618,Dinamo Zagreb,Arbër Hoxha,FW / Central Midfielder / CM / Left Midfielder / LM / Right Winger / RW / Attacking Midfielder / AM / Left Winger / LW,1104,7.01,1.2,6.0,,,,35.0,13.0,3.0,,226.0,81.3,2.0,50.0,11.0,4.0,6.0,20.0,32.0,49.2,65.0,40.6,2.0,15.4,563.0,71.0,35.0,18.0,13.0,4.0,15.0,38.0,9.0,3.0,1.0,9.0,,3.0,0.0,1.0,,,,,3.0,,,,,,
1186606,Dinamo Zagreb,Dion Beljo,FW / Attacking Midfielder / AM / Striker / ST,1134,7.14,4.2,9.0,,,,40.0,22.0,0.0,,166.0,76.5,1.0,100.0,21.0,1.0,1.0,100.0,11.0,42.3,60.0,46.2,24.0,53.3,412.0,94.0,14.0,21.0,4.0,1.0,22.0,14.0,5.0,2.0,1.0,11.0,,2.0,0.0,2.0,1.0,,,9.0,9.0,,,,,,
1229109,Dinamo Zagreb,Mounsef Bakrar,FW / Right Winger / RW / Left Winger / LW / Striker / ST,807,7.01,1.1,5.0,,,,31.0,8.0,2.0,,136.0,72.0,4.0,80.0,9.0,2.0,3.0,25.0,8.0,25.0,44.0,35.8,13.0,39.4,381.0,50.0,14.0,14.0,9.0,7.0,7.0,36.0,8.0,15.0,1.0,8.0,,3.0,0.0,,,,,3.0,8.0,,,,,,
1358149,Dinamo Zagreb,Luka Stojkovic,FW / Defensive Midfielder / DM / Central Midfielder / CM / Right Winger / RW / Attacking Midfielder / AM / Left Winger / LW,658,6.74,4.0,2.0,,,,28.0,9.0,2.0,,296.0,87.3,17.0,68.0,22.0,1.0,17.0,29.3,4.0,25.0,40.0,43.5,8.0,57.1,546.0,23.0,13.0,14.0,14.0,5.0,9.0,37.0,6.0,13.0,0.0,7.0,,2.0,2.0,1.0,,,,,,,,,,,
1646517,Dinamo Zagreb,Cardoso Varela,FW / Right Winger / RW,90,6.13,850.0,,,,,,,,,,,,,,,,,,,,,,,,,,,,,,,,,,,,,,,,,,,,,,,,,
1230287,Fenerbahçe,Dorgeles Nene,FW / Right Back / RB / Right Wing-Back / RWB / Defensive Midfielder / DM / Right Midfielder / RM / Central Midfielder / CM / Left Midfielder / LM / Right Winger / RW / Left Winger / LW / Striker / ST,787,7.23,18.1,3.0,2.38,3.41,2.38,17.0,9.0,2.0,1.41,228.0,80.3,4.0,57.1,17.0,3.0,4.0,22.2,7.0,38.9,39.0,51.3,5.0,38.5,447.0,46.0,6.0,12.0,15.0,15.0,8.0,27.0,6.0,4.0,2.0,10.0,7.69,1.0,0.0,,,2.0,,1.0,4.0,,,,,,
470834,Fenerbahçe,Nélson Semedo,DF / FW / Right Back / RB / Center Back / CB / Left Back / LB / Right Wing-Back / RWB / Right Midfielder / RM / Central Midfielder / CM / Right Winger / RW,1057,7.34,5.6,1.0,0.13,0.41,0.13,5.0,2.0,1.0,0.8,493.0,88.2,19.0,45.2,10.0,2.0,8.0,36.4,18.0,60.0,70.0,58.3,6.0,31.6,833.0,12.0,5.0,17.0,29.0,14.0,14.0,58.0,4.0,7.0,3.0,10.0,8.39,6.0,0.0,2.0,,,,,16.0,,,,,,
498033,Fenerbahçe,Marco Asensio,FW / MF / Defensive Midfielder / DM / Central Midfielder / CM / Right Winger / RW / Attacking Midfielder / AM,1188,7.89,15.2,8.0,4.53,5.34,4.53,45.0,18.0,6.0,2.31,450.0,87.7,16.0,66.7,32.0,7.0,10.0,16.1,11.0,55.0,25.0,38.5,1.0,50.0,740.0,49.0,14.0,3.0,10.0,5.0,9.0,64.0,17.0,7.0,2.0,13.0,11.8,1.0,0.0,,,,,,4.0,,,,,,
1113704,Fenerbahçe,Archie Brown,DF / FW / Center Back / CB / Left Back / LB / Left Wing-Back / LWB / Left Midfielder / LM / Left Winger / LW,889,7.09,12.6,2.0,1.24,1.19,1.24,13.0,3.0,1.0,1.41,302.0,84.6,12.0,50.0,11.0,1.0,11.0,21.2,7.0,30.4,62.0,52.1,13.0,59.1,647.0,35.0,7.0,19.0,24.0,6.0,22.0,40.0,5.0,4.0,4.0,5.0,4.66,3.0,0.0,2.0,,,,4.0,8.0,,,,,,
788555,Fenerbahçe,Youssef En-Nesyri,FW / Striker / ST,948,7.01,14.1,7.0,8.42,7.12,8.42,36.0,15.0,0.0,0.88,113.0,76.4,5.0,83.3,5.0,2.0,1.0,33.3,2.0,33.3,30.0,41.1,20.0,42.6,243.0,46.0,2.0,4.0,4.0,1.0,9.0,8.0,2.0,1.0,1.0,10.0,7.52,1.0,0.0,,,,,12.0,6.0,,,,,,
1117570,Fenerbahçe,Kerem Akturkoglu,FW / Attacking Midfielder / AM / Left Winger / LW / Right Winger / RW / Striker / ST,1034,7.26,22.5,1.0,1.43,0.85,1.43,17.0,8.0,3.0,2.75,265.0,76.6,8.0,50.0,34.0,6.0,19.0,28.8,14.0,41.2,55.0,48.2,7.0,35.0,601.0,54.0,10.0,20.0,14.0,6.0,9.0,41.0,4.0,7.0,0.0,12.0,9.73,2.0,0.0,,,,,,1.0,,,,,,
322049,Fenerbahçe,Fred,MF / Defensive Midfielder / DM / Central Midfielder / CM / Right Winger / RW / Attacking Midfielder / AM,998,7.2,5.3,0.0,1.72,3.23,1.72,25.0,9.0,2.0,1.69,579.0,85.8,29.0,60.4,20.0,4.0,2.0,16.7,10.0,50.0,65.0,57.5,3.0,42.9,879.0,19.0,5.0,18.0,34.0,13.0,15.0,62.0,11.0,15.0,1.0,7.0,7.07,1.0,0.0,3.0,,,,2.0,6.0,,,,,,
1092015,Fenerbahçe,Oguz Aydin,MF / Right Back / RB / Left Back / LB / Right Wing-Back / RWB / Left Wing-Back / LWB / Left Midfielder / LM / Right Winger / RW / Attacking Midfielder / AM / Left Winger / LW / Striker / ST,477,6.72,11.3,0.0,0.53,0.31,0.53,9.0,4.0,1.0,2.12,175.0,87.1,4.0,50.0,16.0,3.0,7.0,22.6,4.0,66.7,20.0,50.0,1.0,12.5,327.0,19.0,5.0,5.0,10.0,1.0,4.0,29.0,5.0,3.0,0.0,4.0,4.29,0.0,0.0,1.0,,,,1.0,6.0,,,,,,
316544,Kasımpaşa (on loan),Irfan Kahveci,FW / Defensive Midfielder / DM / Right Midfielder / RM / Right Winger / RW / Attacking Midfielder / AM / Striker / ST,509,6.84,3.4,0.0,0.76,0.19,0.76,11.0,3.0,1.0,2.54,183.0,80.6,14.0,66.7,15.0,4.0,17.0,50.0,3.0,23.1,29.0,51.8,2.0,25.0,342.0,18.0,1.0,15.0,9.0,2.0,9.0,35.0,4.0,2.0,0.0,4.0,3.73,2.0,0.0,1.0,,,,,,,,,,,
178776,Kasımpaşa,Cenk Tosun,FW / Striker / ST,55,6.4,530.9,,,,,,,,,,,,,,,,,,,,,,,,,,,,,,,,,,,,,,,,,,,,,,,,,
951976,FK Crvena Zvezda,Nayair Tiknizyan,DF / Left Back / LB / Left Wing-Back / LWB / Left Midfielder / LM / Left Winger / LW,753,7.26,2.4,0.0,,,,7.0,1.0,1.0,,356.0,86.8,13.0,48.1,13.0,2.0,8.0,24.2,8.0,53.3,53.0,63.1,16.0,80.0,612.0,26.0,7.0,6.0,23.0,6.0,11.0,40.0,,4.0,2.0,9.0,,3.0,0.0,1.0,,,,,,,,,,,
1125750,FK Crvena Zvezda,Tomás Händel,MF / Defensive Midfielder / DM / Central Midfielder / CM / Right Winger / RW / Attacking Midfielder / AM,803,6.93,10.1,1.0,,,,15.0,3.0,1.0,,469.0,88.7,15.0,75.0,19.0,1.0,15.0,45.5,5.0,62.5,36.0,50.0,4.0,40.0,674.0,23.0,11.0,9.0,18.0,5.0,12.0,48.0,,5.0,1.0,8.0,,1.0,0.0,2.0,,,,,,,,,,,
743468,FK Crvena Zvezda,Timi Max Elsnik,MF / Defensive Midfielder / DM / Central Midfielder / CM / Attacking Midfielder / AM,973,7.29,800.3,2.0,,,,19.0,10.0,0.0,,649.0,87.9,27.0,65.9,25.0,1.0,18.0,30.5,10.0,58.8,64.0,57.1,12.0,46.2,956.0,18.0,7.0,7.0,35.0,12.0,14.0,61.0,,9.0,0.0,13.0,,2.0,0.0,2.0,,,,,,,,,,,
719360,FK Crvena Zvezda,Nemanja Radonjic,FW / Right Winger / RW / Left Winger / LW,339,6.83,1.7,2.0,,,,6.0,4.0,0.0,,109.0,75.2,3.0,50.0,11.0,3.0,4.0,30.8,14.0,48.3,20.0,38.5,2.0,66.7,244.0,27.0,13.0,3.0,1.0,1.0,,17.0,,3.0,0.0,5.0,,0.0,0.0,,,,,,,,,,,,
951043,FK Crvena Zvezda,Bruno Duarte,FW / Attacking Midfielder / AM / Striker / ST,847,7.46,3.8,4.0,,,,54.0,18.0,5.0,,273.0,77.8,10.0,58.8,24.0,5.0,8.0,25.8,17.0,65.4,66.0,56.9,24.0,55.8,560.0,87.0,11.0,14.0,11.0,2.0,3.0,40.0,,8.0,1.0,12.0,,0.0,1.0,,2.0,1.0,,,,,,,,,
425990,FK Crvena Zvezda,Mirko Ivanic,FW / Central Midfielder / CM / Left Midfielder / LM / Attacking Midfielder / AM / Left Winger / LW,1264,7.73,2.0,12.0,,,,58.0,31.0,2.0,,490.0,75.3,27.0,50.0,27.0,6.0,12.0,28.6,16.0,55.2,50.0,50.0,8.0,57.1,946.0,104.0,13.0,7.0,19.0,8.0,8.0,46.0,,12.0,4.0,11.0,,1.0,0.0,1.0,,1.0,,,,,,,,,
110148,FK Crvena Zvezda,Marko Arnautovic,FW / Striker / ST,477,7.51,1.6,2.0,,,,19.0,7.0,5.0,,150.0,76.5,6.0,54.5,18.0,6.0,,,2.0,40.0,10.0,35.7,2.0,33.3,254.0,46.0,7.0,3.0,3.0,2.0,3.0,16.0,,1.0,0.0,2.0,,0.0,0.0,,,,,,,,,,,,
1158225,FK Crvena Zvezda,Milson,FW / Right Midfielder / RM / Left Midfielder / LM / Right Winger / RW / Left Winger / LW / Striker / ST,848,7.27,4.2,1.0,,,,35.0,10.0,4.0,,257.0,77.4,8.0,53.3,23.0,5.0,15.0,31.2,17.0,53.1,57.0,50.0,2.0,16.7,562.0,67.0,16.0,24.0,14.0,4.0,11.0,55.0,,6.0,0.0,10.0,,1.0,0.0,2.0,,,,,,,,,,,
198499,FK Crvena Zvezda,Aleksandar Katai,MF / Attacking Midfielder / AM / Left Winger / LW / Striker / ST,1170,7.97,245.5,15.0,,,,79.0,38.0,1.0,,432.0,82.9,19.0,61.3,26.0,2.0,2.0,8.7,19.0,48.7,53.0,42.7,16.0,48.5,778.0,117.0,16.0,7.0,11.0,,12.0,45.0,,6.0,1.0,14.0,,0.0,0.0,,2.0,,,,,,,,,,
672365,,Peter Olayinka,FW / Left Winger / LW / Striker / ST,136,6.3,1.6,1.0,,,,8.0,2.0,0.0,,26.0,76.5,,,,,,,,,8.0,36.4,5.0,55.6,60.0,20.0,3.0,,3.0,,3.0,4.0,,1.0,0.0,0.0,,0.0,0.0,,,,,,,,,,,,
582499,Celtic,Kieran Tierney,DF / Center Back / CB / Left Back / LB / Left Wing-Back / LWB / Left Winger / LW,1389,7.36,4.6,3.0,1.48,1.62,1.48,16.0,5.0,4.0,4.37,900.0,83.5,49.0,39.5,31.0,8.0,25.0,32.5,8.0,61.5,80.0,56.7,26.0,42.6,1568.0,40.0,7.0,15.0,32.0,7.0,11.0,64.0,6.0,3.0,2.0,18.0,15.11,1.0,0.0,6.0,,,,,,,,,,,
931605,Celtic,Benjamin Nygren,FW / MF / Central Midfielder / CM / Attacking Midfielder / AM / Right Winger / RW / Striker / ST / Left Winger / LW,1376,7.46,6.5,11.0,7.65,11.05,7.65,47.0,21.0,3.0,4.36,596.0,82.2,20.0,52.6,33.0,5.0,19.0,36.5,13.0,43.3,79.0,49.4,13.0,38.2,1041.0,77.0,17.0,29.0,24.0,10.0,19.0,69.0,12.0,9.0,4.0,18.0,14.45,3.0,0.0,2.0,,,,,,,,,,,
111060,Celtic,Callum McGregor,FW / MF / Defensive Midfielder / DM / Central Midfielder / CM,1999,7.42,3.0,2.0,1.7,1.5,1.7,29.0,9.0,1.0,3.1,1529.0,92.9,37.0,52.1,20.0,3.0,,,11.0,50.0,66.0,55.5,13.0,68.4,1893.0,14.0,9.0,7.0,35.0,21.0,20.0,139.0,19.0,8.0,9.0,23.0,21.82,4.0,0.0,10.0,,,,,,,,,,,
980792,Celtic,Reo Hatate,FW / MF / Central Midfielder / CM / Attacking Midfielder / AM / Right Winger / RW / Striker / ST,1235,6.92,14.7,1.0,1.14,1.01,1.14,19.0,6.0,2.0,4.25,659.0,82.4,31.0,53.4,29.0,5.0,4.0,25.0,8.0,61.5,43.0,45.3,7.0,38.9,973.0,44.0,15.0,13.0,15.0,3.0,16.0,38.0,9.0,6.0,2.0,14.0,12.48,2.0,0.0,1.0,,,,,,,,,,,
1232560,Celtic,Hyun-Jun Yang,FW / Right Back / RB / Right Wing-Back / RWB / Right Midfielder / RM / Left Midfielder / LM / Right Winger / RW / Left Winger / LW,1042,7.15,2.1,4.0,4.64,4.09,4.64,28.0,10.0,0.0,1.11,374.0,79.2,4.0,26.7,7.0,2.0,4.0,12.9,11.0,39.3,62.0,50.8,17.0,53.1,723.0,74.0,8.0,12.0,22.0,14.0,12.0,49.0,8.0,10.0,0.0,15.0,11.79,1.0,0.0,,,1.0,,,,,,,,,
728765,Celtic,Daizen Maeda,FW / Left Wing-Back / LWB / Left Midfielder / LM / Right Winger / RW / Attacking Midfielder / AM / Striker / ST / Left Winger / LW,1667,7.22,13.4,7.0,9.41,8.95,9.41,41.0,18.0,5.0,3.33,353.0,83.1,4.0,44.4,25.0,10.0,5.0,19.2,12.0,48.0,55.0,34.2,15.0,44.1,716.0,107.0,24.0,12.0,16.0,9.0,37.0,58.0,7.0,13.0,7.0,16.0,16.61,2.0,0.0,,,,,,,,,,,,
921919,Celtic,Sebastian Tounekti,FW / Left Wing-Back / LWB / Left Midfielder / LM / Right Winger / RW / Left Winger / LW / Striker / ST,825,6.99,4.5,1.0,1.69,1.35,1.69,20.0,4.0,0.0,2.49,349.0,82.9,12.0,70.6,21.0,1.0,3.0,14.3,26.0,40.6,51.0,39.2,6.0,31.6,627.0,91.0,10.0,8.0,11.0,2.0,10.0,42.0,7.0,8.0,0.0,10.0,10.31,3.0,0.0,,,,,,,,,,,,
643709,Celtic,Kelechi Iheanacho,FW / Attacking Midfielder / AM / Striker / ST,254,7.12,2.2,2.0,3.36,2.46,1.78,14.0,4.0,0.0,0.33,31.0,79.5,1.0,100.0,5.0,3.0,,,1.0,50.0,6.0,35.3,3.0,37.5,73.0,23.0,2.0,,2.0,,4.0,1.0,1.0,,0.0,5.0,4.07,1.0,0.0,,2.0,,,,,,,,,,
1178443,Celtic,Arne Engels,MF / Defensive Midfielder / DM / Central Midfielder / CM / Right Winger / RW,1431,6.99,12.3,4.0,3.93,2.5,2.36,22.0,6.0,2.0,3.5,686.0,84.6,28.0,50.9,34.0,4.0,23.0,19.7,3.0,37.5,57.0,38.3,24.0,50.0,1133.0,47.0,18.0,13.0,17.0,11.0,35.0,41.0,4.0,10.0,4.0,15.0,14.71,5.0,0.0,2.0,2.0,,,,,,,,,,
185566,Celtic,James Forrest,FW / Right Midfielder / RM / Right Winger / RW / Left Winger / LW,478,6.63,315.2,1.0,1.42,1.26,1.42,16.0,4.0,0.0,1.8,217.0,88.9,3.0,60.0,8.0,2.0,4.0,12.1,13.0,56.5,24.0,55.8,1.0,50.0,358.0,36.0,6.0,6.0,4.0,1.0,,12.0,2.0,2.0,0.0,2.0,3.61,0.0,0.0,,,,,,,,,,,,
1173248,Celtic,Michel-Ange Balikwisha,FW / Central Midfielder / CM / Right Winger / RW / Attacking Midfielder / AM / Left Winger / LW,236,6.54,3.9,0.0,0.02,0.14,0.02,1.0,1.0,1.0,0.87,92.0,89.3,2.0,66.7,3.0,1.0,1.0,14.3,,,13.0,52.0,4.0,66.7,148.0,7.0,1.0,5.0,4.0,,6.0,15.0,1.0,1.0,0.0,0.0,1.22,0.0,0.0,,,,,,,,,,,,
882163,Freiburg,Chukwubuike Adamu,FW / Striker / ST,456,6.78,4.7,1.0,1.67,1.67,1.67,7.0,3.0,1.0,0.16,48.0,58.5,1.0,50.0,4.0,2.0,1.0,50.0,5.0,41.7,48.0,49.5,23.0,45.1,186.0,22.0,3.0,9.0,11.0,6.0,10.0,14.0,2.0,1.0,0.0,4.0,5.2,1.0,0.0,2.0,,,,4.0,6.0,,,,,,
1022688,Basel,Léo Leroy,MF / Defensive Midfielder / DM / Central Midfielder / CM / Right Winger / RW / Attacking Midfielder / AM,1551,7.09,2.0,1.0,1.55,0.1,1.55,23.0,2.0,0.0,1.76,663.0,80.7,44.0,55.0,19.0,4.0,4.0,13.8,12.0,46.2,84.0,47.2,20.0,50.0,1120.0,22.0,19.0,21.0,31.0,28.0,24.0,82.0,8.0,18.0,5.0,14.0,21.52,5.0,0.0,7.0,,,,,,,,,,,
1256694,Basel,Metinho,MF / Defensive Midfielder / DM / Central Midfielder / CM / Attacking Midfielder / AM,1332,7.09,6.6,1.0,0.5,1.04,0.5,8.0,4.0,0.0,0.82,654.0,87.7,27.0,52.9,16.0,1.0,,,9.0,81.8,84.0,56.0,9.0,40.9,953.0,5.0,16.0,26.0,40.0,8.0,24.0,86.0,4.0,12.0,5.0,15.0,19.59,4.0,0.0,3.0,,,,,,,,,,,
1480622,FC Midtjylland (on loan),Junior Ze,FW / Left Midfielder / LM / Right Winger / RW / Left Winger / LW / Striker / ST,202,6.74,1.4,1.0,0.48,1.07,0.48,4.0,3.0,0.0,0.07,59.0,72.8,,,2.0,,,,3.0,42.9,17.0,45.9,3.0,42.9,158.0,13.0,4.0,7.0,4.0,2.0,6.0,12.0,3.0,2.0,0.0,0.0,2.66,0.0,0.0,2.0,,,,,,,,,,,
176300,Basel,Xherdan Shaqiri,FW / MF / Right Winger / RW / Attacking Midfielder / AM / Striker / ST,1698,7.67,1.4,9.0,8.92,8.56,4.19,46.0,17.0,10.0,8.67,588.0,74.4,38.0,45.2,78.0,14.0,54.0,32.0,15.0,53.6,73.0,46.8,5.0,27.8,1222.0,71.0,36.0,46.0,7.0,4.0,17.0,56.0,16.0,6.0,2.0,24.0,30.38,4.0,0.0,1.0,3.0,1.0,,,,,,,,,
1387741,Basel,Ibrahim Salah,FW / MF / Defensive Midfielder / DM / Right Midfielder / RM / Left Winger / LW,440,6.8,2.3,1.0,2.08,2.54,2.08,21.0,9.0,0.0,0.75,170.0,82.1,7.0,50.0,9.0,1.0,4.0,18.2,12.0,70.6,29.0,46.8,3.0,37.5,341.0,26.0,7.0,6.0,8.0,3.0,9.0,30.0,8.0,8.0,0.0,3.0,6.23,2.0,0.0,1.0,,,,,,,,,,,
527104,Basel,Albian Ajeti,FW / Striker / ST,1076,6.55,1.2,3.0,7.72,5.12,7.72,53.0,18.0,0.0,0.41,136.0,70.5,2.0,100.0,7.0,,,,6.0,60.0,43.0,34.4,21.0,33.9,358.0,80.0,11.0,12.0,5.0,4.0,22.0,26.0,8.0,7.0,0.0,12.0,15.99,3.0,0.0,,,1.0,1.0,,,,,,,,
1624587,Basel (on loan),Jeremy Agbonifo,FW / Right Midfielder / RM / Right Winger / RW / Striker / ST,290,6.47,7.8,0.0,0.71,0.07,0.71,9.0,1.0,0.0,0.32,46.0,66.7,1.0,25.0,6.0,,1.0,20.0,5.0,29.4,19.0,38.0,1.0,25.0,150.0,13.0,5.0,9.0,4.0,4.0,5.0,13.0,4.0,6.0,0.0,8.0,6.89,1.0,0.0,,,,,,,,,,,,
936618,Basel,Moritz Broschinski,FW / Right Winger / RW / Striker / ST,135,7.22,1.4,1.0,1.09,1.88,1.09,4.0,3.0,0.0,0.24,13.0,65.0,,,3.0,,,,1.0,33.3,7.0,46.7,1.0,25.0,46.0,9.0,2.0,2.0,3.0,,1.0,4.0,,,1.0,2.0,1.42,0.0,0.0,,,,,,1.0,,,,,,
1317611,Malmö FF,Otto Rosengren,FW / MF / Defensive Midfielder / DM / Central Midfielder / CM,2134,7.38,2.2,2.0,1.75,1.31,1.75,41.0,9.0,6.0,5.65,1198.0,86.7,55.0,54.5,48.0,5.0,42.0,28.0,18.0,40.0,146.0,50.0,21.0,39.6,1962.0,57.0,24.0,46.0,61.0,23.0,40.0,118.0,14.0,24.0,8.0,24.0,31.64,6.0,0.0,16.0,,,1.0,,,,,,,,
1504551,Malmö FF,Adrian Skogmar,FW / MF / Right Wing-Back / RWB / Defensive Midfielder / DM / Right Midfielder / RM / Central Midfielder / CM / Left Midfielder / LM / Attacking Midfielder / AM / Right Winger / RW,1270,6.79,1.3,1.0,0.64,1.05,0.64,13.0,4.0,1.0,0.73,454.0,85.2,7.0,50.0,11.0,1.0,1.0,7.7,17.0,43.6,77.0,45.0,7.0,33.3,807.0,41.0,24.0,17.0,36.0,10.0,24.0,62.0,3.0,10.0,3.0,19.0,18.71,0.0,0.0,5.0,,,,,,,,,,,
614194,Malmö FF,Sead Haksabanovic,FW / Right Midfielder / RM / Left Midfielder / LM / Attacking Midfielder / AM / Left Winger / LW / Striker / ST,1411,7.02,1.8,4.0,3.86,4.74,3.86,32.0,11.0,1.0,3.61,632.0,84.3,16.0,64.0,34.0,2.0,15.0,33.3,20.0,43.5,69.0,38.1,7.0,36.8,1074.0,62.0,29.0,16.0,26.0,11.0,35.0,59.0,13.0,11.0,0.0,15.0,15.21,7.0,0.0,1.0,,,,,,,,,,,
127209,Malmö FF,Anders Christiansen,FW / Right Midfielder / RM / Attacking Midfielder / AM / Striker / ST,546,6.81,220.3,4.0,2.5,3.07,2.5,30.0,13.0,0.0,1.06,219.0,77.9,9.0,47.4,6.0,,,,2.0,20.0,29.0,53.7,,,397.0,41.0,1.0,17.0,10.0,4.0,9.0,8.0,4.0,5.0,0.0,4.0,7.44,0.0,0.0,,,,,,,,,,,,
1447955,Malmö FF,Daniel Gudjohnsen,FW / Striker / ST,1098,6.91,1.6,5.0,5.11,4.48,4.32,27.0,12.0,4.0,2.28,176.0,75.2,4.0,80.0,18.0,5.0,1.0,50.0,19.0,57.6,65.0,39.4,21.0,32.8,447.0,82.0,13.0,17.0,9.0,3.0,24.0,29.0,7.0,6.0,0.0,18.0,16.25,1.0,0.0,2.0,1.0,1.0,,,,,,,,,
1135782,Malmö FF,Taha Abdi Ali,FW / Right Midfielder / RM / Central Midfielder / CM / Left Midfielder / LM / Attacking Midfielder / AM / Left Winger / LW / Striker / ST,1505,6.85,730.2,2.0,5.04,5.44,5.04,48.0,14.0,2.0,4.86,512.0,79.9,5.0,62.5,34.0,1.0,6.0,17.6,44.0,39.6,91.0,40.8,1.0,14.3,1091.0,141.0,42.0,27.0,19.0,9.0,11.0,59.0,16.0,8.0,1.0,16.0,21.2,1.0,0.0,1.0,,,,,,,,,,,
493159,Malmö FF,Stefano Holmquist Vecchia,FW / Left Winger / LW,21,6.13,648.4,,,,,,,,,,,,,,,,,,,,,,,,,,,,,,,,,,,,,,,,,,,,,,,,,
798069,Ludogorets Razgrad,Deroy Duarte,FW / MF / Defensive Midfielder / DM / Central Midfielder / CM / Attacking Midfielder / AM,90,0.05,835.4,,,,,,,,,,,,,,,,,,,,,,,,,,,,,,,,,,,,,,,,,,,,,,,,,
1109550,Ludogorets Razgrad,Pedro Naressi,FW / MF / Defensive Midfielder / DM / Central Midfielder / CM,120,6.85,800.1,,,,,,,,,,,,,,,,,,,,,,,,,,,,,,,,,,,,,,,,,,,,,,,,,
1282540,Ludogorets Razgrad,Petar Stanic,FW / MF / Defensive Midfielder / DM / Central Midfielder / CM / Right Winger / RW / Attacking Midfielder / AM / Striker / ST,90,6.04,1.8,,,,,,,,,,,,,,,,,,,,,,,,,,,,,,,,,,,,,,,,,,,,,,,,,
1459656,Ludogorets Razgrad,Erick Marcus,FW / Right Winger / RW / Left Winger / LW / Striker / ST,120,0.55,1.9,,,,,,,,,,,,,,,,,,,,,,,,,,,,,,,,,,,,,,,,,,,,,,,,,
1482715,Ludogorets Razgrad,Eric Bille,FW / Striker / ST,90,6.54,950.0,,,,,,,,,,,,,,,,,,,,,,,,,,,,,,,,,,,,,,,,,,,,,,,,,
1208040,Ludogorets Razgrad,Caio,FW / Left Midfielder / LM / Right Winger / RW / Attacking Midfielder / AM / Left Winger / LW / Striker / ST,106,6.68,3.8,,,,,,,,,,,,,,,,,,,,,,,,,,,,,,,,,,,,,,,,,,,,,,,,,
1436783,Ludogorets Razgrad (on loan),Matheus Machado,FW / Attacking Midfielder / AM / Striker / ST,90,0.05,348.3,,,,,,,,,,,,,,,,,,,,,,,,,,,,,,,,,,,,,,,,,,,,,,,,,
949496,Ludogorets Razgrad,Filip Kaloc,MF / Defensive Midfielder / DM / Central Midfielder / CM / Left Midfielder / LM / Attacking Midfielder / AM,120,0.15,1.4,,,,,,,,,,,,,,,,,,,,,,,,,,,,,,,,,,,,,,,,,,,,,,,,,
729181,Ludogorets Razgrad,Stanislav Ivanov,FW / Right Wing-Back / RWB / Right Winger / RW / Left Winger / LW,90,6.42,1.1,,,,,,,,,,,,,,,,,,,,,,,,,,,,,,,,,,,,,,,,,,,,,,,,,
434778,Ludogorets Razgrad,Ivaylo Chochev,MF / Central Midfielder / CM / Attacking Midfielder / AM / Striker / ST,90,6.73,1.3,,,,,,,,,,,,,,,,,,,,,,,,,,,,,,,,,,,,,,,,,,,,,,,,,
1033099,Nice,Hicham Boudaoui,FW / MF / Defensive Midfielder / DM / Central Midfielder / CM,920,6.89,14.4,1.0,1.45,1.66,1.45,15.0,7.0,2.0,1.45,297.0,83.9,13.0,43.3,11.0,2.0,5.0,38.5,7.0,43.8,47.0,49.5,6.0,42.9,529.0,15.0,14.0,21.0,13.0,13.0,11.0,49.0,4.0,6.0,0.0,17.0,17.82,4.0,0.0,4.0,,,,1.0,17.0,,,,,,
1092403,Nice,Melvin Bard,DF / FW / Center Back / CB / Left Back / LB / Left Wing-Back / LWB / Left Midfielder / LM,1526,6.87,17.0,1.0,0.38,0.32,0.38,11.0,4.0,1.0,1.05,626.0,81.6,25.0,29.1,11.0,3.0,14.0,25.5,12.0,66.7,74.0,54.4,20.0,58.8,1165.0,11.0,15.0,15.0,27.0,20.0,15.0,90.0,4.0,14.0,2.0,33.0,32.44,2.0,0.0,13.0,,,,,49.0,,,,,,
885005,FC Porto (on loan),Terem Moffi,FW / Striker / ST,493,6.44,14.5,2.0,3.28,2.75,3.28,16.0,8.0,0.0,0.5,53.0,71.6,,,5.0,1.0,,,3.0,33.3,12.0,31.6,6.0,42.9,137.0,27.0,7.0,2.0,1.0,,2.0,10.0,2.0,3.0,0.0,11.0,9.31,0.0,0.0,,,,,7.0,1.0,,,,,,
1016132,Roma,Kouadio Koné,MF / Defensive Midfielder / DM / Central Midfielder / CM / Attacking Midfielder / AM,1943,7.2,57.6,2.0,1.92,2.18,1.92,17.0,5.0,1.0,1.71,989.0,91.4,31.0,66.0,20.0,2.0,,,24.0,60.0,122.0,49.6,17.0,43.6,1410.0,35.0,29.0,44.0,41.0,15.0,41.0,99.0,8.0,19.0,10.0,12.0,23.87,2.0,0.0,2.0,,,,1.0,20.0,,,,,,
161328,Roma,Stephan El Shaarawy,FW / MF / Right Wing-Back / RWB / Left Wing-Back / LWB / Left Midfielder / LM / Attacking Midfielder / AM / Left Winger / LW,383,6.63,1.7,0.0,0.91,1.54,0.91,13.0,5.0,2.0,0.8,169.0,83.7,5.0,62.5,8.0,2.0,,,4.0,30.8,18.0,36.0,3.0,27.3,294.0,19.0,6.0,4.0,7.0,5.0,7.0,17.0,3.0,3.0,0.0,2.0,2.76,2.0,0.0,,,,,,2.0,,,,,,
655696,Roma,Artem Dovbyk,FW / Striker / ST,387,6.59,31.6,3.0,2.35,2.8,2.35,10.0,5.0,1.0,0.45,60.0,71.4,,,11.0,2.0,,,2.0,66.7,26.0,46.4,15.0,65.2,156.0,29.0,11.0,6.0,3.0,1.0,11.0,5.0,1.0,,0.0,3.0,4.34,0.0,0.0,,,,,2.0,3.0,,,,,,
1068482,Roma (on loan),Evan Ferguson,FW / Attacking Midfielder / AM / Right Winger / RW / Striker / ST,777,6.62,24.3,3.0,2.62,3.54,2.62,27.0,15.0,2.0,0.94,127.0,77.0,4.0,100.0,15.0,2.0,1.0,50.0,8.0,47.1,34.0,30.4,10.0,22.7,321.0,43.0,20.0,9.0,7.0,1.0,11.0,17.0,6.0,4.0,1.0,6.0,8.38,1.0,0.0,1.0,,,,4.0,2.0,,,,,,
929665,Go Ahead Eagles (on loan),Kenzo Goudmijn,FW / MF / Defensive Midfielder / DM / Central Midfielder / CM / Left Midfielder / LM / Right Winger / RW / Attacking Midfielder / AM / Left Winger / LW,100,5.96,1.6,0.0,0.07,,0.07,2.0,,0.0,0.04,17.0,53.1,1.0,14.3,,,1.0,25.0,,,4.0,44.4,2.0,100.0,44.0,,0.0,,2.0,,4.0,4.0,,,0.0,0.0,0.61,0.0,0.0,,,,,,1.0,,,,,,
1155675,Go Ahead Eagles,Jakob Breum,FW / MF / Central Midfielder / CM / Attacking Midfielder / AM,775,6.92,5.4,1.0,1.0,0.88,1.0,14.0,9.0,3.0,2.14,318.0,84.6,23.0,63.9,19.0,6.0,12.0,33.3,5.0,35.7,16.0,39.0,2.0,28.6,512.0,10.0,6.0,7.0,3.0,3.0,2.0,34.0,7.0,3.0,1.0,16.0,15.09,0.0,0.0,3.0,,,,1.0,4.0,,,,,,
1192848,Go Ahead Eagles,Mathis Suray,FW / Left Midfielder / LM / Right Winger / RW / Attacking Midfielder / AM / Left Winger / LW,1516,6.99,1.7,8.0,6.24,8.65,6.24,33.0,18.0,1.0,1.28,321.0,79.3,7.0,36.8,11.0,3.0,6.0,20.0,10.0,55.6,41.0,32.5,4.0,18.2,636.0,46.0,20.0,12.0,15.0,7.0,23.0,49.0,6.0,17.0,2.0,28.0,32.06,3.0,0.0,6.0,,,,5.0,10.0,,,,,,
658222,Go Ahead Eagles,Victor Edvardsen,FW / Attacking Midfielder / AM / Left Winger / LW / Striker / ST,795,6.72,1.3,1.0,1.58,1.6,1.58,15.0,5.0,2.0,2.24,150.0,67.3,6.0,33.3,16.0,3.0,2.0,8.3,3.0,27.3,14.0,38.9,3.0,33.3,328.0,44.0,4.0,3.0,5.0,,4.0,15.0,2.0,1.0,2.0,13.0,18.72,2.0,0.0,1.0,,,,,3.0,,,,,,
1353053,Stoke City (on loan),Milan Smit,FW / Striker / ST,1363,6.74,1.9,6.0,2.89,4.4,2.89,26.0,13.0,2.0,1.22,163.0,73.1,3.0,37.5,11.0,2.0,,,3.0,23.1,62.0,38.8,28.0,41.2,400.0,45.0,18.0,29.0,4.0,2.0,25.0,31.0,4.0,6.0,0.0,27.0,29.96,5.0,0.0,6.0,,,,7.0,13.0,,,,,,
1196739,Go Ahead Eagles,Calvin Twigt,MF / Defensive Midfielder / DM / Central Midfielder / CM / Attacking Midfielder / AM,545,6.34,855.5,0.0,0.07,0.06,0.07,2.0,1.0,0.0,0.85,232.0,82.3,17.0,48.6,3.0,1.0,3.0,30.0,1.0,20.0,21.0,44.7,4.0,40.0,372.0,4.0,2.0,5.0,11.0,8.0,9.0,17.0,,5.0,0.0,8.0,10.63,1.0,1.0,5.0,,,,,16.0,,,,,,
1014841,Go Ahead Eagles,Richonell Margaret,FW / Central Midfielder / CM / Left Midfielder / LM / Right Winger / RW / Attacking Midfielder / AM / Left Winger / LW / Striker / ST,789,6.31,1.1,1.0,0.9,0.93,0.9,13.0,3.0,0.0,0.56,151.0,78.2,1.0,33.3,4.0,,6.0,15.4,13.0,31.0,47.0,35.9,5.0,27.8,416.0,43.0,23.0,12.0,17.0,6.0,11.0,37.0,6.0,9.0,0.0,16.0,15.76,1.0,0.0,,,,,1.0,5.0,,,,,,
495970,Go Ahead Eagles,Finn Stokkers,FW / Striker / ST,146,6.07,338.2,1.0,0.68,0.95,0.68,6.0,1.0,0.0,0.26,28.0,57.1,1.0,50.0,2.0,1.0,1.0,33.3,,,11.0,35.5,10.0,43.5,75.0,17.0,2.0,1.0,,,5.0,6.0,2.0,,0.0,3.0,3.39,0.0,0.0,,,,,,1.0,,,,,,
900576,Qingdao Hainiu,Malcom Edjouma,MF / Defensive Midfielder / DM / Attacking Midfielder / AM,90,6.71,255.0,,,,,,,,,,,,,,,,,,,,,,,,,,,,,,,,,,,,,,,,,,,,,,,,,
1026113,FCSB,David Miculescu,FW / Right Winger / RW / Left Winger / LW / Striker / ST,856,7.02,2.1,4.0,,,,39.0,17.0,0.0,,184.0,75.7,13.0,48.1,16.0,2.0,1.0,33.3,11.0,52.4,55.0,56.1,19.0,59.4,433.0,68.0,12.0,7.0,18.0,8.0,9.0,33.0,4.0,,1.0,12.0,,4.0,0.0,2.0,,,,6.0,9.0,,,,,,
817821,FCSB,Darius Olaru,FW / MF / Defensive Midfielder / DM / Central Midfielder / CM / Right Winger / RW / Attacking Midfielder / AM / Left Winger / LW,1489,7.54,7.0,4.0,,,,53.0,16.0,2.0,,643.0,73.6,73.0,63.5,55.0,11.0,32.0,36.0,12.0,36.4,109.0,52.4,18.0,37.5,1258.0,67.0,18.0,52.0,29.0,9.0,16.0,102.0,13.0,14.0,3.0,15.0,,1.0,0.0,1.0,1.0,,,1.0,4.0,,,,,,
491482,FCSB,Juri Cisotti,FW / Defensive Midfielder / DM / Right Midfielder / RM / Central Midfielder / CM / Right Winger / RW / Attacking Midfielder / AM / Left Winger / LW,1488,6.95,592.8,1.0,,,,19.0,7.0,1.0,,500.0,80.9,29.0,53.7,24.0,9.0,17.0,34.0,7.0,36.8,104.0,56.2,23.0,48.9,943.0,62.0,13.0,38.0,36.0,20.0,25.0,69.0,10.0,9.0,3.0,22.0,,1.0,0.0,2.0,,1.0,,5.0,9.0,,,,,,
171250,FCSB,Denis Alibec,FW / Right Winger / RW / Striker / ST,154,6.33,194.3,0.0,,,,7.0,,0.0,,43.0,75.4,4.0,66.7,3.0,2.0,3.0,37.5,4.0,44.4,11.0,52.4,4.0,66.7,98.0,6.0,1.0,1.0,2.0,,,6.0,1.0,2.0,0.0,1.0,,0.0,0.0,,,,,1.0,,,,,,,
1135820,FCSB,Daniel Birligea,FW / Right Winger / RW / Striker / ST,974,6.83,5.3,3.0,,,,47.0,19.0,1.0,,171.0,73.1,7.0,87.5,13.0,2.0,4.0,33.3,9.0,33.3,39.0,37.9,11.0,35.5,424.0,75.0,10.0,12.0,7.0,2.0,11.0,28.0,10.0,7.0,0.0,16.0,,0.0,1.0,,,1.0,,6.0,11.0,,,,,,
531047,FCSB,Florin Tanase,MF / Defensive Midfielder / DM / Central Midfielder / CM / Attacking Midfielder / AM / Left Winger / LW / Striker / ST,1875,7.8,1.3,10.0,,,,39.0,18.0,4.0,,808.0,79.5,39.0,52.0,54.0,7.0,25.0,36.2,26.0,55.3,128.0,51.2,19.0,54.3,1483.0,86.0,34.0,41.0,42.0,17.0,41.0,129.0,15.0,15.0,5.0,24.0,,3.0,0.0,6.0,8.0,1.0,,3.0,20.0,,,,,,
612278,FCSB,Mamadou Thiam,FW / Right Winger / RW / Attacking Midfielder / AM / Left Winger / LW / Striker / ST,884,6.77,548.4,4.0,,,,27.0,13.0,2.0,,292.0,83.4,7.0,53.8,18.0,4.0,4.0,12.5,15.0,48.4,39.0,41.1,9.0,42.9,564.0,67.0,17.0,9.0,6.0,2.0,4.0,38.0,7.0,7.0,0.0,18.0,,0.0,0.0,,,,,6.0,1.0,,,,,,
500520,Lille,Nabil Bentaleb,FW / MF / Center Back / CB / Defensive Midfielder / DM / Central Midfielder / CM,694,6.67,888.3,2.0,1.21,1.32,0.42,15.0,5.0,1.0,0.86,467.0,87.0,25.0,53.2,5.0,1.0,2.0,15.4,2.0,66.7,29.0,51.8,9.0,50.0,648.0,4.0,7.0,13.0,5.0,5.0,5.0,45.0,5.0,5.0,1.0,15.0,14.11,1.0,0.0,4.0,1.0,,,,23.0,,,,,,
1421275,Lille,Hamza Igamane,FW / Attacking Midfielder / AM / Left Winger / LW / Right Winger / RW / Striker / ST,428,6.82,9.4,5.0,3.57,5.1,3.57,23.0,9.0,1.0,0.81,95.0,74.8,3.0,75.0,4.0,2.0,1.0,20.0,13.0,59.1,32.0,47.1,9.0,45.0,243.0,39.0,9.0,3.0,7.0,2.0,6.0,15.0,5.0,1.0,0.0,3.0,5.41,2.0,0.0,,,,,5.0,2.0,,,,,,
988160,Lille,Osame Sahraoui,FW / Left Midfielder / LM / Attacking Midfielder / AM / Left Winger / LW,456,6.42,14.3,1.0,0.82,0.49,0.82,11.0,4.0,2.0,1.27,193.0,80.4,4.0,80.0,8.0,2.0,,,14.0,48.3,43.0,52.4,,,373.0,25.0,15.0,24.0,5.0,3.0,3.0,18.0,4.0,4.0,0.0,5.0,7.74,0.0,0.0,1.0,,,,,2.0,,,,,,
945841,Widzew Łódź,Emil Kornvig,FW / MF / Defensive Midfielder / DM / Right Midfielder / RM / Central Midfielder / CM,2511,7.35,2.0,8.0,5.61,6.64,4.82,61.0,18.0,3.0,3.68,1088.0,81.5,72.0,55.0,31.0,6.0,11.0,34.4,22.0,48.9,198.0,53.1,54.0,58.1,1921.0,89.0,36.0,79.0,46.0,29.0,48.0,118.0,11.0,29.0,5.0,41.0,30.65,8.0,0.0,6.0,1.0,,,,,,,,,,
738046,Brann,Jacob Lungi Sørensen,FW / MF / Defensive Midfielder / DM / Central Midfielder / CM / Right Winger / RW / Striker / ST,951,7.46,719.2,1.0,0.7,0.41,0.7,13.0,3.0,1.0,1.24,696.0,86.4,23.0,50.0,13.0,1.0,,,5.0,71.4,67.0,51.9,24.0,50.0,970.0,13.0,5.0,12.0,26.0,22.0,24.0,47.0,5.0,7.0,0.0,17.0,9.88,6.0,1.0,2.0,,,,,,,,,,,
632885,Brann,Felix Horn Myhre,FW / MF / Defensive Midfielder / DM / Central Midfielder / CM,2091,7.41,2.4,4.0,4.37,2.08,4.37,30.0,10.0,3.0,4.63,856.0,83.8,32.0,57.1,35.0,4.0,2.0,9.5,35.0,51.5,115.0,51.8,15.0,45.5,1412.0,134.0,29.0,29.0,37.0,15.0,22.0,98.0,15.0,5.0,5.0,35.0,26.93,4.0,0.0,4.0,,1.0,,,,,,,,,
683355,Brann,Sævar Atli Magnusson,FW / Central Midfielder / CM / Left Midfielder / LM / Right Winger / RW / Attacking Midfielder / AM / Left Winger / LW / Striker / ST,633,7.38,1.3,5.0,3.58,3.92,2.79,20.0,10.0,0.0,0.86,162.0,79.8,4.0,36.4,13.0,,3.0,27.3,2.0,28.6,27.0,47.4,10.0,66.7,315.0,46.0,5.0,7.0,8.0,3.0,12.0,16.0,3.0,4.0,1.0,10.0,7.95,1.0,0.0,,1.0,,,,,,,,,,
1186576,Brann,Noah Holm,FW / Right Winger / RW / Striker / ST / Left Winger / LW,1489,6.59,962.6,2.0,4.92,2.62,4.92,35.0,8.0,3.0,2.01,184.0,70.8,8.0,57.1,15.0,6.0,,,12.0,41.4,108.0,47.2,44.0,50.6,530.0,77.0,24.0,34.0,18.0,4.0,30.0,35.0,5.0,11.0,1.0,21.0,16.52,3.0,0.0,2.0,,,,,,,,,,,
630366,Brann,Niklas Castro,FW / Left Midfielder / LM / Left Winger / LW,983,6.98,897.5,4.0,4.38,3.84,1.23,21.0,10.0,3.0,3.35,379.0,76.7,16.0,59.3,26.0,7.0,18.0,26.1,5.0,25.0,41.0,32.0,8.0,30.8,741.0,47.0,18.0,14.0,14.0,2.0,26.0,48.0,10.0,11.0,0.0,16.0,13.57,1.0,0.0,1.0,4.0,,,,,,,,,,
1088860,Brann,Eggert Aron Gudmundsson,MF / Center Back / CB / Central Midfielder / CM / Left Midfielder / LM / Attacking Midfielder / AM / Left Winger / LW / Right Winger / RW / Striker / ST,2087,7.13,1.7,5.0,3.96,4.32,3.96,38.0,13.0,5.0,3.01,715.0,76.8,28.0,44.4,28.0,3.0,7.0,24.1,28.0,49.1,124.0,47.9,6.0,25.0,1399.0,103.0,42.0,38.0,52.0,14.0,21.0,104.0,19.0,25.0,2.0,37.0,27.62,1.0,0.0,4.0,,1.0,,,,,,,,,
940963,Brann,Ulrik Mathisen,FW / Right Winger / RW / Striker / ST,1419,6.85,538.4,2.0,3.12,2.91,3.12,25.0,12.0,4.0,3.7,328.0,75.6,4.0,44.4,19.0,6.0,2.0,16.7,15.0,35.7,96.0,50.0,26.0,44.8,722.0,91.0,18.0,41.0,14.0,6.0,12.0,39.0,9.0,8.0,0.0,22.0,14.28,1.0,0.0,1.0,,5.0,,,,,,,,,
632929,Brann,Mads Sande,FW / Central Midfielder / CM / Right Winger / RW / Left Winger / LW,800,6.58,363.8,3.0,3.15,2.63,3.15,18.0,6.0,0.0,0.8,266.0,80.1,3.0,30.0,5.0,2.0,4.0,30.8,4.0,50.0,44.0,52.4,23.0,62.2,458.0,41.0,6.0,2.0,15.0,1.0,14.0,22.0,4.0,3.0,0.0,15.0,9.02,1.0,0.0,2.0,,,,,,,,,,,
313825,Brann,Bård Finne,FW / Right Winger / RW / Striker / ST / Left Winger / LW,1571,6.85,672.8,6.0,11.26,8.42,10.47,63.0,23.0,3.0,4.52,196.0,66.4,2.0,15.4,26.0,9.0,11.0,20.0,7.0,33.3,32.0,31.1,4.0,20.0,575.0,162.0,23.0,7.0,14.0,2.0,10.0,35.0,14.0,8.0,0.0,23.0,16.72,0.0,0.0,,,,,,,,,,,,
1022438,FC Utrecht,Niklas Vesterlund,DF / FW / Right Back / RB / Left Back / LB / Central Midfielder / CM / Right Winger / RW,172,6.22,747.0,0.0,0.25,0.04,0.25,3.0,1.0,0.0,0.04,42.0,77.8,2.0,28.6,1.0,,,,,,4.0,50.0,2.0,100.0,91.0,4.0,2.0,,2.0,,1.0,3.0,,1.0,0.0,3.0,3.57,1.0,0.0,,,,,2.0,5.0,,,,,,
1523822,FC Utrecht (on loan),Gjivai Zechiel,FW / MF / Defensive Midfielder / DM / Central Midfielder / CM / Attacking Midfielder / AM / Left Winger / LW,1490,7.15,8.3,4.0,2.71,3.21,2.71,34.0,12.0,1.0,1.59,593.0,85.3,39.0,65.0,20.0,1.0,3.0,37.5,11.0,33.3,65.0,50.0,10.0,66.7,959.0,38.0,16.0,18.0,26.0,19.0,10.0,78.0,12.0,12.0,3.0,20.0,19.42,1.0,0.0,4.0,,,,7.0,18.0,,,,,,
1665129,FC Utrecht,Alonzo Engwanda,FW / MF / Right Back / RB / Defensive Midfielder / DM / Central Midfielder / CM,1649,6.96,7.3,0.0,0.08,0.37,0.08,3.0,1.0,1.0,0.53,582.0,87.9,26.0,65.0,5.0,,1.0,16.7,9.0,50.0,89.0,59.7,20.0,69.0,895.0,3.0,10.0,8.0,52.0,24.0,20.0,73.0,8.0,13.0,2.0,24.0,24.43,4.0,0.0,8.0,,,,,41.0,,,,,,
1184663,FC Utrecht,Miguel Rodriguez,FW / Right Midfielder / RM / Central Midfielder / CM / Right Winger / RW / Attacking Midfielder / AM / Striker / ST,1254,6.84,6.3,3.0,3.02,2.31,3.02,40.0,12.0,0.0,1.96,267.0,73.0,12.0,41.4,17.0,3.0,12.0,34.3,20.0,44.4,82.0,42.7,11.0,39.3,705.0,56.0,29.0,30.0,21.0,14.0,16.0,64.0,10.0,23.0,1.0,15.0,15.68,2.0,0.0,1.0,,,,5.0,7.0,,,,,,
352968,FC Utrecht,Sebastien Haller,FW / Striker / ST,762,6.8,1.7,1.0,1.86,2.36,1.86,19.0,7.0,2.0,0.65,164.0,69.8,3.0,100.0,13.0,1.0,,,3.0,33.3,85.0,57.4,56.0,65.1,372.0,56.0,11.0,21.0,7.0,4.0,12.0,22.0,3.0,5.0,0.0,12.0,10.08,1.0,0.0,1.0,,,,11.0,4.0,,,,,,
956736,FC Utrecht,Derry Murkin,DF / FW / Right Back / RB / Left Back / LB / Left Midfielder / LM / Left Winger / LW,259,6.86,1.2,2.0,0.21,1.02,0.21,2.0,2.0,3.0,0.63,60.0,69.0,5.0,41.7,6.0,2.0,4.0,50.0,1.0,33.3,11.0,45.8,3.0,50.0,142.0,7.0,1.0,3.0,4.0,,6.0,14.0,1.0,1.0,0.0,5.0,4.85,1.0,0.0,,,,,,8.0,,,,,,
1365253,FC Utrecht,Adrian Blake,FW / Left Midfielder / LM / Right Winger / RW / Left Winger / LW,886,6.61,2.0,1.0,1.59,2.08,1.59,29.0,9.0,2.0,2.18,192.0,77.1,8.0,50.0,12.0,3.0,3.0,14.3,13.0,36.1,27.0,32.9,1.0,10.0,418.0,50.0,12.0,10.0,3.0,2.0,6.0,38.0,6.0,5.0,0.0,15.0,16.04,2.0,0.0,,,,,,5.0,,,,,,
997577,FC Utrecht,David Min,FW / Attacking Midfielder / AM / Striker / ST / Left Winger / LW,735,6.54,1.4,3.0,4.43,2.23,4.43,17.0,5.0,0.0,0.57,115.0,73.7,6.0,85.7,9.0,,,,8.0,57.1,43.0,37.7,23.0,42.6,287.0,31.0,17.0,8.0,4.0,3.0,15.0,25.0,3.0,2.0,0.0,12.0,13.4,1.0,0.0,2.0,,,,7.0,8.0,,,,,,
1364069,Lyon,Malick Fofana,FW / Right Winger / RW / Attacking Midfielder / AM / Left Winger / LW,727,7.19,38.0,2.0,2.71,3.22,2.71,18.0,9.0,1.0,1.84,164.0,80.0,4.0,40.0,9.0,3.0,7.0,29.2,7.0,35.0,39.0,54.9,,,348.0,47.0,3.0,21.0,11.0,3.0,11.0,19.0,2.0,2.0,3.0,7.0,7.21,1.0,0.0,,,,,,2.0,,,,,,
210120,Lyon,Rachid Ghezzal,FW / Right Winger / RW / Striker / ST,139,6.23,408.3,0.0,0.09,0.31,0.09,3.0,1.0,0.0,0.11,51.0,78.5,,,1.0,,2.0,18.2,1.0,50.0,9.0,42.9,3.0,42.9,104.0,6.0,2.0,1.0,5.0,,3.0,6.0,1.0,3.0,0.0,5.0,4.24,0.0,0.0,,,,,1.0,4.0,,,,,,
1108859,Ferencvaros,Cebrails Makreckis,DF / FW / Right Back / RB / Right Wing-Back / RWB / Right Midfielder / RM / Attacking Midfielder / AM / Striker / ST,90,6.6,654.3,,,,,,,,,,,,,,,,,,,,,,,,,,,,,,,,,,,,,,,,,,,,,,,,,
1032157,Ferencvaros,Bence Ötvös,FW / MF / Center Back / CB / Left Back / LB / Right Wing-Back / RWB / Defensive Midfielder / DM / Central Midfielder / CM / Left Midfielder / LM / Attacking Midfielder / AM / Striker / ST / Left Winger / LW,90,6.36,590.8,,,,,,,,,,,,,,,,,,,,,,,,,,,,,,,,,,,,,,,,,,,,,,,,,
508889,Ferencvaros,Naby Keita,FW / MF / Defensive Midfielder / DM / Right Midfielder / RM / Central Midfielder / CM,90,0.63,645.3,,,,,,,,,,,,,,,,,,,,,,,,,,,,,,,,,,,,,,,,,,,,,,,,,
438115,Ferencvaros,Callum O'Dowda,FW / MF / Center Back / CB / Left Back / LB / Left Wing-Back / LWB / Central Midfielder / CM / Left Midfielder / LM / Left Winger / LW,90,0.23,612.9,,,,,,,,,,,,,,,,,,,,,,,,,,,,,,,,,,,,,,,,,,,,,,,,,
1251656,Ferencvaros,Zsombor Gruber,FW / Center Back / CB / Defensive Midfielder / DM / Right Midfielder / RM / Central Midfielder / CM / Right Winger / RW / Attacking Midfielder / AM / Left Winger / LW / Striker / ST,90,0.12,1.2,,,,,,,,,,,,,,,,,,,,,,,,,,,,,,,,,,,,,,,,,,,,,,,,,
796504,AEK Athens,Barnabas Varga,FW / Right Back / RB / Center Back / CB / Central Midfielder / CM / Striker / ST,90,0.77,1.8,,,,,,,,,,,,,,,,,,,,,,,,,,,,,,,,,,,,,,,,,,,,,,,,,
1165547,Ferencvaros,Cadu,MF / Left Wing-Back / LWB / Right Wing-Back / RWB / Right Midfielder / RM / Central Midfielder / CM / Left Midfielder / LM / Attacking Midfielder / AM / Left Winger / LW,90,7.5,775.5,,,,,,,,,,,,,,,,,,,,,,,,,,,,,,,,,,,,,,,,,,,,,,,,,
819066,Ferencvaros,Gabi Kanichowsky,MF / Defensive Midfielder / DM / Right Midfielder / RM / Central Midfielder / CM / Attacking Midfielder / AM / Right Winger / RW,90,6.81,1.3,,,,,,,,,,,,,,,,,,,,,,,,,,,,,,,,,,,,,,,,,,,,,,,,,
1242314,Ferencvaros,Lenny Joseph,FW / Central Midfielder / CM / Right Winger / RW / Attacking Midfielder / AM / Striker / ST / Left Winger / LW,90,0.72,946.7,,,,,,,,,,,,,,,,,,,,,,,,,,,,,,,,,,,,,,,,,,,,,,,,,
164519,Ferencvaros,Aleksandar Pesic,FW / Defensive Midfielder / DM / Central Midfielder / CM / Right Winger / RW / Attacking Midfielder / AM / Striker / ST,80,5.7,327.3,,,,,,,,,,,,,,,,,,,,,,,,,,,,,,,,,,,,,,,,,,,,,,,,,
763214,Ferencvaros,Jonathan Levi,MF / Right Back / RB / Right Midfielder / RM / Central Midfielder / CM / Right Winger / RW / Attacking Midfielder / AM / Left Winger / LW / Striker / ST,90,5.93,819.8,,,,,,,,,,,,,,,,,,,,,,,,,,,,,,,,,,,,,,,,,,,,,,,,,
1300385,Viktoria Plzen,Amar Memic,MF / Right Back / RB / Center Back / CB / Right Wing-Back / RWB / Defensive Midfielder / DM / Left Wing-Back / LWB / Right Midfielder / RM / Left Midfielder / LM / Right Winger / RW / Left Winger / LW / Striker / ST,1490,7.06,2.1,3.0,,,,31.0,9.0,6.0,,342.0,73.7,29.0,43.9,20.0,8.0,17.0,25.8,9.0,39.1,57.0,44.5,18.0,41.9,819.0,45.0,11.0,13.0,17.0,17.0,10.0,64.0,5.0,11.0,3.0,22.0,,2.0,0.0,1.0,,,,,,,,,,,
1151313,Viktoria Plzen,Lukas Cerv,MF / Center Back / CB / Defensive Midfielder / DM / Left Wing-Back / LWB / Central Midfielder / CM / Left Midfielder / LM / Attacking Midfielder / AM,1607,7.03,5.6,1.0,,,,28.0,5.0,1.0,,587.0,80.1,24.0,38.1,14.0,,4.0,28.6,3.0,30.0,108.0,63.9,30.0,63.8,1002.0,26.0,7.0,47.0,32.0,19.0,13.0,75.0,6.0,18.0,2.0,25.0,,2.0,0.0,5.0,,,,,,,,,,,
1225210,Viktoria Plzen,Cheick Souaré,MF / Center Back / CB / Left Back / LB / Right Wing-Back / RWB / Defensive Midfielder / DM / Left Wing-Back / LWB / Central Midfielder / CM / Right Winger / RW / Attacking Midfielder / AM / Left Winger / LW / Striker / ST,1012,7.15,1.8,1.0,,,,16.0,5.0,5.0,,343.0,79.8,22.0,56.4,22.0,7.0,17.0,33.3,3.0,42.9,30.0,55.6,8.0,53.3,632.0,22.0,6.0,10.0,9.0,3.0,5.0,54.0,5.0,2.0,1.0,16.0,,1.0,0.0,1.0,,,,,,,,,,,
791677,Viktoria Plzen,Tomas Ladra,FW / MF / Right Wing-Back / RWB / Defensive Midfielder / DM / Left Wing-Back / LWB / Central Midfielder / CM / Left Midfielder / LM / Attacking Midfielder / AM / Left Winger / LW / Right Winger / RW / Striker / ST,1147,7.08,820.1,2.0,,,,37.0,13.0,5.0,,326.0,74.3,29.0,46.8,26.0,4.0,26.0,26.3,9.0,40.9,44.0,39.6,13.0,38.2,737.0,30.0,16.0,12.0,10.0,9.0,7.0,52.0,5.0,10.0,2.0,17.0,,1.0,0.0,2.0,,,,,,,,,,,
196308,Viktoria Plzen,Matej Vydra,FW / Right Winger / RW / Attacking Midfielder / AM / Left Winger / LW / Striker / ST,869,7.23,723.2,6.0,,,,31.0,12.0,3.0,,152.0,69.4,5.0,55.6,22.0,7.0,3.0,60.0,3.0,27.3,52.0,46.8,28.0,50.9,362.0,50.0,9.0,11.0,10.0,2.0,12.0,28.0,4.0,3.0,2.0,8.0,,0.0,1.0,,1.0,,1.0,,,,,,,,
1202885,Viktoria Plzen,Denis Visinsky,FW / Defensive Midfielder / DM / Left Wing-Back / LWB / Right Midfielder / RM / Left Midfielder / LM / Right Winger / RW / Attacking Midfielder / AM / Left Winger / LW / Striker / ST,523,6.76,1.5,3.0,,,,13.0,5.0,0.0,,88.0,69.8,8.0,66.7,15.0,4.0,7.0,31.8,5.0,31.2,37.0,44.6,10.0,58.8,255.0,27.0,5.0,15.0,8.0,4.0,15.0,23.0,3.0,8.0,0.0,9.0,,4.0,0.0,,,,,,,,,,,,
1220633,Viktoria Plzen,Prince Adu,FW / Center Back / CB / Left Wing-Back / LWB / Attacking Midfielder / AM / Left Winger / LW / Right Winger / RW / Striker / ST,1122,6.94,3.3,6.0,,,,36.0,25.0,1.0,,174.0,66.2,6.0,60.0,20.0,3.0,5.0,20.8,20.0,37.0,65.0,36.1,11.0,39.3,553.0,78.0,30.0,15.0,19.0,4.0,31.0,37.0,11.0,7.0,2.0,13.0,,5.0,0.0,,,,,,,,,,,,
1439757,Viktoria Plzen,Adrian Zeljkovic,MF / Defensive Midfielder / DM / Central Midfielder / CM / Attacking Midfielder / AM,379,6.61,1.8,0.0,,,,4.0,2.0,1.0,,209.0,86.7,5.0,50.0,3.0,1.0,1.0,100.0,1.0,33.3,35.0,54.7,12.0,50.0,315.0,7.0,6.0,5.0,17.0,3.0,6.0,31.0,2.0,3.0,0.0,7.0,,2.0,0.0,3.0,,,,,,,,,,,
1064272,Rangers,Mohamed Diomande,FW / MF / Right Wing-Back / RWB / Defensive Midfielder / DM / Central Midfielder / CM / Attacking Midfielder / AM / Left Winger / LW,1158,6.78,9.6,1.0,2.13,1.84,2.13,23.0,5.0,1.0,0.79,448.0,86.5,11.0,50.0,12.0,1.0,2.0,7.1,11.0,47.8,69.0,47.6,7.0,38.9,779.0,30.0,19.0,22.0,29.0,12.0,20.0,68.0,8.0,15.0,3.0,9.0,12.21,2.0,0.0,,,,1.0,,,,,,,,
1184468,Rangers,Thelo Aasgaard,FW / MF / Central Midfielder / CM / Right Winger / RW / Attacking Midfielder / AM / Left Winger / LW / Striker / ST,1106,7.19,3.8,4.0,3.38,5.84,3.38,28.0,14.0,2.0,1.26,364.0,84.8,5.0,35.7,16.0,3.0,3.0,18.8,26.0,70.3,94.0,58.0,16.0,44.4,681.0,39.0,18.0,30.0,22.0,6.0,18.0,43.0,5.0,1.0,1.0,9.0,10.97,3.0,0.0,2.0,,,,,,,,,,,
863869,Rangers,Nicolas Raskin,FW / MF / Defensive Midfielder / DM / Central Midfielder / CM / Attacking Midfielder / AM,1722,7.6,12.4,2.0,3.31,2.1,3.31,30.0,7.0,5.0,3.0,1035.0,86.8,47.0,58.0,31.0,5.0,1.0,5.3,21.0,58.3,141.0,56.4,35.0,60.3,1548.0,49.0,15.0,36.0,49.0,13.0,37.0,97.0,4.0,20.0,8.0,13.0,20.55,2.0,0.0,8.0,,2.0,,,,,,,,,
1407250,Rangers (on loan),Mikey Moore,FW / Right Winger / RW / Attacking Midfielder / AM / Left Winger / LW / Striker / ST,998,6.79,16.0,3.0,2.31,3.67,2.31,30.0,14.0,1.0,1.03,227.0,77.2,6.0,46.2,12.0,1.0,3.0,15.8,22.0,43.1,50.0,38.2,7.0,38.9,549.0,47.0,27.0,11.0,10.0,4.0,6.0,60.0,7.0,8.0,0.0,4.0,9.6,2.0,0.0,,,,,,,,,,,,
1356310,Rangers,Youssef Chermiti,FW / Striker / ST,792,6.89,8.8,4.0,3.24,4.46,3.24,25.0,13.0,2.0,0.48,129.0,67.2,2.0,66.7,9.0,1.0,1.0,20.0,11.0,50.0,78.0,48.8,36.0,55.4,361.0,41.0,18.0,16.0,15.0,2.0,24.0,31.0,6.0,2.0,2.0,4.0,10.48,1.0,0.0,,,,,,,,,,,,
1358598,Rangers,Djeidi Gassama,FW / Left Wing-Back / LWB / Right Midfielder / RM / Left Midfielder / LM / Right Winger / RW / Attacking Midfielder / AM / Left Winger / LW,1699,7.31,5.0,2.0,4.26,4.57,4.26,53.0,16.0,2.0,2.97,414.0,78.4,9.0,40.9,26.0,3.0,6.0,13.3,48.0,55.2,123.0,56.2,10.0,37.0,954.0,132.0,17.0,47.0,18.0,11.0,22.0,66.0,11.0,6.0,3.0,13.0,21.06,3.0,0.0,2.0,,2.0,,,,,,,,,
1021082,Rangers,Oliver Antman,FW / Left Wing-Back / LWB / Right Midfielder / RM / Left Midfielder / LM / Right Winger / RW / Left Winger / LW,529,6.77,6.1,0.0,0.42,0.98,0.42,9.0,6.0,1.0,1.79,192.0,88.9,2.0,66.7,15.0,2.0,2.0,13.3,11.0,44.0,21.0,38.9,,,314.0,29.0,3.0,5.0,5.0,,7.0,17.0,6.0,4.0,0.0,8.0,4.95,1.0,0.0,1.0,,,,,,,,,,,
1436275,Genk,Ibrahima Sory Bangoura,MF / Defensive Midfielder / DM / Central Midfielder / CM / Attacking Midfielder / AM / Left Winger / LW,464,6.53,10.2,0.0,0.1,0.05,0.1,2.0,1.0,0.0,0.14,200.0,90.5,14.0,70.0,2.0,,,,3.0,100.0,27.0,48.2,6.0,42.9,293.0,,3.0,3.0,15.0,5.0,15.0,26.0,,3.0,0.0,11.0,8.37,1.0,0.0,3.0,,,,,13.0,,,,,,
1224465,Genk,Jarne Steuckers,FW / Defensive Midfielder / DM / Right Midfielder / RM / Central Midfielder / CM / Right Winger / RW / Attacking Midfielder / AM / Left Winger / LW,1157,7.16,12.3,0.0,1.36,0.78,1.36,24.0,6.0,5.0,4.55,547.0,80.9,56.0,62.9,41.0,10.0,22.0,17.3,11.0,50.0,28.0,42.4,2.0,40.0,955.0,34.0,14.0,8.0,7.0,2.0,4.0,42.0,6.0,6.0,0.0,23.0,17.73,0.0,0.0,3.0,,,,1.0,3.0,,,,,,
351661,Viktoria Plzen,Patrik Hrosovsky,FW / MF / Defensive Midfielder / DM / Central Midfielder / CM / Attacking Midfielder / AM / Left Winger / LW,1003,6.92,1.4,1.0,1.52,1.45,1.52,24.0,8.0,1.0,1.12,530.0,89.1,38.0,65.5,13.0,2.0,8.0,25.0,8.0,47.1,38.0,46.9,5.0,33.3,773.0,21.0,12.0,7.0,18.0,9.0,6.0,72.0,7.0,8.0,1.0,14.0,12.72,0.0,0.0,2.0,,,,1.0,14.0,,,,,,
659493,Genk,Bryan Heynen,FW / MF / Defensive Midfielder / DM / Central Midfielder / CM / Attacking Midfielder / AM,1966,7.4,10.5,3.0,2.19,2.59,2.19,25.0,7.0,0.0,2.06,1477.0,87.7,75.0,53.6,23.0,2.0,2.0,15.4,15.0,60.0,150.0,55.6,54.0,55.7,2048.0,40.0,20.0,28.0,53.0,30.0,26.0,127.0,9.0,22.0,1.0,34.0,29.26,4.0,0.0,12.0,,,,9.0,50.0,,,,,,
1391753,Genk,Yaimar Medina,DF / FW / Left Back / LB / Defensive Midfielder / DM / Attacking Midfielder / AM / Left Winger / LW,915,6.73,4.9,0.0,0.88,1.37,0.88,18.0,9.0,1.0,1.02,496.0,82.0,22.0,40.7,9.0,2.0,5.0,17.9,1.0,50.0,37.0,59.7,4.0,44.4,823.0,17.0,7.0,20.0,12.0,6.0,9.0,62.0,2.0,3.0,0.0,15.0,13.39,2.0,0.0,,,,,,27.0,,,,,,
1044299,Genk,Hyun-Gyu Oh,FW / Striker / ST,1103,6.85,6.9,6.0,7.63,7.62,7.63,49.0,24.0,3.0,1.48,156.0,80.8,6.0,85.7,17.0,5.0,1.0,20.0,6.0,54.5,46.0,39.0,15.0,27.3,382.0,86.0,12.0,15.0,10.0,1.0,14.0,25.0,7.0,3.0,0.0,20.0,17.13,1.0,0.0,3.0,,,,11.0,3.0,,,,,,
1577582,Genk,Noah Adedeji-Sternberg,FW / Right Midfielder / RM / Left Midfielder / LM / Left Winger / LW,623,6.72,7.7,0.0,0.67,1.12,0.67,13.0,2.0,0.0,2.1,241.0,82.5,1.0,25.0,11.0,4.0,7.0,21.9,15.0,40.5,57.0,50.9,4.0,33.3,491.0,39.0,13.0,26.0,12.0,5.0,8.0,24.0,4.0,4.0,0.0,9.0,9.33,0.0,0.0,,,,,,1.0,,,,,,
1228408,Genk,Jusef Erabi,FW / Striker / ST,376,6.45,7.8,1.0,1.13,0.87,1.13,9.0,4.0,0.0,0.08,57.0,89.1,1.0,100.0,2.0,,,,,,16.0,34.0,7.0,28.0,102.0,19.0,4.0,5.0,4.0,,6.0,9.0,1.0,,0.0,3.0,4.2,2.0,0.0,,,,,3.0,1.0,,,,,,
1536436,Genk,Konstantinos Karetsas,MF / Right Back / RB / Central Midfielder / CM / Right Winger / RW / Attacking Midfielder / AM,1373,7.03,25.8,0.0,2.54,1.46,2.54,39.0,12.0,7.0,3.6,534.0,82.5,39.0,65.0,44.0,4.0,17.0,15.5,33.0,44.6,99.0,46.0,6.0,27.3,1099.0,61.0,35.0,42.0,18.0,5.0,11.0,54.0,8.0,14.0,0.0,24.0,19.07,2.0,0.0,,,,,,7.0,,,,,,
992025,Salzburg,Aleksa Terzic,DF / Right Back / RB / Left Back / LB / Left Wing-Back / LWB / Left Winger / LW,666,7.23,2.3,0.0,0.09,0.24,0.09,3.0,1.0,1.0,1.62,380.0,81.0,30.0,61.2,7.0,2.0,12.0,25.5,5.0,33.3,35.0,56.5,9.0,60.0,700.0,6.0,3.0,6.0,16.0,4.0,2.0,40.0,2.0,6.0,1.0,8.0,9.17,0.0,0.0,1.0,,,,,,,,,,,
1394109,Salzburg,Moussa Kounfolo Yeo,FW / MF / Right Midfielder / RM / Central Midfielder / CM / Left Midfielder / LM / Attacking Midfielder / AM / Left Winger / LW / Striker / ST,670,7.0,6.2,1.0,2.0,1.21,2.0,15.0,5.0,2.0,2.36,207.0,77.8,7.0,63.6,16.0,4.0,3.0,30.0,15.0,46.9,48.0,42.5,4.0,36.4,450.0,37.0,15.0,7.0,22.0,14.0,14.0,43.0,7.0,12.0,0.0,8.0,10.0,1.0,0.0,2.0,,,,,,,,,,,
1081025,Salzburg,Mads Bidstrup,FW / MF / Center Back / CB / Defensive Midfielder / DM / Central Midfielder / CM,973,7.29,14.4,0.0,0.22,,0.22,7.0,,0.0,0.53,537.0,85.8,27.0,55.1,10.0,,2.0,25.0,8.0,53.3,78.0,61.4,13.0,72.2,836.0,9.0,14.0,19.0,39.0,15.0,10.0,66.0,7.0,14.0,2.0,15.0,14.58,1.0,0.0,,,1.0,,,,,,,,,
1429598,Salzburg,Soumaila Diabate,FW / MF / Right Wing-Back / RWB / Defensive Midfielder / DM / Central Midfielder / CM / Attacking Midfielder / AM,998,7.08,4.7,2.0,1.21,1.23,1.21,9.0,3.0,1.0,0.29,540.0,88.7,23.0,57.5,7.0,2.0,,,11.0,68.8,52.0,52.0,11.0,52.4,795.0,6.0,8.0,9.0,21.0,19.0,15.0,56.0,1.0,10.0,3.0,12.0,16.24,5.0,1.0,5.0,,,1.0,,,,,,,,
1684401,Salzburg,Kerim Alajbegovic,FW / Left Midfielder / LM / Right Winger / RW / Left Winger / LW,860,7.24,7.8,6.0,2.5,3.17,2.5,43.0,17.0,1.0,1.91,321.0,80.7,17.0,53.1,15.0,3.0,9.0,17.0,19.0,40.4,64.0,49.6,1.0,25.0,666.0,31.0,14.0,28.0,16.0,1.0,20.0,45.0,7.0,3.0,1.0,9.0,13.39,3.0,0.0,,,,1.0,,,,,,,,
1632055,Salzburg,Edmund Baidoo,FW / Right Winger / RW / Striker / ST,855,7.11,6.1,5.0,6.18,6.87,6.18,31.0,18.0,2.0,1.57,186.0,75.6,5.0,100.0,21.0,3.0,7.0,41.2,21.0,41.2,53.0,41.7,5.0,19.2,456.0,68.0,13.0,12.0,15.0,1.0,8.0,33.0,4.0,5.0,0.0,10.0,14.27,0.0,0.0,,,,,,,,,,,,
940453,Salzburg,Yorbe Vertessen,FW / Attacking Midfielder / AM / Left Winger / LW / Striker / ST,806,7.01,6.3,5.0,4.7,4.17,4.7,21.0,9.0,2.0,1.47,135.0,69.9,2.0,25.0,19.0,3.0,1.0,16.7,11.0,40.7,60.0,48.0,14.0,46.7,368.0,48.0,14.0,16.0,19.0,1.0,16.0,29.0,8.0,4.0,0.0,11.0,10.27,1.0,0.0,2.0,,,,,,,,,,,
1338846,Salzburg,Sota Kitano,MF / Right Midfielder / RM / Central Midfielder / CM / Left Midfielder / LM / Right Winger / RW / Attacking Midfielder / AM / Left Winger / LW,585,6.99,2.0,4.0,1.4,2.68,1.4,15.0,8.0,2.0,1.11,194.0,74.9,8.0,40.0,9.0,2.0,3.0,25.0,9.0,45.0,35.0,46.7,3.0,25.0,401.0,28.0,8.0,10.0,13.0,5.0,3.0,37.0,7.0,9.0,0.0,10.0,8.75,1.0,0.0,2.0,,,,,,,,,,,
176953,Salzburg,Karim Onisiwo,FW / Striker / ST,220,6.53,376.9,0.0,1.53,1.13,1.53,7.0,3.0,1.0,0.18,32.0,74.4,2.0,100.0,3.0,1.0,,,1.0,50.0,20.0,62.5,11.0,73.3,84.0,13.0,4.0,7.0,1.0,3.0,2.0,5.0,,1.0,0.0,3.0,3.8,0.0,0.0,,,,,,,,,,,,
1070404,Salzburg,Maurits Kjærgaard,MF / Defensive Midfielder / DM / Central Midfielder / CM / Left Midfielder / LM / Left Winger / LW,757,7.33,11.6,1.0,2.3,1.61,2.3,23.0,7.0,4.0,1.8,397.0,86.3,22.0,71.0,25.0,5.0,15.0,28.8,5.0,50.0,17.0,45.9,1.0,25.0,627.0,23.0,7.0,4.0,7.0,5.0,3.0,38.0,2.0,3.0,0.0,14.0,11.22,0.0,0.0,1.0,,,,,,,,,,,
1436856,FC Porto,Victor Froholdt,FW / MF / Defensive Midfielder / DM / Central Midfielder / CM / Attacking Midfielder / AM / Left Winger / LW,120,8.33,25.6,0.0,0.03,,0.03,1.0,,0.0,0.33,48.0,88.9,1.0,100.0,3.0,1.0,,,2.0,66.7,5.0,45.5,2.0,50.0,68.0,1.0,0.0,,1.0,1.0,2.0,10.0,1.0,2.0,0.0,2.0,1.94,0.0,0.0,,,,,,,,,,,,
1186684,FC Porto,Alan Varela,FW / MF / Defensive Midfielder / DM / Central Midfielder / CM,1280,7.1,36.7,2.0,1.59,2.06,0.81,12.0,6.0,0.0,1.6,586.0,86.6,27.0,58.7,12.0,3.0,5.0,38.5,7.0,70.0,46.0,49.5,10.0,47.6,817.0,11.0,5.0,14.0,15.0,11.0,18.0,63.0,6.0,10.0,8.0,4.0,8.04,4.0,0.0,8.0,1.0,,,,15.0,,,,,,
1116734,FC Porto,Gabriel Veiga,FW / MF / Defensive Midfielder / DM / Central Midfielder / CM / Attacking Midfielder / AM / Left Winger / LW,833,6.94,23.8,1.0,2.11,2.12,2.11,23.0,7.0,4.0,1.69,263.0,81.7,8.0,61.5,22.0,5.0,17.0,26.2,6.0,37.5,39.0,41.1,2.0,20.0,530.0,35.0,8.0,9.0,22.0,7.0,12.0,25.0,3.0,18.0,1.0,1.0,4.3,3.0,0.0,,,1.0,,,2.0,,,,,,
850356,FC Porto,Pepe,FW / Right Wing-Back / RWB / Right Winger / RW / Left Winger / LW / Striker / ST,1201,7.46,22.3,2.0,2.29,2.26,2.29,14.0,5.0,4.0,2.04,297.0,72.1,12.0,54.5,26.0,7.0,14.0,25.0,19.0,46.3,86.0,53.1,15.0,50.0,701.0,34.0,15.0,35.0,18.0,7.0,12.0,64.0,8.0,13.0,4.0,3.0,5.64,1.0,0.0,,,,,,6.0,,,,,,
1414859,FC Porto,Samuel Aghehowa,FW / Striker / ST,1281,7.46,70.8,13.0,11.86,14.18,7.13,55.0,33.0,1.0,0.8,164.0,72.9,4.0,57.1,7.0,1.0,1.0,20.0,19.0,44.2,61.0,41.8,19.0,47.5,470.0,100.0,23.0,23.0,2.0,3.0,16.0,30.0,11.0,5.0,3.0,3.0,6.58,3.0,0.0,,5.0,1.0,,11.0,1.0,,,,,,
1083204,FC Porto,Borja Sainz,FW / Attacking Midfielder / AM / Left Winger / LW / Striker / ST,1178,7.27,22.3,5.0,3.78,3.39,3.78,39.0,14.0,2.0,0.99,240.0,78.2,2.0,40.0,11.0,1.0,1.0,9.1,20.0,46.5,66.0,42.3,5.0,62.5,580.0,60.0,17.0,28.0,13.0,7.0,23.0,69.0,12.0,24.0,4.0,3.0,7.26,5.0,0.0,,,1.0,,2.0,2.0,,,,,,
1580427,FC Porto,William Gomes,FW / Right Winger / RW / Striker / ST / Left Winger / LW,779,6.81,19.5,5.0,3.43,4.25,3.43,28.0,12.0,0.0,0.71,128.0,67.4,9.0,69.2,6.0,2.0,4.0,12.5,16.0,41.0,45.0,35.7,1.0,7.1,395.0,45.0,13.0,10.0,18.0,3.0,19.0,30.0,9.0,14.0,1.0,1.0,4.86,3.0,0.0,1.0,,,,,2.0,,,,,,
1525065,FC Porto,Rodrigo Mora,MF / Central Midfielder / CM / Attacking Midfielder / AM / Striker / ST / Left Winger / LW,714,6.93,47.2,1.0,1.38,0.8,1.38,20.0,4.0,1.0,2.36,222.0,81.6,13.0,68.4,20.0,4.0,7.0,26.9,15.0,46.9,35.0,44.3,5.0,62.5,431.0,42.0,10.0,3.0,12.0,4.0,5.0,40.0,11.0,9.0,0.0,2.0,4.72,0.0,0.0,1.0,,,,,11.0,,,,,,
1406300,FC Porto,Deniz Gül,FW / Striker / ST / Left Winger / LW,90,6.31,5.5,,,,,,,,,,,,,,,,,,,,,,,,,,,,,,,,,,,,,,,,,,,,,,,,,
1070908,Young Boys,Darian Males,FW / MF / Right Midfielder / RM / Left Midfielder / LM / Right Winger / RW / Attacking Midfielder / AM,674,6.72,2.4,4.0,1.66,2.83,1.66,17.0,8.0,0.0,0.68,154.0,81.5,11.0,78.6,6.0,1.0,5.0,27.8,3.0,33.3,27.0,50.9,1.0,50.0,302.0,32.0,6.0,14.0,9.0,3.0,9.0,14.0,1.0,5.0,1.0,13.0,12.91,0.0,0.0,1.0,,2.0,,,,,,,,,
1057426,Young Boys,Armin Gigovic,FW / MF / Defensive Midfielder / DM / Central Midfielder / CM / Left Midfielder / LM / Attacking Midfielder / AM / Right Winger / RW / Striker / ST,90,7.26,4.0,1.0,0.22,0.2,0.22,2.0,1.0,0.0,0.01,17.0,70.8,2.0,50.0,,,,,1.0,100.0,4.0,40.0,1.0,25.0,36.0,4.0,1.0,1.0,1.0,,,4.0,2.0,2.0,0.0,1.0,0.29,0.0,0.0,,,,,,,,,,,,
451335,Young Boys,Edimilson Fernandes,FW / MF / Right Back / RB / Center Back / CB / Defensive Midfielder / DM / Central Midfielder / CM,824,7.21,1.9,1.0,0.44,0.32,0.44,15.0,5.0,3.0,1.83,350.0,83.7,47.0,60.3,24.0,3.0,15.0,34.9,3.0,60.0,32.0,55.2,5.0,35.7,581.0,7.0,4.0,9.0,15.0,15.0,8.0,42.0,1.0,4.0,0.0,17.0,13.99,1.0,1.0,1.0,,,1.0,,,,,,,,
1187691,Young Boys,Joel Monteiro,FW / MF / Defensive Midfielder / DM / Left Midfielder / LM / Left Winger / LW / Striker / ST,1066,6.72,3.5,2.0,2.49,2.08,2.49,20.0,8.0,0.0,1.64,224.0,74.9,13.0,54.2,13.0,1.0,4.0,20.0,25.0,43.1,86.0,42.6,12.0,41.4,603.0,55.0,27.0,17.0,32.0,4.0,31.0,56.0,3.0,12.0,0.0,25.0,18.31,2.0,0.0,2.0,,,,,,,,,,,
581132,Young Boys (on loan),Chris Bedia,FW / Left Winger / LW / Striker / ST,1331,7.12,2.1,12.0,9.16,11.48,7.58,37.0,20.0,3.0,1.68,139.0,74.7,1.0,20.0,17.0,6.0,1.0,33.3,10.0,50.0,76.0,45.8,35.0,53.0,414.0,91.0,18.0,24.0,8.0,1.0,31.0,20.0,3.0,1.0,1.0,31.0,24.43,5.0,0.0,1.0,2.0,1.0,,,,,,,,,
618774,Young Boys,Christian Fassnacht,FW / MF / Defensive Midfielder / DM / Right Midfielder / RM / Left Midfielder / LM / Right Winger / RW / Attacking Midfielder / AM / Left Winger / LW / Striker / ST,1641,7.36,1.5,11.0,9.96,11.26,8.38,54.0,23.0,6.0,1.67,308.0,76.8,11.0,52.4,21.0,6.0,4.0,33.3,6.0,46.2,71.0,47.3,19.0,45.2,673.0,74.0,17.0,7.0,39.0,7.0,17.0,57.0,7.0,17.0,3.0,37.0,32.27,0.0,0.0,1.0,1.0,,,,,,,,,,
656530,Young Boys,Sergio Cordova,FW / Right Winger / RW / Attacking Midfielder / AM / Striker / ST,778,6.52,1.4,2.0,3.37,2.51,3.37,18.0,5.0,3.0,0.84,106.0,59.6,2.0,50.0,7.0,1.0,1.0,12.5,5.0,83.3,84.0,56.0,56.0,56.6,316.0,37.0,17.0,16.0,7.0,,8.0,20.0,3.0,,1.0,22.0,22.44,0.0,0.0,,,,,,,,,,,,
996894,Young Boys,Ebrima Colley,FW / Right Midfielder / RM / Right Winger / RW / Striker / ST,222,6.41,1.5,0.0,0.79,0.13,0.79,8.0,2.0,0.0,0.38,51.0,81.0,,,4.0,,1.0,11.1,4.0,50.0,19.0,52.8,2.0,33.3,138.0,20.0,5.0,7.0,6.0,5.0,3.0,5.0,1.0,1.0,0.0,3.0,4.15,0.0,0.0,1.0,,1.0,,,,,,,,,
591529,Young Boys,Rayan Raveloson,MF / Left Back / LB / Defensive Midfielder / DM / Central Midfielder / CM / Left Midfielder / LM / Attacking Midfielder / AM / Right Winger / RW,1326,6.65,1.6,0.0,1.16,0.77,1.16,23.0,6.0,0.0,0.69,493.0,82.0,34.0,45.9,12.0,,5.0,26.3,5.0,71.4,56.0,52.8,14.0,60.9,813.0,14.0,12.0,16.0,21.0,13.0,14.0,74.0,2.0,14.0,2.0,29.0,24.69,3.0,1.0,8.0,,,1.0,,,,,,,,
1473991,Young Boys (on loan),Dominik Pech,MF / Defensive Midfielder / DM / Central Midfielder / CM / Attacking Midfielder / AM,494,6.54,2.2,0.0,0.47,0.2,0.47,5.0,1.0,1.0,0.27,185.0,86.0,14.0,58.3,6.0,,3.0,42.9,9.0,47.4,24.0,51.1,,,311.0,6.0,5.0,8.0,7.0,5.0,2.0,34.0,,3.0,0.0,11.0,11.33,0.0,0.0,1.0,,,,,,,,,,,
200628,Panathinaikos,Anastasios Bakasetas,FW / MF / Defensive Midfielder / DM / Central Midfielder / CM / Right Winger / RW / Attacking Midfielder / AM / Striker / ST / Left Winger / LW,1080,7.32,2.0,3.0,3.6,2.76,2.02,30.0,10.0,2.0,2.22,414.0,82.8,15.0,65.2,26.0,5.0,16.0,23.5,13.0,72.2,71.0,52.6,18.0,58.1,731.0,30.0,11.0,20.0,22.0,3.0,26.0,61.0,11.0,10.0,3.0,13.0,13.47,3.0,0.0,1.0,2.0,,,,,,,,,,
478388,Panathinaikos,Manolis Siopis,FW / MF / Center Back / CB / Defensive Midfielder / DM / Central Midfielder / CM,776,6.52,1.0,0.0,0.02,,0.02,1.0,,0.0,0.43,277.0,82.0,19.0,65.5,2.0,,,,2.0,33.3,44.0,47.8,6.0,54.5,441.0,3.0,7.0,25.0,11.0,9.0,14.0,42.0,1.0,18.0,2.0,9.0,8.59,2.0,0.0,3.0,,,,,,,,,,,
589344,Panathinaikos (on loan),Renato Sanches,FW / MF / Defensive Midfielder / DM / Central Midfielder / CM,319,6.69,1.5,0.0,0.51,0.67,0.51,8.0,3.0,1.0,0.83,227.0,89.4,17.0,85.0,7.0,1.0,4.0,36.4,9.0,75.0,25.0,55.6,1.0,33.3,324.0,6.0,4.0,11.0,4.0,2.0,6.0,25.0,5.0,5.0,0.0,6.0,3.91,1.0,0.0,,,,,,,,,,,,
1039534,Gremio,Tete,FW / Defensive Midfielder / DM / Right Midfielder / RM / Right Winger / RW / Attacking Midfielder / AM / Left Winger / LW,90,6.32,10.8,0.0,0.07,,0.07,2.0,,0.0,0.14,28.0,77.8,1.0,33.3,2.0,,1.0,50.0,3.0,100.0,7.0,46.7,3.0,42.9,56.0,2.0,4.0,2.0,,1.0,,2.0,,,0.0,2.0,2.33,0.0,0.0,,,,,,,,,,,,
558136,Panathinaikos,Karol Swiderski,FW / Attacking Midfielder / AM / Striker / ST,771,6.83,3.0,4.0,5.25,4.65,2.88,23.0,8.0,0.0,1.5,98.0,69.5,4.0,100.0,10.0,4.0,1.0,50.0,6.0,46.2,36.0,48.6,12.0,37.5,249.0,58.0,3.0,15.0,3.0,2.0,9.0,7.0,3.0,1.0,0.0,10.0,7.66,1.0,0.0,,2.0,1.0,,,,,,,,,
1069536,Panathinaikos (on loan),Anass Zaroury,FW / Defensive Midfielder / DM / Left Wing-Back / LWB / Central Midfielder / CM / Left Midfielder / LM / Right Winger / RW / Attacking Midfielder / AM / Left Winger / LW,994,6.96,9.0,2.0,1.64,1.66,0.85,16.0,5.0,2.0,2.44,229.0,75.8,15.0,55.6,17.0,5.0,12.0,19.0,14.0,46.7,41.0,42.7,1.0,8.3,529.0,31.0,7.0,11.0,15.0,4.0,15.0,35.0,5.0,7.0,1.0,13.0,10.89,1.0,0.0,,1.0,1.0,,,,,,,,,
526230,Panathinaikos,Cyriel Dessers,FW / Striker / ST / Left Winger / LW,135,5.86,2.2,0.0,,,,0.0,,0.0,0.02,15.0,68.2,,,,,,,,,3.0,20.0,,,44.0,16.0,5.0,2.0,1.0,,4.0,2.0,1.0,,0.0,2.0,1.28,1.0,0.0,,,,,,,,,,,,
680031,Panathinaikos,Pedro Chirivella,MF / Defensive Midfielder / DM / Central Midfielder / CM / Right Winger / RW,1310,6.99,2.6,0.0,0.17,0.71,0.17,3.0,3.0,1.0,1.28,756.0,88.7,52.0,57.1,10.0,2.0,3.0,42.9,3.0,60.0,59.0,57.8,12.0,63.2,1002.0,4.0,7.0,16.0,28.0,11.0,22.0,54.0,4.0,6.0,1.0,17.0,13.11,4.0,0.0,5.0,,,,,,,,,,,
1280328,Panathinaikos,Vicente Taborda,MF / Left Midfielder / LM / Attacking Midfielder / AM / Left Winger / LW / Right Winger / RW / Striker / ST,90,0.93,582.5,,,,,,,,,,,,,,,,,,,,,,,,,,,,,,,,,,,,,,,,,,,,,,,,,
1138592,FC Utrecht,Zidane Iqbal,MF / Center Back / CB / Defensive Midfielder / DM / Central Midfielder / CM / Left Midfielder / LM / Attacking Midfielder / AM,255,6.68,3.4,0.0,,,,0.0,,0.0,0.37,165.0,90.2,11.0,68.8,1.0,,,,4.0,57.1,18.0,62.1,1.0,33.3,223.0,1.0,2.0,4.0,9.0,4.0,2.0,15.0,1.0,2.0,0.0,6.0,6.74,1.0,0.0,1.0,,,,,1.0,,,,,,
940086,FC Utrecht,Can Bozdogan,MF / Defensive Midfielder / DM / Central Midfielder / CM / Attacking Midfielder / AM / Right Winger / RW,289,6.33,2.0,1.0,1.0,1.25,1.0,13.0,6.0,0.0,0.2,130.0,82.8,5.0,50.0,3.0,,2.0,28.6,1.0,100.0,25.0,56.8,8.0,47.1,227.0,9.0,3.0,9.0,7.0,2.0,5.0,17.0,1.0,2.0,0.0,4.0,5.96,0.0,0.0,1.0,,,,1.0,4.0,,,,,,
1359577,Excelsior (on loan),Miliano Jonathans,FW / Right Midfielder / RM / Right Winger / RW,364,6.49,1.2,1.0,1.24,0.63,1.24,9.0,3.0,1.0,0.63,88.0,75.2,6.0,54.5,6.0,,3.0,33.3,4.0,40.0,15.0,40.5,3.0,50.0,196.0,13.0,6.0,4.0,4.0,,4.0,14.0,1.0,3.0,0.0,10.0,9.49,0.0,0.0,1.0,,,,2.0,6.0,,,,,,
1050831,Celtic,Paulo Bernardo,FW / MF / Defensive Midfielder / DM / Central Midfielder / CM,214,6.68,5.8,0.0,0.07,0.12,0.07,1.0,1.0,0.0,0.34,165.0,86.4,6.0,46.2,2.0,,1.0,20.0,2.0,100.0,15.0,60.0,3.0,33.3,232.0,3.0,2.0,3.0,7.0,2.0,2.0,15.0,,,0.0,3.0,2.38,1.0,0.0,,,,,,,,,,,,
1666020,Braga,Yanis da Rocha,FW / MF / Right Back / RB / Right Midfielder / RM / Central Midfielder / CM,90,6.07,130.0,,,,,,,,,,,,,,,,,,,,,,,,,,,,,,,,,,,,,,,,,,,,,,,,,
617044,Braga,Florian Grillitsch,FW / MF / Defensive Midfielder / DM / Central Midfielder / CM / Attacking Midfielder / AM / Right Winger / RW,538,6.79,1.4,0.0,0.19,0.25,0.19,3.0,1.0,0.0,0.46,458.0,88.6,22.0,66.7,3.0,,,,2.0,40.0,36.0,61.0,10.0,50.0,598.0,12.0,2.0,16.0,8.0,9.0,2.0,31.0,3.0,6.0,1.0,5.0,6.12,2.0,0.0,,,1.0,,1.0,6.0,,,,,,
1287941,Braga,Gabri Martinez,FW / Right Midfielder / RM / Left Midfielder / LM / Right Winger / RW / Left Winger / LW,700,6.7,4.5,0.0,1.45,0.72,1.45,15.0,3.0,2.0,1.85,244.0,77.7,6.0,54.5,9.0,2.0,1.0,3.6,16.0,44.4,53.0,46.5,5.0,62.5,543.0,58.0,14.0,16.0,18.0,6.0,13.0,39.0,7.0,11.0,1.0,7.0,11.23,2.0,0.0,,,2.0,1.0,3.0,5.0,,,,,,
1190097,FCSB,Octavian Popescu,FW / Attacking Midfielder / AM / Left Winger / LW,476,6.63,1.2,0.0,,,,13.0,5.0,1.0,,227.0,83.8,7.0,77.8,17.0,4.0,12.0,44.4,7.0,43.8,29.0,46.8,1.0,10.0,399.0,12.0,9.0,12.0,9.0,5.0,5.0,23.0,2.0,1.0,0.0,11.0,,0.0,0.0,,,,,2.0,3.0,,,,,,
974593,FCSB,Dennis Politic,FW / Attacking Midfielder / AM / Left Winger / LW / Striker / ST,307,6.09,1.1,1.0,,,,7.0,2.0,0.0,,76.0,79.2,,,4.0,,2.0,28.6,2.0,33.3,17.0,44.7,4.0,57.1,163.0,21.0,5.0,6.0,5.0,,5.0,8.0,1.0,4.0,0.0,7.0,,1.0,0.0,,,,,1.0,2.0,,,,,,
1680585,Grasshopper (on loan),Felix Emmanuel Tsimba,FW / Striker / ST,142,5.94,613.6,0.0,0.32,0.17,0.32,3.0,2.0,0.0,0.2,19.0,82.6,,,2.0,,1.0,33.3,2.0,66.7,3.0,17.6,,,44.0,5.0,2.0,1.0,,,5.0,3.0,,,0.0,2.0,3.63,1.0,0.0,,,,,,,,,,,,
450011,Fenerbahçe,Anderson Talisca,FW / MF / Central Midfielder / CM / Right Winger / RW / Attacking Midfielder / AM / Striker / ST,1153,7.36,3.3,11.0,9.94,11.03,6.0,69.0,27.0,2.0,1.55,298.0,84.4,20.0,74.1,16.0,1.0,1.0,10.0,13.0,65.0,52.0,46.8,18.0,47.4,569.0,55.0,9.0,17.0,4.0,4.0,12.0,29.0,6.0,11.0,1.0,8.0,8.88,0.0,0.0,3.0,3.0,,,9.0,13.0,,,,,,
1183589,Fenerbahçe,Ismail Yüksek,FW / MF / Right Wing-Back / RWB / Defensive Midfielder / DM / Central Midfielder / CM / Attacking Midfielder / AM,1148,7.29,11.1,1.0,1.08,1.08,1.08,18.0,3.0,0.0,1.13,637.0,87.3,30.0,65.2,12.0,2.0,1.0,16.7,18.0,78.3,108.0,63.2,16.0,61.5,968.0,21.0,12.0,23.0,52.0,14.0,26.0,77.0,11.0,11.0,1.0,15.0,10.73,5.0,0.0,4.0,,,,4.0,13.0,,,,,,
1072317,Nice (on loan),Tiago Gouveia,FW / MF / Right Back / RB / Right Wing-Back / RWB / Left Wing-Back / LWB / Right Midfielder / RM / Left Midfielder / LM / Right Winger / RW / Left Winger / LW,90,0.1,3.5,,,,,,,,,,,,,,,,,,,,,,,,,,,,,,,,,,,,,,,,,,,,,,,,,
726948,Ludogorets Razgrad,Bernard Tekpetey,FW / Right Midfielder / RM / Right Winger / RW / Attacking Midfielder / AM / Left Winger / LW / Striker / ST,90,6.96,1.9,,,,,,,,,,,,,,,,,,,,,,,,,,,,,,,,,,,,,,,,,,,,,,,,,
863156,Panathinaikos,Adam Gnezda Cerin,FW / MF / Defensive Midfielder / DM / Central Midfielder / CM / Attacking Midfielder / AM,901,6.9,4.4,1.0,1.22,1.08,1.22,17.0,3.0,0.0,1.09,559.0,90.2,19.0,61.3,13.0,3.0,8.0,29.6,8.0,47.1,62.0,55.4,20.0,71.4,802.0,23.0,12.0,15.0,20.0,6.0,14.0,40.0,7.0,8.0,1.0,11.0,10.35,1.0,0.0,2.0,,,1.0,,,,,,,,
178538,Panathinaikos,Filip Djuricic,FW / Central Midfielder / CM / Left Midfielder / LM / Attacking Midfielder / AM / Left Winger / LW / Right Winger / RW / Striker / ST,807,6.87,472.0,3.0,3.16,3.04,2.38,16.0,6.0,0.0,1.59,241.0,82.8,6.0,54.5,13.0,1.0,,,8.0,38.1,47.0,41.2,4.0,33.3,463.0,45.0,15.0,19.0,16.0,3.0,24.0,29.0,6.0,11.0,1.0,9.0,7.93,5.0,0.0,,,1.0,,,,,,,,,
1391319,Go Ahead Eagles,Aske Adelgaard,DF / Right Back / RB / Left Back / LB / Right Winger / RW,540,6.43,1.3,0.0,0.09,0.04,0.09,4.0,2.0,1.0,0.92,175.0,82.5,6.0,35.3,5.0,1.0,7.0,26.9,4.0,57.1,22.0,53.7,8.0,66.7,345.0,5.0,0.0,3.0,8.0,5.0,8.0,23.0,2.0,4.0,0.0,11.0,9.78,2.0,0.0,3.0,,,,1.0,15.0,,,,,,
1611068,Viktoria Plzen,Karel Spacil,DF / Center Back / CB / Left Back / LB / Left Wing-Back / LWB / Defensive Midfielder / DM / Central Midfielder / CM / Left Midfielder / LM / Striker / ST,1016,6.87,3.5,1.0,,,,6.0,1.0,1.0,,458.0,87.6,16.0,43.2,4.0,1.0,2.0,14.3,10.0,55.6,67.0,54.5,27.0,51.9,723.0,9.0,4.0,15.0,17.0,15.0,16.0,55.0,4.0,3.0,2.0,14.0,,4.0,0.0,2.0,,,,,,,,,,,
464020,Bohemians 1905,Milan Havel,DF / Right Back / RB / Center Back / CB / Right Wing-Back / RWB / Left Wing-Back / LWB / Right Midfielder / RM / Right Winger / RW / Attacking Midfielder / AM,461,6.51,200.7,0.0,,,,7.0,2.0,0.0,,148.0,78.7,5.0,23.8,5.0,3.0,2.0,12.5,3.0,100.0,16.0,48.5,5.0,45.5,278.0,22.0,2.0,3.0,5.0,3.0,6.0,17.0,2.0,3.0,1.0,5.0,,2.0,0.0,2.0,,,,,,,,,,,
1289105,Malmö FF,Emmanuel Ekong,FW / Right Midfielder / RM / Right Winger / RW / Striker / ST,919,6.61,602.6,4.0,4.35,4.56,4.35,28.0,14.0,0.0,0.83,149.0,81.9,4.0,66.7,5.0,1.0,,,14.0,46.7,47.0,43.9,12.0,42.9,358.0,46.0,18.0,17.0,4.0,1.0,9.0,32.0,8.0,2.0,0.0,12.0,16.23,0.0,0.0,2.0,,,,,,,,,,,
200189,Malmö FF,Oliver Berg,MF / Right Midfielder / RM / Central Midfielder / CM / Left Midfielder / LM / Attacking Midfielder / AM / Striker / ST,563,6.61,229.5,0.0,0.33,0.17,0.33,5.0,1.0,1.0,0.94,222.0,87.4,8.0,50.0,10.0,2.0,2.0,40.0,5.0,71.4,24.0,50.0,3.0,37.5,350.0,20.0,6.0,6.0,10.0,5.0,3.0,25.0,2.0,8.0,0.0,6.0,7.9,0.0,0.0,1.0,,,,,,,,,,,
1388477,Malmö FF,Salifou Soumah,MF / Right Midfielder / RM / Striker / ST,165,6.44,1.2,0.0,0.2,,0.2,5.0,,0.0,0.09,40.0,74.1,1.0,50.0,2.0,,1.0,20.0,5.0,71.4,18.0,52.9,2.0,50.0,108.0,9.0,4.0,4.0,7.0,3.0,5.0,12.0,4.0,3.0,0.0,2.0,4.04,1.0,0.0,,,,,,,,,,,,
1091973,Basel (on loan),Koba Koindredi,MF / Defensive Midfielder / DM / Central Midfielder / CM / Attacking Midfielder / AM,703,6.65,4.4,1.0,1.71,1.26,0.92,12.0,3.0,0.0,0.86,272.0,84.2,12.0,52.2,8.0,,7.0,41.2,7.0,63.6,43.0,58.1,9.0,56.2,455.0,12.0,7.0,9.0,18.0,8.0,7.0,39.0,3.0,6.0,0.0,13.0,15.08,3.0,0.0,1.0,1.0,,,,,,,,,,
1760251,Basel,Andrej Bacanin,MF / Defensive Midfielder / DM / Central Midfielder / CM / Attacking Midfielder / AM,403,6.44,2.3,0.0,0.16,0.18,0.16,5.0,1.0,0.0,0.23,170.0,79.4,15.0,75.0,2.0,,,,1.0,33.3,21.0,50.0,2.0,40.0,282.0,2.0,6.0,6.0,12.0,5.0,4.0,19.0,1.0,6.0,0.0,4.0,6.44,0.0,1.0,2.0,,,,,,,,,,,
1510950,Basel,Marin Soticek,FW / Right Midfielder / RM / Right Winger / RW / Attacking Midfielder / AM / Left Winger / LW / Striker / ST,611,6.73,2.3,0.0,1.69,0.84,1.69,13.0,3.0,1.0,0.84,141.0,80.6,2.0,50.0,11.0,2.0,2.0,28.6,14.0,58.3,60.0,58.8,5.0,35.7,333.0,36.0,9.0,23.0,18.0,1.0,12.0,29.0,4.0,2.0,1.0,5.0,10.6,2.0,0.0,1.0,,2.0,,,,,,,,,
1518938,VfB Stuttgart,Lazar Jovanovic,MF / Right Winger / RW,74,6.02,9.8,,,,,,,,,,,,,,,,,,,,,,,,,,,,,,,,,,,,,,,,,,,,,,,,,
1228840,PAOK Thessaloniki (on loan),Alessandro Bianco,MF / Defensive Midfielder / DM / Central Midfielder / CM / Right Winger / RW,146,6.37,5.3,1.0,0.06,0.21,0.06,2.0,1.0,0.0,0.18,68.0,81.0,2.0,28.6,2.0,1.0,1.0,50.0,,,4.0,30.8,1.0,25.0,106.0,3.0,2.0,1.0,2.0,3.0,4.0,2.0,,,0.0,1.0,1.0,1.0,0.0,1.0,,,,,,,,,,,
816223,FC Porto,Stephen Eustaquio,FW / MF / Center Back / CB / Defensive Midfielder / DM / Central Midfielder / CM / Right Winger / RW / Attacking Midfielder / AM,90,6.34,7.3,,,,,,,,,,,,,,,,,,,,,,,,,,,,,,,,,,,,,,,,,,,,,,,,,
1403694,FC Utrecht (on loan),Ángel Alarcon,FW / Right Winger / RW / Left Winger / LW / Striker / ST,90,6.13,1.6,,,,,,,,,,,,,,,,,,,,,,,,,,,,,,,,,,,,,,,,,,,,,,,,,
1647023,FK Crvena Zvezda,Vasilije Kostov,FW / MF / Defensive Midfielder / DM / Right Midfielder / RM / Central Midfielder / CM / Right Winger / RW / Attacking Midfielder / AM,1296,7.51,6.0,5.0,,,,34.0,16.0,5.0,,552.0,87.2,41.0,80.4,37.0,6.0,25.0,34.2,12.0,54.5,40.0,45.5,1.0,12.5,867.0,50.0,9.0,13.0,15.0,8.0,12.0,66.0,,10.0,2.0,13.0,,0.0,0.0,2.0,1.0,,,,,,,,,,
1222719,FK Crvena Zvezda,Nikola Stankovic,DF / Right Back / RB / Right Winger / RW,712,7.6,1.5,1.0,,,,7.0,4.0,1.0,,325.0,85.3,19.0,59.4,17.0,3.0,10.0,29.4,4.0,44.4,42.0,56.8,5.0,33.3,594.0,23.0,1.0,11.0,22.0,15.0,13.0,34.0,,3.0,3.0,7.0,,0.0,0.0,1.0,,,,,,,,,,,
623698,Feyenoord,In-Beom Hwang,FW / MF / Defensive Midfielder / DM / Central Midfielder / CM,500,7.13,9.3,1.0,0.76,0.96,0.76,9.0,3.0,3.0,1.73,237.0,79.5,10.0,41.7,11.0,3.0,5.0,25.0,4.0,66.7,35.0,62.5,11.0,64.7,396.0,7.0,3.0,8.0,12.0,7.0,6.0,36.0,3.0,4.0,0.0,13.0,8.56,0.0,0.0,1.0,,,,1.0,11.0,,,,,,
942393,Feyenoord,Ayase Ueda,FW / Striker / ST,1562,7.65,17.3,18.0,12.76,14.19,12.76,65.0,31.0,1.0,1.25,196.0,73.1,2.0,20.0,14.0,2.0,2.0,40.0,5.0,31.2,104.0,54.5,60.0,58.8,533.0,133.0,17.0,35.0,7.0,2.0,19.0,21.0,6.0,2.0,1.0,22.0,18.18,1.0,0.0,1.0,,1.0,,23.0,18.0,,,,,,
1425998,Feyenoord,Leo Sauer,FW / Right Midfielder / RM / Left Midfielder / LM / Attacking Midfielder / AM / Left Winger / LW / Right Winger / RW / Striker / ST,1274,7.04,11.3,3.0,2.0,3.78,2.0,29.0,13.0,2.0,3.13,261.0,76.5,3.0,50.0,19.0,4.0,5.0,17.2,24.0,44.4,66.0,45.2,14.0,46.7,576.0,106.0,14.0,16.0,12.0,4.0,11.0,46.0,6.0,11.0,2.0,21.0,15.19,1.0,0.0,,,,1.0,2.0,13.0,,,,,,
1553362,Feyenoord,Aymen Sliti,FW / Left Back / LB / Right Winger / RW / Left Winger / LW,281,6.44,30.0,1.0,0.45,0.6,0.45,6.0,2.0,0.0,1.06,78.0,76.5,6.0,85.7,7.0,2.0,4.0,12.5,4.0,57.1,16.0,44.4,5.0,45.5,186.0,11.0,1.0,5.0,2.0,,5.0,9.0,2.0,5.0,0.0,8.0,5.39,0.0,0.0,,,,,,4.0,,,,,,
1316930,Feyenoord,Jordan Bos,DF / Center Back / CB / Left Back / LB / Left Wing-Back / LWB / Left Winger / LW,996,7.41,6.2,3.0,1.06,0.88,1.06,19.0,6.0,3.0,2.22,487.0,86.0,11.0,45.8,15.0,5.0,11.0,28.9,26.0,54.2,100.0,59.5,28.0,62.2,939.0,34.0,12.0,10.0,38.0,10.0,7.0,67.0,4.0,10.0,2.0,20.0,11.85,0.0,0.0,4.0,,,1.0,,35.0,,,,,,
604044,Genk,Junya Ito,FW / Right Midfielder / RM / Left Midfielder / LM / Right Winger / RW / Attacking Midfielder / AM / Left Winger / LW / Striker / ST,529,6.86,3.7,3.0,1.22,0.87,1.22,14.0,5.0,0.0,1.3,203.0,79.9,10.0,62.5,11.0,3.0,11.0,30.6,9.0,45.0,28.0,42.4,3.0,33.3,389.0,26.0,12.0,6.0,10.0,5.0,5.0,24.0,4.0,4.0,0.0,10.0,7.26,1.0,0.0,,,,,,,,,,,,
1054011,Genk,Collins Sor,FW / Left Midfielder / LM / Attacking Midfielder / AM / Left Winger / LW / Right Winger / RW / Striker / ST,831,6.88,2.6,2.0,2.61,3.5,2.61,30.0,14.0,1.0,1.22,240.0,77.7,5.0,35.7,14.0,,5.0,22.7,9.0,34.6,40.0,47.6,2.0,20.0,476.0,56.0,6.0,16.0,13.0,7.0,11.0,39.0,4.0,4.0,0.0,10.0,13.06,0.0,0.0,,,,,,11.0,,,,,,
1246599,Ferencvaros,Barnabas Nagy,MF / Left Wing-Back / LWB / Right Midfielder / RM / Central Midfielder / CM / Left Midfielder / LM / Left Winger / LW / Striker / ST,90,6.45,295.8,,,,,,,,,,,,,,,,,,,,,,,,,,,,,,,,,,,,,,,,,,,,,,,,,
1133802,Ferencvaros,Yusuf Bamidele,FW / Left Winger / LW / Striker / ST,442,8.1,2.8,3.0,,,,14.0,4.0,3.0,,86.0,72.9,2.0,22.2,7.0,3.0,4.0,44.4,8.0,47.1,31.0,47.0,9.0,75.0,223.0,24.0,8.0,6.0,8.0,2.0,13.0,24.0,,3.0,1.0,4.0,,3.0,0.0,1.0,1.0,1.0,,,,,,,,,
532097,Ferencvaros,Kristoffer Zachariassen,FW / Center Back / CB / Defensive Midfielder / DM / Right Midfielder / RM / Central Midfielder / CM / Right Winger / RW / Striker / ST,90,6.41,1.8,,,,,,,,,,,,,,,,,,,,,,,,,,,,,,,,,,,,,,,,,,,,,,,,,
1647188,Lyon,Enzo Molebe,FW / Left Winger / LW,45,5.94,992.9,,,,,,,,,,,,,,,,,,,,,,,,,,,,,,,,,,,,,,,,,,,,,,,,,
1231909,Salzburg,Mamady Diambou,FW / MF / Defensive Midfielder / DM / Central Midfielder / CM,359,7.11,2.2,0.0,0.04,,0.04,1.0,,0.0,0.1,187.0,92.1,6.0,85.7,,,,,3.0,100.0,22.0,66.7,3.0,50.0,271.0,,2.0,4.0,12.0,6.0,3.0,27.0,4.0,3.0,1.0,2.0,4.96,0.0,0.0,1.0,,,,,,,,,,,
1459265,Salzburg,Frans Krätzig,DF / Left Back / LB / Left Wing-Back / LWB / Defensive Midfielder / DM / Left Midfielder / LM / Attacking Midfielder / AM / Left Winger / LW,694,6.92,3.8,0.0,0.18,0.12,0.18,2.0,1.0,1.0,1.44,313.0,80.3,19.0,44.2,9.0,3.0,7.0,35.0,12.0,70.6,35.0,54.7,4.0,28.6,581.0,16.0,4.0,6.0,13.0,9.0,7.0,43.0,1.0,5.0,1.0,11.0,12.0,2.0,1.0,2.0,,,,,,,,,,,
1518943,Maccabi Tel Aviv,Sayed Abu Farhi,FW / Right Wing-Back / RWB / Right Midfielder / RM / Left Midfielder / LM / Attacking Midfielder / AM / Left Winger / LW / Striker / ST,804,6.71,674.4,2.0,,,,29.0,6.0,0.0,,154.0,76.6,5.0,62.5,14.0,,8.0,34.8,11.0,52.4,73.0,54.1,20.0,62.5,403.0,41.0,13.0,25.0,17.0,,20.0,21.0,,7.0,0.0,12.0,,3.0,0.0,,,,,,,,,,,,
1508344,Dinamo Zagreb,Marko Soldo,MF / Right Midfielder / RM / Central Midfielder / CM / Right Winger / RW / Attacking Midfielder / AM / Striker / ST,90,6.9,1.3,,,,,,,,,,,,,,,,,,,,,,,,,,,,,,,,,,,,,,,,,,,,,,,,,
1276453,Dinamo Zagreb,Gabriel Vidovic,FW / Attacking Midfielder / AM / Left Winger / LW,460,6.75,2.5,1.0,,,,14.0,3.0,1.0,,148.0,88.1,3.0,50.0,5.0,1.0,1.0,33.3,6.0,46.2,31.0,49.2,4.0,44.4,272.0,21.0,13.0,13.0,8.0,2.0,7.0,30.0,3.0,1.0,0.0,3.0,,1.0,0.0,1.0,,1.0,,,2.0,,,,,,
1273298,FC Midtjylland,Victor Bak,DF / FW / Left Back / LB / Left Wing-Back / LWB / Central Midfielder / CM / Left Midfielder / LM,1269,7.0,1.9,0.0,0.53,1.08,0.53,10.0,3.0,0.0,0.96,415.0,79.5,25.0,40.3,13.0,1.0,7.0,25.9,9.0,50.0,52.0,52.5,9.0,64.3,835.0,21.0,5.0,3.0,31.0,16.0,13.0,67.0,8.0,15.0,4.0,16.0,18.42,1.0,0.0,1.0,,,,,,,,,,,
1329007,FC Midtjylland,Dario Osorio,MF / Right Wing-Back / RWB / Right Midfielder / RM / Central Midfielder / CM / Right Winger / RW / Attacking Midfielder / AM / Left Winger / LW / Striker / ST,998,7.61,9.9,4.0,3.12,4.7,3.12,40.0,16.0,5.0,1.56,302.0,81.6,32.0,74.4,21.0,2.0,8.0,24.2,38.0,60.3,93.0,58.1,5.0,62.5,664.0,38.0,13.0,25.0,26.0,9.0,11.0,59.0,11.0,16.0,1.0,13.0,14.62,1.0,0.0,,,,,,,,,,,,
652954,Sturm Graz,Otar Kiteishvili,FW / MF / Defensive Midfielder / DM / Central Midfielder / CM / Attacking Midfielder / AM / Left Winger / LW / Striker / ST,1054,7.71,1.1,8.0,4.96,5.49,2.59,38.0,14.0,2.0,2.43,493.0,80.8,19.0,63.3,28.0,5.0,,,21.0,51.2,81.0,53.6,11.0,40.7,882.0,60.0,12.0,24.0,25.0,6.0,13.0,55.0,5.0,11.0,2.0,17.0,17.5,2.0,0.0,1.0,3.0,1.0,,,,,,,,,
956621,Rangers (on loan),Max Aarons,DF / Right Back / RB / Left Back / LB / Right Wing-Back / RWB / Right Midfielder / RM / Right Winger / RW,700,7.02,5.0,1.0,0.25,0.9,0.25,6.0,2.0,0.0,0.85,375.0,86.0,7.0,24.1,7.0,1.0,5.0,17.2,9.0,64.3,46.0,69.7,3.0,42.9,648.0,18.0,6.0,17.0,17.0,7.0,4.0,20.0,2.0,1.0,2.0,6.0,10.15,2.0,0.0,2.0,,1.0,,,,,,,,,
931862,Rangers,Danilo,FW / Attacking Midfielder / AM / Left Winger / LW / Right Winger / RW / Striker / ST,562,6.61,6.8,3.0,1.86,3.51,1.86,20.0,6.0,0.0,0.68,104.0,75.9,3.0,50.0,7.0,1.0,1.0,100.0,4.0,40.0,17.0,39.5,9.0,47.4,228.0,27.0,6.0,2.0,2.0,2.0,2.0,21.0,5.0,3.0,0.0,5.0,7.08,0.0,0.0,,,,,,,,,,,,
1395939,Braga,Mario Dorgeles,MF / Right Wing-Back / RWB / Defensive Midfielder / DM / Right Midfielder / RM / Central Midfielder / CM / Left Midfielder / LM / Right Winger / RW / Attacking Midfielder / AM / Left Winger / LW,639,6.94,13.0,1.0,0.86,0.99,0.86,6.0,1.0,0.0,1.36,371.0,89.8,5.0,41.7,9.0,2.0,6.0,33.3,6.0,31.6,23.0,46.9,4.0,66.7,529.0,23.0,1.0,6.0,7.0,5.0,6.0,18.0,1.0,4.0,2.0,5.0,5.06,0.0,0.0,,,,,1.0,2.0,,,,,,
1797159,Braga,Joao Aragao,FW / Attacking Midfielder / AM / Right Winger / RW,90,,550.0,,,,,,,,,,,,,,,,,,,,,,,,,,,,,,,,,,,,,,,,,,,,,,,,,
1801168,FK Crvena Zvezda,Luka Zaric,FW / Right Midfielder / RM / Right Winger / RW,432,6.57,717.2,1.0,,,,10.0,2.0,1.0,,99.0,78.6,3.0,42.9,8.0,4.0,4.0,20.0,7.0,46.7,27.0,49.1,,,239.0,28.0,5.0,15.0,5.0,6.0,3.0,17.0,,9.0,0.0,6.0,,1.0,0.0,1.0,,,,,,,,,,,
1276931,Brann,Markus Haaland,FW / Left Midfielder / LM / Left Winger / LW / Striker / ST,309,6.69,889.5,2.0,0.66,1.19,0.66,9.0,5.0,1.0,1.58,114.0,79.7,,,7.0,1.0,1.0,12.5,16.0,61.5,21.0,42.0,1.0,20.0,223.0,24.0,6.0,3.0,1.0,1.0,7.0,8.0,3.0,2.0,0.0,8.0,3.98,0.0,0.0,,,,,,,,,,,,
1104712,Brann,Mads Kristian Hansen,FW / Attacking Midfielder / AM / Right Winger / RW / Left Winger / LW,718,6.34,838.8,0.0,2.35,1.41,2.35,31.0,8.0,0.0,1.93,207.0,77.5,6.0,54.5,13.0,2.0,8.0,25.8,6.0,25.0,27.0,28.1,9.0,37.5,448.0,54.0,14.0,5.0,7.0,,13.0,23.0,4.0,9.0,0.0,12.0,10.78,1.0,0.0,,,,,,,,,,,,
1088066,Fenerbahçe (on loan),Jhon Duran,FW / Right Winger / RW / Striker / ST,544,7.11,40.4,3.0,1.91,3.09,1.91,17.0,6.0,2.0,1.33,98.0,77.8,4.0,57.1,6.0,1.0,2.0,50.0,5.0,62.5,33.0,60.0,12.0,63.2,203.0,37.0,2.0,13.0,4.0,,12.0,14.0,3.0,,1.0,3.0,3.87,2.0,0.0,1.0,,1.0,,5.0,1.0,,,,,,
768505,Genk,Daan Heymans,MF / Defensive Midfielder / DM / Central Midfielder / CM / Attacking Midfielder / AM,940,7.13,2.2,3.0,1.04,1.67,1.04,18.0,6.0,1.0,1.34,476.0,81.5,12.0,60.0,13.0,1.0,2.0,25.0,6.0,66.7,75.0,56.8,41.0,65.1,762.0,50.0,10.0,10.0,20.0,8.0,15.0,34.0,2.0,7.0,0.0,17.0,12.8,1.0,0.0,1.0,,,,4.0,20.0,,,,,,
1231770,Basel,Bénie Traoré,FW / Right Midfielder / RM / Left Midfielder / LM / Right Winger / RW / Attacking Midfielder / AM / Left Winger / LW / Striker / ST,873,6.88,12.6,4.0,3.5,3.95,2.71,20.0,9.0,0.0,2.86,200.0,72.7,9.0,60.0,14.0,7.0,2.0,22.2,20.0,43.5,62.0,45.6,2.0,15.4,508.0,46.0,18.0,21.0,19.0,5.0,13.0,49.0,8.0,6.0,1.0,9.0,14.22,3.0,0.0,,1.0,,,,,,,,,,
1436850,Salzburg,Clement Bischoff,FW / Defensive Midfielder / DM / Left Wing-Back / LWB / Left Midfielder / LM / Attacking Midfielder / AM / Left Winger / LW,481,7.39,6.7,1.0,1.12,1.62,1.12,19.0,5.0,1.0,2.39,170.0,83.7,7.0,50.0,16.0,3.0,5.0,21.7,14.0,48.3,32.0,43.8,,,355.0,36.0,12.0,9.0,9.0,2.0,5.0,30.0,7.0,6.0,0.0,6.0,6.92,1.0,0.0,,,,,,,,,,,,
1515147,Salzburg,Tim Trummer,DF / Right Back / RB / Left Back / LB / Right Winger / RW,402,7.29,1.8,1.0,0.51,0.61,0.51,3.0,1.0,1.0,0.53,170.0,78.0,13.0,54.2,5.0,1.0,1.0,10.0,4.0,36.4,29.0,54.7,4.0,30.8,359.0,9.0,3.0,2.0,19.0,4.0,2.0,33.0,3.0,3.0,0.0,3.0,4.19,0.0,0.0,,,,,,,,,,,,
541588,Celta Vigo,Franco Cervi,FW / Central Midfielder / CM / Left Midfielder / LM / Right Winger / RW,90,7.48,182.4,,,,,,,,,,,,,,,,,,,,,,,,,,,,,,,,,,,,,,,,,,,,,,,,,
1700518,Standard Liege (on loan),Bernard Nguene,FW / Right Winger / RW,69,6.12,895.1,,,,,,,,,,,,,,,,,,,,,,,,,,,,,,,,,,,,,,,,,,,,,,,,,
1239600,Celtic,Johnny Kenny,FW / Striker / ST,688,6.78,731.7,4.0,6.82,5.93,6.82,39.0,11.0,2.0,0.56,92.0,69.7,2.0,100.0,10.0,4.0,,,3.0,27.3,26.0,37.1,9.0,30.0,252.0,60.0,6.0,9.0,6.0,1.0,6.0,13.0,1.0,3.0,0.0,10.0,8.59,0.0,0.0,,,,,,,,,,,,
1515630,Sturm Graz,Axel Kayombo,FW / Left Winger / LW / Striker / ST,204,5.99,2.2,0.0,0.46,,0.46,4.0,,1.0,0.5,34.0,65.4,,,2.0,,,,3.0,42.9,12.0,27.9,5.0,23.8,96.0,17.0,7.0,3.0,1.0,,3.0,4.0,1.0,1.0,0.0,4.0,3.43,1.0,0.0,,,,,,,,,,,,
1121748,Panathinaikos,Milos Pantovic,FW / Attacking Midfielder / AM / Striker / ST,90,6.12,3.7,,,,,,,,,,,,,,,,,,,,,,,,,,,,,,,,,,,,,,,,,,,,,,,,,
1075819,FC Utrecht,Davy van den Berg,MF / Defensive Midfielder / DM / Central Midfielder / CM / Attacking Midfielder / AM,141,6.82,1.6,1.0,0.32,0.74,0.32,1.0,1.0,0.0,0.06,48.0,85.7,2.0,100.0,2.0,,,,1.0,50.0,8.0,72.7,1.0,100.0,77.0,3.0,1.0,3.0,3.0,2.0,,10.0,1.0,1.0,0.0,2.0,3.37,0.0,0.0,,,,,,2.0,,,,,,
813428,FC Utrecht,Dani de Wit,MF / Central Midfielder / CM / Attacking Midfielder / AM / Striker / ST,909,7.0,1.9,3.0,2.12,2.55,2.12,17.0,7.0,1.0,0.34,234.0,71.8,7.0,53.8,5.0,,,,2.0,33.3,73.0,53.7,41.0,58.6,453.0,30.0,4.0,11.0,19.0,5.0,22.0,32.0,8.0,6.0,1.0,14.0,12.98,2.0,0.0,2.0,,,1.0,11.0,17.0,,,,,,
358937,PAOK Thessaloniki,Dimitrios Pelkas,MF / Right Midfielder / RM / Left Midfielder / LM / Right Winger / RW / Attacking Midfielder / AM / Left Winger / LW,277,7.06,1.0,3.0,1.48,2.37,1.48,13.0,5.0,0.0,0.84,89.0,78.1,3.0,75.0,8.0,1.0,2.0,20.0,2.0,50.0,14.0,45.2,5.0,83.3,171.0,19.0,3.0,3.0,5.0,1.0,9.0,9.0,2.0,3.0,0.0,0.0,0.89,1.0,0.0,,,,,,,,,,,,
1837416,Maccabi Tel Aviv,Elai Ben Simon,FW,23,6.06,,,,,,,,,,,,,,,,,,,,,,,,,,,,,,,,,,,,,,,,,,,,,,,,,,
1531099,FC Midtjylland,Mikel Gogorza,FW / Left Midfielder / LM / Attacking Midfielder / AM / Left Winger / LW / Striker / ST,547,6.71,1.0,2.0,1.12,1.43,1.12,14.0,6.0,0.0,1.36,135.0,77.1,5.0,50.0,8.0,,7.0,21.2,15.0,42.9,45.0,55.6,1.0,20.0,332.0,31.0,7.0,20.0,9.0,,4.0,21.0,3.0,2.0,0.0,8.0,8.19,2.0,0.0,,,,,,,,,,,,
208514,Malmö FF,Oscar Lewicki,FW / MF / Center Back / CB / Defensive Midfielder / DM / Central Midfielder / CM,261,6.25,156.9,0.0,0.09,,0.09,1.0,,0.0,0.08,122.0,83.0,6.0,66.7,1.0,,,,,,15.0,53.6,1.0,20.0,197.0,4.0,4.0,3.0,11.0,6.0,3.0,12.0,1.0,2.0,0.0,6.0,6.4,2.0,0.0,2.0,,,,,,,,,,,
325916,Roma,Paulo Dybala,FW / Attacking Midfielder / AM / Right Winger / RW / Striker / ST / Left Winger / LW,1057,6.93,4.3,2.0,4.23,4.23,3.45,36.0,14.0,2.0,3.11,423.0,82.6,24.0,68.6,40.0,4.0,19.0,26.0,10.0,28.6,51.0,41.5,10.0,47.6,781.0,72.0,18.0,25.0,7.0,2.0,11.0,44.0,11.0,8.0,1.0,8.0,14.14,0.0,0.0,,,,,1.0,1.0,,,,,,
1664997,FC Silon Taborsko (on loan),James Bello,FW,90,6.24,250.0,,,,,,,,,,,,,,,,,,,,,,,,,,,,,,,,,,,,,,,,,,,,,,,,,
1069650,Ludogorets Razgrad,Ivan Yordanov,MF / Left Back / LB / Defensive Midfielder / DM / Attacking Midfielder / AM / Left Winger / LW,90,6.99,343.8,,,,,,,,,,,,,,,,,,,,,,,,,,,,,,,,,,,,,,,,,,,,,,,,,
1416581,Celtic,Callum Osmand,FW / Striker / ST,120,6.34,120.0,,,,,,,,,,,,,,,,,,,,,,,,,,,,,,,,,,,,,,,,,,,,,,,,,
1234634,FC Utrecht,Yoann Cathline,FW / Left Midfielder / LM / Right Winger / RW / Left Winger / LW / Striker / ST,741,6.78,9.3,1.0,0.87,1.57,0.87,21.0,4.0,2.0,1.34,134.0,75.7,8.0,72.7,11.0,2.0,10.0,35.7,13.0,43.3,44.0,44.0,1.0,12.5,381.0,33.0,16.0,20.0,10.0,5.0,10.0,29.0,4.0,6.0,0.0,9.0,8.12,2.0,0.0,,,,,,7.0,,,,,,
1667685,Salzburg,Enrique Aguilar,FW / Right Midfielder / RM / Central Midfielder / CM / Left Midfielder / LM / Right Winger / RW / Attacking Midfielder / AM / Left Winger / LW / Striker / ST,90,6.74,1.9,,,,,,,,,,,,,,,,,,,,,,,,,,,,,,,,,,,,,,,,,,,,,,,,,
1014618,Go Ahead Eagles,Oscar Pettersson,FW / Right Winger / RW,157,6.43,604.8,0.0,0.26,0.5,0.26,4.0,2.0,1.0,0.24,28.0,93.3,,,3.0,,1.0,11.1,,,,,,,51.0,7.0,0.0,,,2.0,2.0,4.0,,2.0,0.0,2.0,3.32,0.0,0.0,,,,,,1.0,,,,,,
1139499,Go Ahead Eagles,Oskar Siira Sivertsen,FW / Right Winger / RW / Striker / ST,224,6.21,1.2,0.0,1.04,0.18,1.04,4.0,2.0,0.0,0.42,59.0,88.1,2.0,50.0,1.0,,5.0,25.0,1.0,50.0,8.0,38.1,1.0,16.7,115.0,9.0,3.0,2.0,4.0,1.0,2.0,11.0,1.0,2.0,0.0,4.0,4.7,0.0,0.0,,,,,1.0,1.0,,,,,,
1515122,Sturm Graz,Arjan Malic,DF / Right Back / RB / Left Back / LB / Right Midfielder / RM / Left Winger / LW,646,6.98,1.6,1.0,0.48,0.24,0.48,6.0,1.0,0.0,0.48,237.0,75.2,11.0,30.6,7.0,,4.0,19.0,7.0,63.6,44.0,59.5,5.0,83.3,541.0,13.0,5.0,5.0,27.0,6.0,12.0,36.0,,9.0,1.0,12.0,9.43,1.0,0.0,5.0,,,,,,,,,,,
938375,Maccabi Tel Aviv,Ion Nicolaescu,FW / Striker / ST,363,6.7,1.2,2.0,,,,11.0,6.0,1.0,,36.0,81.8,,,5.0,1.0,,,2.0,25.0,10.0,28.6,3.0,37.5,97.0,16.0,3.0,3.0,2.0,,10.0,3.0,,1.0,0.0,2.0,,0.0,0.0,,,1.0,,,,,,,,,
1606401,Brann 2,Julian Laegreid,FW / Striker / ST / Left Winger / LW,86,5.9,305.3,,,,,,,,,,,,,,,,,,,,,,,,,,,,,,,,,,,,,,,,,,,,,,,,,
1187055,Ferencvaros,Julio Romao,MF / Defensive Midfielder / DM / Right Midfielder / RM / Central Midfielder / CM / Attacking Midfielder / AM,90,6.92,216.9,,,,,,,,,,,,,,,,,,,,,,,,,,,,,,,,,,,,,,,,,,,,,,,,,
1203528,Young Boys,Alvyn Sanches,FW / MF / Central Midfielder / CM / Attacking Midfielder / AM / Striker / ST,633,7.58,15.1,3.0,0.63,1.65,0.63,11.0,8.0,4.0,3.53,290.0,86.6,13.0,61.9,18.0,5.0,17.0,38.6,21.0,72.4,60.0,61.9,5.0,45.5,518.0,25.0,12.0,19.0,15.0,6.0,11.0,48.0,10.0,3.0,0.0,21.0,18.41,0.0,0.0,,,,,,,,,,,,
1173793,Young Boys,Alan Virginius,FW / Right Midfielder / RM / Left Midfielder / LM / Right Winger / RW / Left Winger / LW / Striker / ST,801,6.76,2.8,3.0,2.91,2.25,2.91,20.0,11.0,4.0,2.33,171.0,77.4,11.0,64.7,12.0,6.0,3.0,16.7,11.0,36.7,37.0,47.4,7.0,43.8,376.0,63.0,9.0,11.0,8.0,1.0,2.0,29.0,4.0,2.0,0.0,19.0,18.28,0.0,0.0,,,,,,,,,,,,
1558461,Kilmarnock (on loan),Findlay Curtis,FW / Left Midfielder / LM / Attacking Midfielder / AM / Left Winger / LW,194,6.62,1.1,1.0,0.42,1.03,0.42,8.0,4.0,0.0,0.7,58.0,76.3,,,3.0,1.0,3.0,25.0,,,18.0,40.9,7.0,46.7,145.0,15.0,4.0,6.0,5.0,1.0,3.0,11.0,,4.0,0.0,0.0,1.31,0.0,0.0,1.0,,,,,,,,,,,
852347,VfB Stuttgart,Dan-Axel Zagadou,DF / Center Back / CB / Attacking Midfielder / AM,165,8.15,1.4,0.0,0.28,0.03,0.28,5.0,1.0,0.0,0.09,143.0,83.6,4.0,23.5,1.0,,,,1.0,100.0,23.0,71.9,16.0,88.9,211.0,4.0,0.0,1.0,5.0,3.0,5.0,11.0,,2.0,0.0,3.0,3.2,0.0,0.0,3.0,,1.0,,2.0,16.0,,,,,,
150201,FC Porto,Luuk de Jong,FW / Striker / ST,258,7.04,1.7,1.0,1.26,1.85,1.26,6.0,3.0,0.0,0.69,44.0,72.1,,,5.0,1.0,,,1.0,100.0,15.0,53.6,9.0,50.0,95.0,12.0,0.0,2.0,3.0,2.0,3.0,4.0,1.0,1.0,1.0,1.0,1.97,1.0,0.0,1.0,,,,1.0,1.0,,,,,,
1553365,Feyenoord,Shaqueel van Persie,FW,29,8.56,850.0,,,,,,,,,,,,,,,,,,,,,,,,,,,,,,,,,,,,,,,,,,,,,,,,,
866570,Celtic,Luke McCowan,FW / MF / Left Wing-Back / LWB / Central Midfielder / CM / Left Midfielder / LM / Right Winger / RW / Attacking Midfielder / AM,997,6.65,1.7,1.0,2.02,1.83,2.02,31.0,8.0,1.0,3.09,492.0,82.4,24.0,63.2,21.0,6.0,8.0,14.8,13.0,48.1,38.0,35.8,5.0,33.3,856.0,55.0,24.0,7.0,13.0,2.0,15.0,62.0,8.0,5.0,0.0,12.0,11.0,1.0,0.0,1.0,,,,,,,,,,,
1426809,Lille,Ethan Mbappé,FW / Right Midfielder / RM / Right Winger / RW,388,6.82,7.7,3.0,1.41,1.07,1.41,13.0,6.0,1.0,1.14,122.0,84.1,4.0,66.7,8.0,1.0,6.0,35.3,3.0,21.4,18.0,36.7,,,233.0,26.0,6.0,5.0,10.0,1.0,3.0,20.0,,8.0,0.0,9.0,7.59,0.0,0.0,,,,,,,,,,,,
1120749,Ludogorets Razgrad,Aguibou Camara,FW / MF / Defensive Midfielder / DM / Attacking Midfielder / AM / Left Winger / LW,90,0.59,1.8,,,,,,,,,,,,,,,,,,,,,,,,,,,,,,,,,,,,,,,,,,,,,,,,,
1700562,Celta Vigo,Angel Arcos,FW / Left Midfielder / LM,57,6.58,300.0,,,,,,,,,,,,,,,,,,,,,,,,,,,,,,,,,,,,,,,,,,,,,,,,,
1477571,FC Liefering,Oliver Lukic,MF / Defensive Midfielder / DM / Central Midfielder / CM / Left Midfielder / LM / Right Winger / RW / Attacking Midfielder / AM / Left Winger / LW,90,6.1,1.0,,,,,,,,,,,,,,,,,,,,,,,,,,,,,,,,,,,,,,,,,,,,,,,,,
1293688,Salzburg,Karim Konate,FW / Striker / ST,45,0.71,15.7,,,,,,,,,,,,,,,,,,,,,,,,,,,,,,,,,,,,,,,,,,,,,,,,,
1560046,Genk U23,Robin Mirisola,FW / Attacking Midfielder / AM / Striker / ST,467,6.47,2.3,1.0,3.03,1.56,3.03,11.0,3.0,1.0,0.26,68.0,61.8,3.0,42.9,4.0,1.0,1.0,25.0,6.0,66.7,38.0,51.4,24.0,61.5,184.0,36.0,7.0,5.0,3.0,3.0,10.0,12.0,,1.0,0.0,8.0,7.61,1.0,0.0,,,,,2.0,2.0,,,,,,
1603531,Lyon,Alejandro Gomes Rodriguez,FW / Striker / ST,90,6.87,150.0,,,,,,,,,,,,,,,,,,,,,,,,,,,,,,,,,,,,,,,,,,,,,,,,,
1448031,Nottingham Forest U21,Jimmy Sinclair,MF / Right Back / RB / Left Back / LB / Right Wing-Back / RWB / Right Midfielder / RM / Right Winger / RW / Left Winger / LW,945,6.89,830.0,1.0,,,,12.0,6.0,1.0,,182.0,75.2,7.0,36.8,11.0,,4.0,11.1,9.0,47.4,30.0,43.5,6.0,50.0,434.0,31.0,10.0,7.0,8.0,8.0,4.0,23.0,,10.0,4.0,11.0,,0.0,0.0,,,,,,,,,,,,
1402931,Dinamo Zagreb,Fran Topic,FW / Right Midfielder / RM / Right Winger / RW,213,6.83,1.1,1.0,,,,3.0,1.0,0.0,,49.0,70.0,1.0,33.3,3.0,,1.0,12.5,4.0,40.0,16.0,55.2,2.0,66.7,116.0,12.0,2.0,7.0,3.0,,3.0,9.0,,1.0,0.0,1.0,,0.0,0.0,,,,,1.0,5.0,,,,,,
1792876,PAOK Thessaloniki,Anestis Mythou,FW / Left Midfielder / LM / Striker / ST,152,6.64,230.0,1.0,0.97,1.11,0.97,3.0,3.0,0.0,0.03,18.0,58.1,,,1.0,,,,1.0,50.0,15.0,53.6,8.0,47.1,56.0,5.0,0.0,4.0,2.0,3.0,2.0,4.0,3.0,1.0,0.0,1.0,1.67,0.0,0.0,,,,,,,,,,,,
1663340,Sturm Graz II,Kristjan Bendra,MF / Right Back / RB / Center Back / CB / Defensive Midfielder / DM / Central Midfielder / CM / Right Winger / RW / Striker / ST / Left Winger / LW,90,6.61,290.9,,,,,,,,,,,,,,,,,,,,,,,,,,,,,,,,,,,,,,,,,,,,,,,,,
1425773,FCSB,Mihai Toma,FW / Right Back / RB / Left Midfielder / LM / Right Winger / RW / Left Winger / LW,1056,6.64,1.1,0.0,,,,15.0,4.0,0.0,,322.0,82.8,19.0,63.3,13.0,,5.0,38.5,7.0,33.3,61.0,48.4,13.0,43.3,619.0,30.0,10.0,23.0,19.0,10.0,11.0,65.0,5.0,13.0,1.0,17.0,,2.0,0.0,3.0,,,,1.0,12.0,,,,,,
1837419,Malmö FF,Theodor Lundbergh,FW / MF / Left Back / LB / Central Midfielder / CM,90,6.3,,,,,,,,,,,,,,,,,,,,,,,,,,,,,,,,,,,,,,,,,,,,,,,,,,
741561,Malmö FF,Erik Botheim,FW / Striker / ST,432,6.39,2.9,0.0,1.57,0.73,1.57,12.0,3.0,0.0,0.41,70.0,80.5,1.0,100.0,8.0,,,,2.0,40.0,24.0,46.2,14.0,48.3,148.0,34.0,5.0,7.0,1.0,1.0,4.0,11.0,3.0,2.0,0.0,7.0,6.44,1.0,0.0,,,,,,,,,,,,
1698675,Sturm Graz II,Luca Weinhandl,MF / Center Back / CB / Defensive Midfielder / DM / Right Midfielder / RM / Central Midfielder / CM / Right Winger / RW,90,6.9,835.9,,,,,,,,,,,,,,,,,,,,,,,,,,,,,,,,,,,,,,,,,,,,,,,,,
929781,Maccabi Tel Aviv,Yonas Malede,FW / Striker / ST,27,6.24,376.3,,,,,,,,,,,,,,,,,,,,,,,,,,,,,,,,,,,,,,,,,,,,,,,,,
1369195,FK Crvena Zvezda,Vladimir Lucic,FW / Right Winger / RW / Left Winger / LW,278,7.64,1.2,2.0,,,,8.0,3.0,2.0,,120.0,82.8,9.0,100.0,18.0,2.0,,,5.0,55.6,14.0,56.0,3.0,100.0,197.0,30.0,3.0,5.0,1.0,2.0,3.0,21.0,,1.0,0.0,1.0,,0.0,0.0,,,,,,,,,,,,
1793845,Betis Deportivo Balompie,José Antonio Morante,FW / Left Winger / LW / Right Winger / RW,90,5.4,25.0,,,,,,,,,,,,,,,,,,,,,,,,,,,,,,,,,,,,,,,,,,,,,,,,,
1184444,Viktoria Plzen,Christophe Kabongo,FW / Striker / ST,266,6.35,630.9,0.0,,,,6.0,2.0,0.0,,44.0,74.6,,,3.0,,,,5.0,45.5,26.0,48.1,12.0,54.5,125.0,12.0,3.0,8.0,1.0,,8.0,9.0,1.0,1.0,0.0,4.0,,2.0,0.0,,,,,,,,,,,,
1735841,Ferencvaros,Adam Madarasz,MF / Central Midfielder / CM / Striker / ST,90,,,,,,,,,,,,,,,,,,,,,,,,,,,,,,,,,,,,,,,,,,,,,,,,,,,
1073402,Panathinaikos,Facundo Pellistri,FW / Right Midfielder / RM / Right Winger / RW / Left Winger / LW,152,6.54,9.5,0.0,0.18,0.16,0.18,3.0,2.0,0.0,0.17,29.0,80.6,,,3.0,1.0,1.0,25.0,3.0,50.0,12.0,41.4,1.0,20.0,80.0,11.0,3.0,6.0,2.0,1.0,4.0,3.0,2.0,3.0,0.0,4.0,2.37,0.0,0.0,,,,,,,,,,,,
1793638,VfB Stuttgart II,Yanik Spalt,MF / Right Back / RB / Left Midfielder / LM / Attacking Midfielder / AM,377,6.5,300.0,0.0,,,,7.0,1.0,0.0,,121.0,76.6,4.0,36.4,3.0,1.0,1.0,20.0,1.0,20.0,26.0,44.8,8.0,44.4,267.0,6.0,5.0,9.0,8.0,7.0,7.0,26.0,2.0,6.0,1.0,7.0,,1.0,0.0,,,,,,14.0,,,,,,
1709484,Basel,Kaio Eduardo,FW / Striker / ST,90,5.98,680.2,0.0,0.09,0.04,0.09,1.0,1.0,0.0,0.1,7.0,53.8,1.0,100.0,1.0,,,,,,4.0,26.7,2.0,33.3,23.0,5.0,2.0,2.0,,,5.0,1.0,,,0.0,2.0,2.72,1.0,0.0,,,,,,,,,,,,
1344244,FC Utrecht,Rafik El Arguioui,MF / Defensive Midfielder / DM / Central Midfielder / CM / Attacking Midfielder / AM,785,7.17,333.3,5.0,,,,40.0,16.0,3.0,,160.0,78.0,18.0,64.3,17.0,6.0,4.0,22.2,13.0,52.0,52.0,43.0,12.0,48.0,405.0,51.0,23.0,13.0,14.0,3.0,16.0,33.0,7.0,7.0,0.0,16.0,,1.0,0.0,2.0,2.0,,,6.0,6.0,,,,,,
1708468,Jong FC Utrecht,Bjorn Menzo,FW / Right Midfielder / RM / Left Midfielder / LM / Right Winger / RW / Left Winger / LW,241,6.85,475.1,1.0,,,,4.0,2.0,1.0,,50.0,64.1,1.0,16.7,3.0,,1.0,8.3,3.0,33.3,25.0,53.2,6.0,66.7,162.0,4.0,7.0,8.0,8.0,4.0,5.0,15.0,5.0,2.0,0.0,8.0,,0.0,0.0,,,,,,3.0,,,,,,
1463600,Genk U23,Aaron Bibout,FW / Striker / ST,126,6.98,1.4,1.0,0.27,0.59,0.27,4.0,2.0,0.0,0.02,20.0,71.4,1.0,50.0,2.0,,,,2.0,66.7,9.0,40.9,5.0,45.5,48.0,5.0,3.0,2.0,,,3.0,5.0,1.0,,0.0,2.0,1.23,0.0,0.0,,,,,1.0,1.0,,,,,,
1362972,Aston Villa U21,Kadan Young,FW / Left Midfielder / LM / Left Winger / LW / Striker / ST,275,7.61,518.4,3.0,,,,6.0,4.0,1.0,,25.0,78.1,,,1.0,,,,3.0,60.0,7.0,43.8,2.0,100.0,58.0,5.0,1.0,1.0,1.0,,3.0,4.0,,4.0,1.0,3.0,,0.0,0.0,1.0,,,,,,,,,,,
1662432,Viktoria Plzen,Jiri Panos,DF / FW / Center Back / CB / Central Midfielder / CM / Left Winger / LW,68,6.21,1.8,,,,,,,,,,,,,,,,,,,,,,,,,,,,,,,,,,,,,,,,,,,,,,,,,
1896935,Viktoria Plzen B,Adam Novak,FW / Right Winger / RW,90,0.26,,,,,,,,,,,,,,,,,,,,,,,,,,,,,,,,,,,,,,,,,,,,,,,,,,
1763573,FK Crvena Zvezda,Adem Avdic,DF / Left Back / LB / Left Winger / LW,694,7.0,1.8,0.0,,,,11.0,3.0,1.0,,310.0,83.3,8.0,36.4,9.0,,9.0,20.5,11.0,47.8,54.0,54.0,11.0,55.0,629.0,11.0,4.0,12.0,20.0,12.0,13.0,34.0,,8.0,1.0,7.0,,1.0,0.0,2.0,,,,,,,,,,,
650234,Malmö FF,Arnor Sigurdsson,FW / MF / Right Midfielder / RM / Left Midfielder / LM / Right Winger / RW,431,6.28,1.5,1.0,1.0,1.33,1.0,13.0,4.0,0.0,0.59,122.0,86.5,3.0,100.0,6.0,,,,2.0,33.3,15.0,36.6,3.0,33.3,213.0,17.0,6.0,3.0,7.0,,8.0,14.0,4.0,2.0,0.0,7.0,6.3,2.0,0.0,1.0,,,,,,,,,,,
1722960,Go Ahead Eagles,Ofosu Boakye,FW,3,,646.9,,,,,,,,,,,,,,,,,,,,,,,,,,,,,,,,,,,,,,,,,,,,,,,,,
1899312,Nice B,Kefren Ali,FW,11,6.18,,,,,,,,,,,,,,,,,,,,,,,,,,,,,,,,,,,,,,,,,,,,,,,,,,
1786959,Ferencvaros,Benjamin Golik,FW,1,,,,,,,,,,,,,,,,,,,,,,,,,,,,,,,,,,,,,,,,,,,,,,,,,,,
1613657,Panathinaikos,Georgios Katris,DF / FW / Center Back / CB / Right Midfielder / RM / Left Midfielder / LM,193,7.06,633.9,0.0,,,,0.0,,0.0,0.01,117.0,86.7,9.0,40.9,1.0,,,,,,7.0,77.8,5.0,83.3,157.0,1.0,1.0,,2.0,2.0,,9.0,,,0.0,3.0,1.35,0.0,0.0,3.0,,,,,,,,,,,
891855,Feyenoord,Jakub Moder,MF / Defensive Midfielder / DM / Central Midfielder / CM / Attacking Midfielder / AM,90,6.39,13.5,,,,,,,,,,,,,,,,,,,,,,,,,,,,,,,,,,,,,,,,,,,,,,,,,
1486541,RB Leipzig,Forzan Assan Ouedraogo,MF / Defensive Midfielder / DM / Central Midfielder / CM / Left Winger / LW,615,7.46,13.5,3.0,1.98,2.81,1.98,18.0,9.0,3.0,1.59,155.0,82.0,4.0,33.3,8.0,6.0,1.0,50.0,11.0,73.3,38.0,61.3,2.0,40.0,309.0,37.0,11.0,18.0,7.0,3.0,4.0,38.0,4.0,2.0,1.0,6.0,8.36,0.0,0.0,3.0,,,,,9.0,,,,,,
1366006,Holstein Kiel (on loan),Umut Tohumcu,MF / Defensive Midfielder / DM / Central Midfielder / CM / Attacking Midfielder / AM / Left Winger / LW,135,6.18,10.3,0.0,0.09,,0.09,2.0,,0.0,0.01,39.0,84.8,4.0,100.0,,,,,1.0,50.0,6.0,50.0,,,71.0,1.0,2.0,2.0,3.0,,2.0,7.0,1.0,,0.0,4.0,2.69,2.0,0.0,,,,,,2.0,,,,,,
1162969,Werder Bremen,Isak Hansen-Aarøen,MF / Right Midfielder / RM / Central Midfielder / CM / Attacking Midfielder / AM / Right Winger / RW / Striker / ST,90,0.27,1.4,,,,,,,,,,,,,,,,,,,,,,,,,,,,,,,,,,,,,,,,,,,,,,,,,
1202769,Southampton,Leo Scienza,FW / MF / Left Midfielder / LM / Right Winger / RW / Attacking Midfielder / AM / Left Winger / LW,1500,7.38,2.1,5.0,3.44,4.42,3.44,56.0,26.0,4.0,5.17,433.0,80.8,16.0,72.7,38.0,12.0,27.0,27.6,37.0,52.1,128.0,56.4,6.0,25.0,1019.0,83.0,30.0,74.0,11.0,3.0,10.0,55.0,12.0,7.0,0.0,22.0,18.24,1.0,0.0,,,1.0,,3.0,10.0,,,,,,
1279034,Wolfsburg,Aaron Zehnter,DF / MF / Left Back / LB / Left Wing-Back / LWB / Left Midfielder / LM / Left Winger / LW,1223,6.84,11.2,2.0,0.52,0.38,0.52,8.0,3.0,0.0,1.51,397.0,78.9,34.0,44.7,15.0,1.0,12.0,52.2,4.0,66.7,24.0,48.0,8.0,30.8,762.0,11.0,0.0,,12.0,16.0,1.0,55.0,2.0,6.0,1.0,25.0,24.5,0.0,0.0,6.0,,,,,40.0,,,,,,
861932,Rangers (on loan),Andreas Skov Olsen,FW / Right Midfielder / RM / Right Winger / RW / Attacking Midfielder / AM / Left Winger / LW,364,6.65,13.9,1.0,0.32,0.86,0.32,7.0,2.0,0.0,0.94,110.0,87.3,7.0,77.8,7.0,1.0,1.0,16.7,3.0,75.0,12.0,60.0,3.0,75.0,176.0,12.0,1.0,4.0,2.0,1.0,1.0,11.0,2.0,4.0,0.0,7.0,5.52,1.0,0.0,,,,,1.0,8.0,,,,,,
1073498,Wolfsburg,Patrick Wimmer,FW / Right Back / RB / Left Back / LB / Central Midfielder / CM / Left Midfielder / LM / Right Winger / RW / Attacking Midfielder / AM / Left Winger / LW,1166,6.79,15.4,3.0,2.0,2.59,2.0,15.0,6.0,3.0,0.94,239.0,67.3,10.0,35.7,7.0,2.0,2.0,10.0,25.0,51.0,97.0,42.7,21.0,33.3,670.0,30.0,29.0,22.0,30.0,18.0,19.0,48.0,11.0,18.0,0.0,24.0,20.44,4.0,0.0,,,,,,15.0,,,,,,
450976,Wolfsburg,Yannick Gerhardt,MF / Left Back / LB / Defensive Midfielder / DM / Left Wing-Back / LWB / Central Midfielder / CM / Left Winger / LW,769,6.41,1.6,0.0,0.55,,0.55,8.0,,0.0,0.47,290.0,83.6,6.0,40.0,5.0,,1.0,14.3,,,31.0,40.3,15.0,41.7,470.0,13.0,5.0,7.0,9.0,7.0,15.0,32.0,,2.0,0.0,19.0,15.18,1.0,0.0,5.0,,,,4.0,21.0,,,,,,
623540,Beşiktaş,Václav Cerny,FW / Right Midfielder / RM / Right Winger / RW / Attacking Midfielder / AM / Left Winger / LW / Striker / ST,120,6.52,8.3,,,,,,,,,,,,,,,,,,,,,,,,,,,,,,,,,,,,,,,,,,,,,,,,,
1285773,Hannover 96 (on loan),Elias Saad,FW / Defensive Midfielder / DM / Attacking Midfielder / AM / Left Winger / LW / Striker / ST,502,6.71,3.8,0.0,0.53,0.43,0.53,7.0,3.0,0.0,0.4,121.0,79.6,1.0,33.3,12.0,,,,15.0,44.1,48.0,48.5,6.0,46.2,311.0,24.0,11.0,12.0,15.0,1.0,8.0,27.0,7.0,8.0,0.0,13.0,11.72,1.0,0.0,1.0,,,,,2.0,,,,,,
304354,Union Berlin,Janik Haberer,FW / MF / Right Wing-Back / RWB / Defensive Midfielder / DM / Right Midfielder / RM / Central Midfielder / CM,1007,6.67,1.8,0.0,0.56,0.74,0.56,10.0,1.0,1.0,1.77,290.0,76.7,21.0,42.9,13.0,2.0,20.0,48.8,4.0,33.3,56.0,50.5,16.0,53.3,629.0,8.0,7.0,16.0,22.0,6.0,15.0,54.0,6.0,12.0,0.0,21.0,17.43,5.0,0.0,1.0,,,,2.0,24.0,,,,,,
1243571,St. Pauli (on loan),Andreas Hountondji,FW / Right Winger / RW / Attacking Midfielder / AM / Left Winger / LW / Striker / ST,627,6.4,7.0,4.0,2.02,2.96,1.23,13.0,7.0,0.0,0.27,57.0,62.6,1.0,50.0,4.0,,1.0,5.3,7.0,36.8,23.0,27.1,5.0,12.5,207.0,35.0,7.0,5.0,6.0,1.0,6.0,14.0,2.0,4.0,0.0,13.0,10.34,1.0,0.0,1.0,,,,1.0,3.0,,,,,,
885870,St. Pauli,Connor Metcalfe,MF / Right Midfielder / RM / Left Midfielder / LM / Attacking Midfielder / AM / Right Winger / RW / Left Winger / LW,264,6.39,1.5,0.0,0.44,0.53,0.44,11.0,2.0,1.0,0.81,95.0,79.2,2.0,40.0,3.0,2.0,,,5.0,62.5,17.0,42.5,1.0,33.3,193.0,10.0,7.0,2.0,9.0,3.0,6.0,13.0,1.0,5.0,0.0,6.0,5.72,0.0,0.0,,,,,,1.0,,,,,,
823592,St. Pauli,Oladapo Afolayan,FW / Attacking Midfielder / AM / Right Winger / RW / Striker / ST / Left Winger / LW,145,6.09,1.7,0.0,0.62,0.7,0.62,4.0,2.0,0.0,0.2,49.0,76.6,4.0,80.0,2.0,,1.0,10.0,2.0,16.7,15.0,40.5,3.0,42.9,127.0,7.0,7.0,6.0,4.0,,2.0,4.0,,,0.0,3.0,2.34,1.0,0.0,1.0,,,,,2.0,,,,,,
1191741,Mainz 05 (on loan),Armindo Sieb,FW / Attacking Midfielder / AM / Striker / ST,432,6.19,4.5,2.0,2.01,2.33,2.01,14.0,6.0,0.0,0.39,68.0,65.4,1.0,100.0,7.0,1.0,4.0,50.0,5.0,38.5,23.0,28.8,9.0,32.1,208.0,31.0,15.0,2.0,7.0,,13.0,20.0,7.0,5.0,0.0,9.0,9.4,1.0,0.0,,,,,1.0,1.0,,,,,,
1235086,1. FC Köln (on loan),Kristoffer Lund Hansen,MF / Left Back / LB / Left Wing-Back / LWB / Left Midfielder / LM / Left Winger / LW,1339,6.66,4.3,0.0,0.46,0.03,0.46,13.0,1.0,1.0,0.79,331.0,75.4,18.0,31.0,9.0,2.0,12.0,31.6,8.0,47.1,65.0,52.8,21.0,39.6,792.0,9.0,6.0,17.0,19.0,16.0,8.0,48.0,3.0,4.0,0.0,19.0,18.9,1.0,0.0,3.0,,,2.0,1.0,61.0,,,,,,
884919,Borussia Mönchengladbach,Robin Hack,FW / Left Winger / LW,248,6.93,13.3,0.0,0.46,0.48,0.46,8.0,2.0,0.0,0.74,80.0,80.8,3.0,60.0,10.0,1.0,3.0,30.0,2.0,40.0,7.0,31.8,1.0,20.0,161.0,14.0,4.0,3.0,1.0,1.0,3.0,12.0,1.0,1.0,1.0,3.0,1.7,0.0,0.0,,,,,1.0,4.0,,,,,,
1018564,Hamburger SV,Nicolas Capaldo,DF / FW / Right Back / RB / Center Back / CB / Defensive Midfielder / DM / Central Midfielder / CM,1270,6.97,3.4,0.0,0.45,0.45,0.45,10.0,2.0,1.0,1.23,395.0,78.5,16.0,33.3,9.0,2.0,2.0,20.0,4.0,36.4,98.0,60.9,21.0,58.3,769.0,15.0,11.0,32.0,42.0,27.0,18.0,56.0,1.0,13.0,2.0,21.0,16.38,4.0,0.0,4.0,,,,3.0,38.0,,,,,,
652295,Hamburger SV,Emir Sahiti,FW / Right Winger / RW,123,6.26,1.6,0.0,,,,0.0,,0.0,0.03,22.0,71.0,,,1.0,,,,4.0,66.7,5.0,38.5,,,47.0,1.0,2.0,1.0,,,,5.0,,3.0,0.0,1.0,1.59,0.0,0.0,,,,,,1.0,,,,,,
1644278,Hamburger SV,Alexander Røssing,FW / Left Winger / LW / Right Winger / RW,335,6.11,7.1,0.0,0.08,0.44,0.08,2.0,2.0,1.0,0.44,55.0,80.9,2.0,66.7,5.0,2.0,2.0,50.0,6.0,37.5,23.0,36.5,1.0,20.0,152.0,10.0,10.0,7.0,9.0,,13.0,14.0,1.0,3.0,0.0,10.0,8.27,1.0,1.0,1.0,,,,,3.0,,,,,,
1576487,Elversberg (on loan),Otto Stange,FW / Right Winger / RW / Left Winger / LW,75,6.07,4.7,,,,,,,,,,,,,,,,,,,,,,,,,,,,,,,,,,,,,,,,,,,,,,,,,
1280025,Borussia Mönchengladbach,Grant-Leon Ranos,FW / Left Winger / LW / Striker / ST,90,6.24,837.0,,,,,,,,,,,,,,,,,,,,,,,,,,,,,,,,,,,,,,,,,,,,,,,,,
759097,Wolfsburg,Joakim Mæhle,DF / Left Back / LB / Left Wing-Back / LWB / Left Midfielder / LM / Left Winger / LW,425,6.67,12.3,0.0,0.4,0.31,0.4,6.0,1.0,1.0,1.06,156.0,82.1,10.0,62.5,6.0,3.0,2.0,28.6,1.0,9.1,18.0,46.2,5.0,71.4,314.0,11.0,4.0,,12.0,11.0,3.0,30.0,1.0,3.0,0.0,10.0,8.44,0.0,0.0,,,,1.0,,11.0,,,,,,
889785,Wolfsburg,Jonas Wind,FW / Striker / ST,301,6.27,5.9,0.0,0.82,0.7,0.82,6.0,3.0,0.0,0.31,64.0,64.6,3.0,75.0,4.0,,,,1.0,50.0,20.0,45.5,9.0,34.6,138.0,17.0,3.0,10.0,,,1.0,7.0,4.0,2.0,0.0,6.0,6.82,1.0,0.0,1.0,,,,1.0,1.0,,,,,,
1336754,Mainz 05,Nikolas Veratschnig,MF / Left Wing-Back / LWB / Right Wing-Back / RWB / Right Midfielder / RM / Left Midfielder / LM / Attacking Midfielder / AM,401,6.44,1.5,0.0,0.05,0.07,0.05,2.0,1.0,1.0,0.82,88.0,66.2,4.0,25.0,2.0,1.0,2.0,16.7,5.0,55.6,24.0,46.2,6.0,46.2,259.0,9.0,6.0,7.0,6.0,7.0,8.0,18.0,3.0,3.0,0.0,8.0,11.38,2.0,0.0,2.0,,,1.0,1.0,11.0,,,,,,
1279694,Dynamo Dresden (on loan),Ben Bobzien,FW / Attacking Midfielder / AM / Right Winger / RW / Striker / ST / Left Winger / LW,90,0.96,1.4,,,,,,,,,,,,,,,,,,,,,,,,,,,,,,,,,,,,,,,,,,,,,,,,,
1288195,Hoffenheim (on loan),Cole Campbell,FW / Right Winger / RW / Left Winger / LW,90,6.12,8.1,,,,,,,,,,,,,,,,,,,,,,,,,,,,,,,,,,,,,,,,,,,,,,,,,
1135609,Mainz 05,William Bøving,FW / Defensive Midfielder / DM / Right Midfielder / RM / Central Midfielder / CM / Attacking Midfielder / AM / Left Winger / LW / Striker / ST,200,6.57,10.4,0.0,0.02,,0.02,1.0,,1.0,0.42,34.0,72.3,3.0,60.0,2.0,1.0,2.0,40.0,1.0,50.0,9.0,47.4,2.0,28.6,90.0,5.0,1.0,1.0,5.0,2.0,2.0,11.0,2.0,1.0,0.0,6.0,9.24,1.0,0.0,1.0,,,,,6.0,,,,,,
1134759,Mainz 05 (on loan),Sota Kawasaki,MF / Right Wing-Back / RWB / Defensive Midfielder / DM / Left Wing-Back / LWB / Right Midfielder / RM / Central Midfielder / CM / Left Midfielder / LM / Attacking Midfielder / AM,220,6.38,898.7,0.0,0.08,,0.08,1.0,,0.0,0.26,35.0,66.0,6.0,60.0,,,1.0,33.3,,,15.0,50.0,3.0,60.0,109.0,5.0,2.0,2.0,10.0,1.0,5.0,4.0,,3.0,0.0,5.0,8.65,1.0,0.0,3.0,,,,,7.0,,,,,,
1666019,Hamburger SV,Fabio Balde,FW / Right Winger / RW / Left Winger / LW,298,6.37,2.8,0.0,0.35,0.36,0.35,5.0,3.0,1.0,0.25,51.0,71.8,1.0,25.0,4.0,2.0,2.0,16.7,9.0,52.9,21.0,40.4,3.0,33.3,155.0,8.0,8.0,2.0,7.0,,3.0,8.0,,6.0,0.0,6.0,3.76,0.0,0.0,,,,,,2.0,,,,,,
1536762,Greuther Fürth (on loan),Aiman Dardari,MF / Left Midfielder / LM / Striker / ST / Left Winger / LW,90,5.92,1.1,,,,,,,,,,,,,,,,,,,,,,,,,,,,,,,,,,,,,,,,,,,,,,,,,
1244924,Augsburg (on loan),Ismaël Gharbi,FW / Central Midfielder / CM / Left Midfielder / LM / Right Winger / RW / Attacking Midfielder / AM / Left Winger / LW,90,6.16,9.7,,,,,,,,,,,,,,,,,,,,,,,,,,,,,,,,,,,,,,,,,,,,,,,,,
1071179,Borussia Mönchengladbach,Giovanni Reyna,FW / MF / Central Midfielder / CM / Attacking Midfielder / AM,403,6.47,10.4,0.0,0.27,0.04,0.27,5.0,1.0,0.0,1.19,175.0,82.2,10.0,76.9,6.0,,2.0,25.0,7.0,58.3,24.0,42.9,2.0,13.3,308.0,16.0,8.0,7.0,8.0,4.0,5.0,18.0,3.0,1.0,0.0,9.0,7.66,1.0,0.0,1.0,,,,,6.0,,,,,,
1035208,Werder Bremen (on loan),Victor Okoh Boniface,FW / Striker / ST,326,6.59,23.9,0.0,1.08,0.89,1.08,16.0,6.0,2.0,0.61,75.0,68.8,5.0,100.0,7.0,2.0,1.0,50.0,5.0,35.7,28.0,53.8,15.0,60.0,190.0,25.0,4.0,6.0,2.0,,1.0,14.0,3.0,,0.0,8.0,7.01,1.0,0.0,,,,,6.0,8.0,,,,,,
1791784,FC Heidenheim,Yannik Wagner,FW,14,6.16,895.6,,,,,,,,,,,,,,,,,,,,,,,,,,,,,,,,,,,,,,,,,,,,,,,,,
1482209,RB Leipzig,Andrija Maksimovic,MF / Attacking Midfielder / AM,29,6.18,19.4,,,,,,,,,,,,,,,,,,,,,,,,,,,,,,,,,,,,,,,,,,,,,,,,,
930035,1. FC Köln,Linton Maina,MF / Defensive Midfielder / DM / Left Wing-Back / LWB / Right Midfielder / RM / Central Midfielder / CM / Left Midfielder / LM / Attacking Midfielder / AM / Right Winger / RW / Striker / ST,609,6.62,2.0,2.0,1.05,1.29,1.05,16.0,7.0,0.0,0.74,153.0,85.5,5.0,62.5,7.0,1.0,3.0,14.3,5.0,45.5,12.0,35.3,,,288.0,28.0,6.0,4.0,3.0,1.0,4.0,27.0,2.0,3.0,0.0,11.0,10.17,0.0,0.0,1.0,,,,,4.0,,,,,,
450980,San Jose Earthquakes,Timo Werner,FW / Striker / ST,11,6.04,3.5,,,,,,,,,,,,,,,,,,,,,,,,,,,,,,,,,,,,,,,,,,,,,,,,,
1818980,FC Heidenheim,Tobias Weigel,FW,1,,,,,,,,,,,,,,,,,,,,,,,,,,,,,,,,,,,,,,,,,,,,,,,,,,,
1541355,Borussia Mönchengladbach,Jan Urbich,FW,90,6.15,,,,,,,,,,,,,,,,,,,,,,,,,,,,,,,,,,,,,,,,,,,,,,,,,,
1273294,Derby County,Oscar Fraulo,MF / Defensive Midfielder / DM / Central Midfielder / CM / Attacking Midfielder / AM,90,6.74,2.8,,,,,,,,,,,,,,,,,,,,,,,,,,,,,,,,,,,,,,,,,,,,,,,,,
442728,Borussia Mönchengladbach,Tim Kleindienst,FW / Striker / ST,90,0.77,13.5,,,,,,,,,,,,,,,,,,,,,,,,,,,,,,,,,,,,,,,,,,,,,,,,,
1185629,Mainz 05,Fabio Moreno Fell,FW / Striker / ST,90,5.74,310.0,0.0,0.07,,0.07,1.0,,0.0,0.02,12.0,52.2,,,,,,,1.0,100.0,2.0,25.0,1.0,25.0,34.0,5.0,3.0,,,,,2.0,1.0,,0.0,1.0,2.17,0.0,0.0,,,,,,,,,,,,
1860819,RB Leipzig,Samba Konate,FW,3,,,,,,,,,,,,,,,,,,,,,,,,,,,,,,,,,,,,,,,,,,,,,,,,,,,
969870,Hoffenheim,Adam Hlozek,FW / Left Winger / LW / Attacking Midfielder / AM / Striker / ST,90,5.96,21.4,,,,,,,,,,,,,,,,,,,,,,,,,,,,,,,,,,,,,,,,,,,,,,,,,
1447050,Eintracht Frankfurt,Younes Ebnoutalib,FW / Striker / ST,114,6.42,735.0,1.0,0.4,0.23,0.4,3.0,1.0,0.0,0.05,10.0,76.9,,,2.0,,,,,,3.0,14.3,1.0,12.5,39.0,6.0,5.0,2.0,,1.0,2.0,2.0,,2.0,0.0,3.0,2.39,0.0,0.0,,,,,1.0,1.0,,,,,,
1888413,FC Köln II,Youssoupha Niang,FW,5,,500.0,,,,,,,,,,,,,,,,,,,,,,,,,,,,,,,,,,,,,,,,,,,,,,,,,
1242198,Fortuna Düsseldorf (on loan),Marin Ljubicic,FW / Striker / ST,52,7.24,4.1,,,,,,,,,,,,,,,,,,,,,,,,,,,,,,,,,,,,,,,,,,,,,,,,,
1347567,Racing Club (on loan),Valentin Carboni,FW / Right Winger / RW / Attacking Midfielder / AM / Striker / ST / Left Winger / LW,118,5.94,15.6,0.0,0.24,,0.24,2.0,,0.0,0.05,19.0,90.5,,,,,,,1.0,25.0,2.0,14.3,,,37.0,4.0,3.0,1.0,,,1.0,2.0,,2.0,0.0,4.0,2.29,0.0,0.0,,,,,,1.0,,,,,,
308516,Genoa,Nicolae Stanciu,FW / MF / Defensive Midfielder / DM / Right Midfielder / RM / Central Midfielder / CM / Attacking Midfielder / AM,181,6.68,1.9,0.0,1.22,,0.43,5.0,,0.0,0.21,59.0,74.7,5.0,71.4,2.0,,1.0,11.1,1.0,50.0,8.0,61.5,1.0,50.0,120.0,6.0,2.0,2.0,4.0,3.0,1.0,8.0,3.0,,0.0,1.0,2.4,0.0,0.0,,,,,,2.0,,,,,,
1133381,Genoa (on loan),Albert Grønbæk,FW / Left Winger / LW / Attacking Midfielder / AM / Striker / ST,101,6.36,10.6,0.0,0.03,0.01,0.03,1.0,1.0,0.0,0.08,13.0,76.5,,,2.0,,,,2.0,33.3,8.0,57.1,1.0,50.0,45.0,1.0,1.0,1.0,4.0,,1.0,2.0,1.0,,0.0,0.0,0.48,1.0,0.0,,,,,,2.0,,,,,,
1395728,Lecce,Medon Berisha,MF / Defensive Midfielder / DM / Central Midfielder / CM / Attacking Midfielder / AM,882,7.01,1.9,2.0,1.22,1.17,1.22,24.0,5.0,3.0,2.0,296.0,81.3,28.0,51.9,20.0,5.0,20.0,33.9,3.0,75.0,41.0,55.4,7.0,46.7,546.0,15.0,11.0,10.0,21.0,5.0,11.0,41.0,2.0,2.0,0.0,10.0,8.95,0.0,0.0,2.0,,,,,3.0,,,,,,
1554575,Lecce (on loan),Francesco Camarda,FW / Striker / ST,635,6.02,15.2,1.0,1.72,0.88,0.93,13.0,3.0,0.0,0.62,69.0,71.9,3.0,60.0,3.0,1.0,,,3.0,42.9,22.0,29.7,13.0,31.7,173.0,20.0,6.0,4.0,2.0,,12.0,15.0,4.0,4.0,0.0,9.0,9.43,1.0,0.0,1.0,,,,5.0,2.0,,,,,,
850055,Sassuolo,Daniel Boloca,FW / MF / Defensive Midfielder / DM / Central Midfielder / CM,137,6.25,6.6,0.0,0.25,,0.25,2.0,,0.0,0.02,53.0,94.6,2.0,66.7,1.0,,,,1.0,50.0,4.0,44.4,,,74.0,1.0,0.0,1.0,2.0,2.0,,11.0,,1.0,0.0,4.0,3.04,0.0,0.0,,,,,,2.0,,,,,,
720649,Sassuolo,Nicholas Pierini,FW / Left Winger / LW,90,6.3,2.0,,,,,,,,,,,,,,,,,,,,,,,,,,,,,,,,,,,,,,,,,,,,,,,,,
921341,Milan,Alexis Saelemaekers,FW / MF / Right Wing-Back / RWB / Right Midfielder / RM / Right Winger / RW / Attacking Midfielder / AM / Left Winger / LW / Striker / ST,1842,7.56,20.0,2.0,2.15,1.22,2.15,30.0,6.0,3.0,2.89,753.0,84.2,18.0,47.4,29.0,3.0,12.0,21.8,37.0,53.6,139.0,63.2,8.0,44.4,1366.0,64.0,7.0,46.0,49.0,18.0,13.0,93.0,14.0,20.0,6.0,16.0,23.24,2.0,0.0,3.0,,1.0,,,18.0,,,,,,
688278,Milan,Pervis Estupinán,DF / FW / Left Back / LB / Left Wing-Back / LWB / Left Midfielder / LM,674,6.87,22.9,0.0,0.12,,0.12,6.0,,1.0,0.98,276.0,86.2,6.0,60.0,9.0,2.0,2.0,25.0,2.0,33.3,22.0,44.0,5.0,55.6,468.0,11.0,3.0,5.0,10.0,8.0,9.0,35.0,3.0,8.0,4.0,3.0,5.58,2.0,1.0,,,,1.0,,14.0,,,,,,
954092,Milan,Santiago Gimenez,FW / Attacking Midfielder / AM / Striker / ST,628,6.66,25.1,0.0,2.83,1.79,2.83,21.0,7.0,0.0,0.34,69.0,78.4,,,3.0,,1.0,100.0,3.0,21.4,22.0,41.5,4.0,33.3,177.0,44.0,6.0,10.0,5.0,1.0,7.0,11.0,2.0,,0.0,5.0,5.95,1.0,0.0,1.0,,2.0,,4.0,1.0,,,,,,
774716,Cremonese,Michele Collocolo,FW / MF / Right Wing-Back / RWB / Defensive Midfielder / DM / Right Midfielder / RM / Central Midfielder / CM / Right Winger / RW,316,6.35,2.2,0.0,0.06,0.09,0.06,2.0,1.0,0.0,0.02,91.0,83.5,3.0,37.5,2.0,,,,1.0,100.0,9.0,42.9,3.0,50.0,154.0,5.0,5.0,2.0,3.0,1.0,2.0,11.0,,3.0,1.0,4.0,5.64,1.0,0.0,1.0,,,,,2.0,,,,,,
466113,Cremonese,Jari Vandeputte,FW / MF / Central Midfielder / CM / Left Midfielder / LM / Attacking Midfielder / AM / Left Winger / LW,1347,6.92,2.2,0.0,1.14,0.68,1.14,12.0,5.0,4.0,3.25,474.0,76.6,33.0,38.4,37.0,7.0,29.0,27.1,5.0,31.2,53.0,44.2,2.0,18.2,943.0,14.0,15.0,20.0,26.0,14.0,20.0,71.0,4.0,12.0,1.0,17.0,20.45,2.0,0.0,1.0,,1.0,,,30.0,,,,,,
740161,Cremonese,David Okereke,FW / Left Midfielder / LM / Right Winger / RW / Left Winger / LW / Striker / ST,90,6.09,1.4,0.0,,,,0.0,,0.0,0.0,5.0,55.6,,,,,,,,,6.0,33.3,5.0,35.7,23.0,,1.0,,1.0,,,1.0,,1.0,0.0,1.0,1.33,0.0,0.0,1.0,,,,,2.0,,,,,,
793048,Modena (on loan),Manuel De Luca,FW / Striker / ST,90,0.4,1.6,,,,,,,,,,,,,,,,,,,,,,,,,,,,,,,,,,,,,,,,,,,,,,,,,
449283,Cagliari,Alessandro Deiola,FW / MF / Center Back / CB / Defensive Midfielder / DM / Central Midfielder / CM,971,6.87,1.3,0.0,0.31,0.67,0.31,6.0,3.0,2.0,0.29,367.0,83.2,22.0,48.9,5.0,,,,2.0,50.0,46.0,50.5,8.0,36.4,576.0,9.0,2.0,10.0,26.0,13.0,17.0,36.0,,12.0,1.0,14.0,17.49,3.0,0.0,7.0,,,,1.0,35.0,,,,,,
822440,Cagliari (on loan),Michael Folorunsho,FW / MF / Defensive Midfielder / DM / Right Midfielder / RM / Central Midfielder / CM / Left Midfielder / LM / Right Winger / RW / Left Winger / LW / Striker / ST,1313,6.56,4.8,1.0,2.45,1.6,2.45,19.0,6.0,0.0,0.43,222.0,68.5,12.0,42.9,10.0,1.0,2.0,11.8,13.0,39.4,84.0,44.9,20.0,46.5,628.0,26.0,23.0,31.0,20.0,6.0,24.0,45.0,5.0,14.0,2.0,18.0,21.84,3.0,0.0,2.0,,,,5.0,19.0,,,,,,
800609,Fenerbahçe,Matteo Guendouzi,FW / MF / Defensive Midfielder / DM / Central Midfielder / CM / Attacking Midfielder / AM,183,6.9,37.4,0.0,0.07,,0.07,2.0,,0.0,0.17,133.0,89.3,6.0,50.0,2.0,,,,2.0,66.7,7.0,46.7,,,181.0,4.0,1.0,4.0,1.0,,1.0,11.0,1.0,3.0,0.0,3.0,1.6,0.0,0.0,1.0,,,,,2.0,,,,,,
541555,Lazio,Mattia Zaccagni,FW / Left Midfielder / LM / Attacking Midfielder / AM / Left Winger / LW,1621,7.04,20.7,3.0,2.66,3.4,2.66,27.0,10.0,0.0,1.4,455.0,81.2,16.0,51.6,23.0,3.0,3.0,8.1,21.0,39.6,130.0,54.4,12.0,42.9,946.0,57.0,24.0,68.0,29.0,17.0,21.0,78.0,8.0,16.0,6.0,16.0,24.37,6.0,1.0,,,1.0,,2.0,6.0,,,,,,
155066,Pisa,Juan Cuadrado,MF / Right Wing-Back / RWB / Right Midfielder / RM / Central Midfielder / CM / Left Midfielder / LM / Right Winger / RW,333,6.25,839.8,1.0,0.87,0.78,0.08,6.0,2.0,0.0,0.56,91.0,78.4,9.0,56.2,8.0,2.0,10.0,55.6,8.0,34.8,29.0,45.3,1.0,25.0,240.0,4.0,7.0,8.0,12.0,2.0,4.0,20.0,1.0,6.0,0.0,3.0,6.33,2.0,0.0,2.0,1.0,,,,4.0,,,,,,
822589,Parma,Pontus Almqvist,FW / Right Wing-Back / RWB / Right Midfielder / RM / Attacking Midfielder / AM / Left Winger / LW / Right Winger / RW,400,6.43,1.9,0.0,0.33,0.56,0.33,3.0,2.0,0.0,0.69,70.0,77.8,2.0,40.0,8.0,2.0,3.0,50.0,5.0,35.7,31.0,47.7,6.0,60.0,184.0,12.0,11.0,12.0,8.0,5.0,6.0,18.0,,5.0,0.0,4.0,3.86,0.0,0.0,,,,,1.0,2.0,,,,,,
920861,Parma,Adrian Benedyczak,FW / Attacking Midfielder / AM / Right Winger / RW / Striker / ST,486,6.4,2.3,1.0,1.44,1.54,0.65,8.0,3.0,1.0,0.56,71.0,74.0,5.0,55.6,9.0,3.0,2.0,20.0,,,31.0,44.9,21.0,47.7,161.0,28.0,1.0,6.0,6.0,,9.0,9.0,1.0,4.0,0.0,7.0,9.01,1.0,0.0,1.0,1.0,,,4.0,8.0,,,,,,
586474,Udinese,Kingsley Ehizibue,FW / MF / Right Back / RB / Right Wing-Back / RWB / Right Midfielder / RM,637,6.27,1.5,0.0,0.11,,0.11,1.0,,0.0,0.12,132.0,78.1,8.0,66.7,2.0,,1.0,5.3,2.0,28.6,31.0,47.7,4.0,36.4,342.0,7.0,7.0,13.0,13.0,3.0,15.0,30.0,2.0,1.0,1.0,13.0,10.19,2.0,0.0,,,,1.0,,20.0,,,,,,
1308892,Las Palmas (on loan),Iker Bravo,FW / Attacking Midfielder / AM / Striker / ST,170,6.1,9.2,0.0,0.29,0.1,0.29,5.0,1.0,0.0,0.02,21.0,77.8,,,,,,,2.0,50.0,7.0,36.8,2.0,50.0,56.0,10.0,3.0,2.0,2.0,,4.0,5.0,,1.0,0.0,4.0,2.95,0.0,0.0,1.0,,,,2.0,,,,,,,
1805105,Hellas Verona,Fallou Cham,FW / MF / Right Midfielder / RM / Attacking Midfielder / AM,229,6.72,1.3,0.0,0.35,0.21,0.35,5.0,2.0,0.0,0.1,32.0,60.4,3.0,60.0,4.0,1.0,1.0,10.0,1.0,50.0,22.0,61.1,2.0,50.0,144.0,7.0,1.0,5.0,14.0,4.0,7.0,6.0,,3.0,0.0,6.0,3.36,0.0,0.0,,,,,,6.0,,,,,,
270774,Belgrano,Franco Vázquez,FW / Right Midfielder / RM / Central Midfielder / CM / Attacking Midfielder / AM / Striker / ST,90,6.57,396.4,,,,,,,,,,,,,,,,,,,,,,,,,,,,,,,,,,,,,,,,,,,,,,,,,
1067754,Sassuolo (on loan),Aster Vranckx,FW / MF / Center Back / CB / Central Midfielder / CM,614,6.26,7.9,0.0,0.15,0.6,0.15,3.0,1.0,0.0,0.16,171.0,83.0,5.0,50.0,2.0,,1.0,20.0,3.0,30.0,37.0,48.7,6.0,60.0,306.0,6.0,7.0,17.0,11.0,,13.0,17.0,2.0,10.0,0.0,8.0,10.19,2.0,0.0,,,,,1.0,10.0,,,,,,
1189692,Sassuolo,Edoardo Iannoni,MF / Central Midfielder / CM / Attacking Midfielder / AM / Right Winger / RW,200,6.38,931.8,1.0,0.43,0.63,0.43,3.0,1.0,0.0,0.11,81.0,85.3,,,,,,,,,8.0,27.6,5.0,71.4,130.0,6.0,3.0,,3.0,3.0,10.0,11.0,2.0,3.0,0.0,4.0,4.73,3.0,0.0,,,,,1.0,1.0,,,,,,
939593,Lecce,Thorir Helgason,MF / Central Midfielder / CM / Attacking Midfielder / AM,115,6.27,2.0,0.0,0.11,0.54,0.11,2.0,1.0,0.0,0.14,26.0,76.5,,,3.0,,3.0,75.0,4.0,80.0,5.0,55.6,,,58.0,3.0,1.0,,1.0,1.0,,4.0,1.0,,0.0,3.0,1.4,0.0,0.0,2.0,,,,,,,,,,,
1794177,Milan,Cheveyo Mul-Balentien,FW,22,6.38,20.0,,,,,,,,,,,,,,,,,,,,,,,,,,,,,,,,,,,,,,,,,,,,,,,,,
639671,Monza (on loan),Patrick Cutrone,FW / Striker / ST,891,6.33,6.6,1.0,2.62,2.27,2.62,25.0,7.0,0.0,0.27,115.0,65.7,1.0,12.5,3.0,2.0,,,4.0,33.3,35.0,44.3,10.0,33.3,330.0,39.0,5.0,16.0,6.0,3.0,7.0,21.0,8.0,4.0,1.0,11.0,9.63,0.0,0.0,2.0,,,,3.0,7.0,,,,,,
1531814,Pisa,Mateus Lusuardi,DF / Center Back / CB / Left Winger / LW,199,6.23,1.2,0.0,0.07,,0.07,4.0,,0.0,0.01,65.0,82.3,4.0,44.4,1.0,,,,1.0,50.0,11.0,52.4,8.0,80.0,107.0,4.0,0.0,,2.0,,4.0,7.0,,3.0,0.0,5.0,1.87,1.0,0.0,5.0,,,,2.0,12.0,,,,,,
1208969,Beşiktaş (on loan),Kristjan Asllani,FW / MF / Defensive Midfielder / DM / Central Midfielder / CM,1136,6.81,18.7,0.0,1.39,1.02,0.6,20.0,4.0,0.0,1.31,519.0,84.1,68.0,54.4,15.0,1.0,13.0,25.0,3.0,50.0,39.0,53.4,2.0,18.2,792.0,6.0,4.0,14.0,21.0,12.0,7.0,63.0,4.0,11.0,1.0,20.0,17.45,3.0,0.0,1.0,,,,,10.0,,,,,,
1036182,Torino,Ivan Ilic,FW / MF / Defensive Midfielder / DM / Right Midfielder / RM / Central Midfielder / CM / Attacking Midfielder / AM,393,6.55,13.6,0.0,,,,0.0,,0.0,0.5,154.0,82.4,6.0,46.2,8.0,1.0,1.0,100.0,2.0,66.7,17.0,40.5,4.0,40.0,238.0,4.0,8.0,4.0,8.0,5.0,9.0,18.0,1.0,2.0,0.0,5.0,6.35,2.0,0.0,,,,,,10.0,,,,,,
15403,Schalke 04,Edin Dzeko,FW / Striker / ST / Left Winger / LW,90,7.76,1.1,,,,,,,,,,,,,,,,,,,,,,,,,,,,,,,,,,,,,,,,,,,,,,,,,
309726,Cagliari,Andrea Belotti,FW / Striker / ST,223,7.05,1.0,2.0,1.92,2.19,1.14,6.0,4.0,0.0,0.03,22.0,78.6,,,1.0,,,,1.0,50.0,12.0,40.0,5.0,33.3,63.0,9.0,3.0,7.0,,3.0,3.0,3.0,,1.0,0.0,2.0,3.32,0.0,0.0,,1.0,1.0,,2.0,1.0,,,,,,
1021302,Cagliari,Mattia Felici,MF / Right Midfielder / RM / Left Midfielder / LM / Attacking Midfielder / AM / Left Winger / LW,410,6.59,2.1,2.0,0.62,1.57,0.62,9.0,6.0,1.0,0.35,71.0,67.6,1.0,33.3,8.0,1.0,6.0,26.1,7.0,36.8,25.0,41.0,1.0,20.0,223.0,17.0,8.0,6.0,11.0,5.0,10.0,15.0,4.0,3.0,0.0,7.0,6.88,3.0,0.0,,,,,1.0,2.0,,,,,,
955139,Fiorentina,Tariq Lamptey,DF / Right Back / RB / Left Back / LB / Left Wing-Back / LWB / Right Midfielder / RM / Right Winger / RW,90,6.11,11.6,0.0,,,,0.0,,0.0,0.09,7.0,70.0,,,2.0,,1.0,100.0,,,2.0,66.7,,,16.0,1.0,0.0,,2.0,,,1.0,,,0.0,0.0,0.27,0.0,0.0,,,,,,,,,,,,
1298925,Middlesbrough (on loan),Jeremy Sarmiento,MF / Left Midfielder / LM / Attacking Midfielder / AM,83,6.48,7.6,,,,,,,,,,,,,,,,,,,,,,,,,,,,,,,,,,,,,,,,,,,,,,,,,
625797,Hellas Verona,Grigoris Kastanos,MF / Defensive Midfielder / DM / Central Midfielder / CM / Left Midfielder / LM / Striker / ST,90,6.38,1.2,,,,,,,,,,,,,,,,,,,,,,,,,,,,,,,,,,,,,,,,,,,,,,,,,
1646353,Hellas Verona,Junior Ajayi,FW / Striker / ST,69,6.13,495.5,,,,,,,,,,,,,,,,,,,,,,,,,,,,,,,,,,,,,,,,,,,,,,,,,
916710,Udinese (on loan),Alessandro Zanoli,FW / Right Wing-Back / RWB / Right Midfielder / RM / Right Winger / RW,1293,6.94,5.5,1.0,0.1,0.64,0.1,3.0,1.0,2.0,1.06,280.0,80.5,9.0,40.9,15.0,3.0,12.0,30.8,14.0,42.4,61.0,53.0,17.0,68.0,655.0,16.0,2.0,5.0,25.0,7.0,16.0,50.0,4.0,9.0,1.0,18.0,16.97,1.0,0.0,5.0,,,,,36.0,,,,,,
952325,Cremonese (on loan),Faris Moumbagna,FW / Striker / ST,30,6.0,3.4,,,,,,,,,,,,,,,,,,,,,,,,,,,,,,,,,,,,,,,,,,,,,,,,,
1642351,Fiorentina,Niccolo Fortini,MF / Right Back / RB / Left Wing-Back / LWB / Right Midfielder / RM / Central Midfielder / CM / Left Midfielder / LM / Left Winger / LW,540,6.25,12.3,0.0,0.25,0.32,0.25,8.0,2.0,0.0,0.82,184.0,87.6,11.0,57.9,4.0,1.0,5.0,17.2,8.0,42.1,52.0,59.8,5.0,45.5,393.0,6.0,5.0,18.0,22.0,4.0,5.0,35.0,2.0,8.0,0.0,12.0,9.73,0.0,0.0,2.0,,,,1.0,8.0,,,,,,
1435445,Pisa (on loan),Lorran,MF / Attacking Midfielder / AM,90,6.45,12.8,,,,,,,,,,,,,,,,,,,,,,,,,,,,,,,,,,,,,,,,,,,,,,,,,
1014136,Pisa,Malthe Højholt,MF / Defensive Midfielder / DM / Central Midfielder / CM / Striker / ST,266,6.16,1.2,0.0,0.2,,0.2,2.0,,0.0,0.07,70.0,82.4,5.0,50.0,,,,,,,9.0,32.1,3.0,42.9,116.0,2.0,2.0,2.0,4.0,4.0,6.0,6.0,,6.0,0.0,9.0,5.18,1.0,0.0,2.0,,,,,3.0,,,,,,
1400859,Pisa,Isak Vural,MF / Defensive Midfielder / DM / Central Midfielder / CM / Attacking Midfielder / AM,447,6.54,7.4,0.0,0.12,,0.12,3.0,,0.0,0.06,101.0,82.8,11.0,61.1,2.0,,1.0,20.0,5.0,45.5,35.0,58.3,4.0,36.4,207.0,4.0,2.0,21.0,5.0,2.0,9.0,19.0,4.0,3.0,0.0,9.0,7.34,3.0,0.0,3.0,,1.0,,2.0,6.0,,,,,,
1717609,Pisa,Louis Buffon,FW,22,5.77,1.2,,,,,,,,,,,,,,,,,,,,,,,,,,,,,,,,,,,,,,,,,,,,,,,,,
314605,Como,Alberto Moreno,DF / FW / Left Back / LB,596,7.14,765.3,1.0,0.86,1.24,0.86,6.0,3.0,0.0,0.19,303.0,89.4,7.0,46.7,8.0,,4.0,30.8,1.0,20.0,15.0,45.5,5.0,55.6,479.0,7.0,2.0,3.0,6.0,2.0,8.0,20.0,1.0,1.0,3.0,3.0,5.52,1.0,0.0,1.0,,1.0,,1.0,21.0,,,,,,
267374,Monza,Hernani,MF / Defensive Midfielder / DM / Central Midfielder / CM / Attacking Midfielder / AM,76,6.29,805.3,,,,,,,,,,,,,,,,,,,,,,,,,,,,,,,,,,,,,,,,,,,,,,,,,
1434889,Como,Assane Diao,FW / Right Winger / RW / Attacking Midfielder / AM / Left Winger / LW / Striker / ST,367,6.29,27.0,0.0,0.25,0.02,0.25,5.0,1.0,0.0,0.12,76.0,74.5,,,1.0,,1.0,16.7,7.0,41.2,19.0,41.3,1.0,20.0,171.0,12.0,7.0,11.0,1.0,1.0,5.0,13.0,1.0,2.0,1.0,4.0,4.16,0.0,0.0,,,,,,1.0,,,,,,
1807301,Cagliari,Joseph Liteta,FW / MF / Defensive Midfielder / DM / Central Midfielder / CM,104,6.25,667.9,0.0,,,,0.0,,0.0,0.01,48.0,84.2,2.0,50.0,,,,,,,2.0,20.0,2.0,66.7,66.0,,1.0,,,2.0,3.0,6.0,,3.0,0.0,3.0,2.25,0.0,0.0,,,,,,,,,,,,
769644,Fiorentina,Abdelhamid Sabiri,MF / Defensive Midfielder / DM / Central Midfielder / CM / Attacking Midfielder / AM,115,6.87,813.5,,,,,,,,,,,,,,,,,,,,,,,,,,,,,,,,,,,,,,,,,,,,,,,,,
1354177,Parma (on loan),Benjamin Cremaschi,MF / Left Back / LB / Defensive Midfielder / DM / Right Midfielder / RM / Central Midfielder / CM / Left Midfielder / LM / Right Winger / RW / Attacking Midfielder / AM / Striker / ST,90,6.09,7.0,,,,,,,,,,,,,,,,,,,,,,,,,,,,,,,,,,,,,,,,,,,,,,,,,
1172405,Sampdoria (on loan),Tjas Begic,MF / Central Midfielder / CM / Attacking Midfielder / AM / Left Winger / LW,76,0.61,959.4,,,,,,,,,,,,,,,,,,,,,,,,,,,,,,,,,,,,,,,,,,,,,,,,,
1255860,FC København (on loan),Amir Richardson,MF / Defensive Midfielder / DM / Central Midfielder / CM / Right Winger / RW,90,6.18,11.4,,,,,,,,,,,,,,,,,,,,,,,,,,,,,,,,,,,,,,,,,,,,,,,,,
776940,Fiorentina,Christian Kouamé,FW / Left Midfielder / LM / Striker / ST,90,6.01,2.0,,,,,,,,,,,,,,,,,,,,,,,,,,,,,,,,,,,,,,,,,,,,,,,,,
1790181,Como,Andrea Le Borgne,MF / Defensive Midfielder / DM / Central Midfielder / CM / Attacking Midfielder / AM / Left Winger / LW,90,9.8,200.0,,,,,,,,,,,,,,,,,,,,,,,,,,,,,,,,,,,,,,,,,,,,,,,,,
1445163,Frosinone (on loan),Seydou Fini,FW / Left Wing-Back / LWB / Left Midfielder / LM / Right Winger / RW / Left Winger / LW,90,6.24,3.5,,,,,,,,,,,,,,,,,,,,,,,,,,,,,,,,,,,,,,,,,,,,,,,,,
1682320,FC Internazionale Milano Under 20,Matteo Lavelli,FW,72,8.0,460.0,,,,,,,,,,,,,,,,,,,,,,,,,,,,,,,,,,,,,,,,,,,,,,,,,
1163273,Sassuolo,Laurs Skjellerup,FW / Striker / ST,72,0.11,2.2,,,,,,,,,,,,,,,,,,,,,,,,,,,,,,,,,,,,,,,,,,,,,,,,,
1729334,Genoa,Joi Xheto Nuredini,FW,1,,40.0,,,,,,,,,,,,,,,,,,,,,,,,,,,,,,,,,,,,,,,,,,,,,,,,,
1459741,Hellas Verona,Isaac Aguiar,FW / Striker / ST,90,6.42,550.0,,,,,,,,,,,,,,,,,,,,,,,,,,,,,,,,,,,,,,,,,,,,,,,,,
602211,Rennes,Seko Fofana,FW / MF / Defensive Midfielder / DM / Central Midfielder / CM,654,7.03,8.5,1.0,1.04,1.29,1.04,9.0,3.0,0.0,0.77,328.0,91.1,8.0,61.5,11.0,,1.0,14.3,12.0,60.0,36.0,60.0,8.0,80.0,458.0,14.0,7.0,13.0,3.0,4.0,3.0,42.0,6.0,4.0,1.0,12.0,12.69,0.0,0.0,1.0,,,,,7.0,,,,,,
1693546,Rennes,Mohamed Meite,FW / Striker / ST,530,6.59,11.7,3.0,3.5,3.69,3.5,22.0,7.0,2.0,0.59,54.0,65.1,,,5.0,2.0,,,6.0,54.5,33.0,50.0,20.0,76.9,183.0,39.0,9.0,4.0,3.0,1.0,12.0,12.0,2.0,1.0,0.0,5.0,7.97,0.0,0.0,1.0,,,,5.0,10.0,,,,,,
561046,Lens,Ruben Aguilar,FW / MF / Right Back / RB / Center Back / CB / Left Back / LB / Right Wing-Back / RWB / Left Wing-Back / LWB / Right Midfielder / RM,1448,7.2,2.5,1.0,0.66,1.1,0.66,12.0,2.0,1.0,1.61,593.0,84.2,17.0,41.5,18.0,5.0,11.0,14.5,5.0,41.7,58.0,54.2,13.0,59.1,1115.0,38.0,5.0,8.0,32.0,24.0,20.0,69.0,9.0,10.0,3.0,16.0,20.39,3.0,0.0,10.0,,,,,25.0,,,,,,
578756,Nantes,Deiver Machado,DF / FW / Left Back / LB / Left Wing-Back / LWB / Left Midfielder / LM,472,6.46,1.7,0.0,0.42,0.21,0.42,6.0,1.0,0.0,0.21,123.0,82.0,4.0,36.4,,,,,2.0,33.3,28.0,46.7,7.0,43.8,273.0,15.0,8.0,13.0,6.0,5.0,10.0,21.0,2.0,2.0,1.0,6.0,8.95,1.0,0.0,,,,,1.0,14.0,,,,,,
1092680,Lens,Morgan Guilavogui,FW / Central Midfielder / CM / Right Winger / RW / Attacking Midfielder / AM / Left Winger / LW,481,6.53,2.4,1.0,1.24,0.69,1.24,10.0,2.0,0.0,1.06,165.0,79.3,11.0,78.6,10.0,2.0,1.0,33.3,8.0,53.3,44.0,55.7,10.0,62.5,308.0,31.0,1.0,12.0,14.0,1.0,15.0,33.0,5.0,6.0,0.0,5.0,7.6,3.0,1.0,,,1.0,,3.0,5.0,,,,,,
1573544,Lens,Anthony Bermont,FW / Left Back / LB / Left Wing-Back / LWB / Right Midfielder / RM / Central Midfielder / CM / Left Midfielder / LM / Right Winger / RW / Left Winger / LW,90,6.36,1.7,,,,,,,,,,,,,,,,,,,,,,,,,,,,,,,,,,,,,,,,,,,,,,,,,
1412956,Monaco,Paris Brunner,FW / Attacking Midfielder / AM / Right Winger / RW / Striker / ST,96,6.09,4.7,0.0,0.13,,0.13,2.0,,0.0,0.02,11.0,57.9,1.0,50.0,,,,,1.0,33.3,5.0,27.8,2.0,100.0,40.0,7.0,2.0,1.0,1.0,1.0,7.0,4.0,1.0,2.0,0.0,2.0,1.54,1.0,0.0,,,,,1.0,,,,,,,
320672,PEC Zwolle,Younes Namli,FW / Central Midfielder / CM / Right Winger / RW / Attacking Midfielder / AM,180,7.68,650.4,1.0,0.26,0.09,0.26,6.0,1.0,2.0,0.44,63.0,75.9,3.0,37.5,5.0,3.0,3.0,33.3,7.0,46.7,13.0,40.6,2.0,33.3,143.0,2.0,3.0,2.0,2.0,1.0,2.0,17.0,2.0,2.0,0.0,2.0,1.8,0.0,0.0,,,,,,2.0,,,,,,
1019583,Le Havre,Godson Kyeremeh,FW / Right Winger / RW / Striker / ST,344,6.46,835.5,0.0,0.42,0.32,0.42,4.0,1.0,1.0,0.28,51.0,81.0,1.0,33.3,5.0,1.0,5.0,33.3,3.0,30.0,27.0,52.9,1.0,16.7,145.0,6.0,3.0,17.0,6.0,,7.0,9.0,1.0,2.0,1.0,2.0,3.54,0.0,0.0,,,,,,3.0,,,,,,
942354,Le Havre,Felix Mambimbi,FW / Attacking Midfielder / AM / Striker / ST,485,6.47,733.0,1.0,0.66,0.57,0.66,6.0,2.0,0.0,0.47,83.0,72.2,1.0,25.0,6.0,1.0,,,4.0,40.0,24.0,34.3,3.0,16.7,196.0,20.0,6.0,5.0,12.0,3.0,15.0,27.0,11.0,4.0,0.0,6.0,5.94,1.0,0.0,,,,,2.0,6.0,,,,,,
961770,Santos FC,Billal Brahimi,FW / Right Midfielder / RM / Attacking Midfielder / AM / Right Winger / RW / Striker / ST,90,0.94,1.1,,,,,,,,,,,,,,,,,,,,,,,,,,,,,,,,,,,,,,,,,,,,,,,,,
1664716,Toulouse,Dayann Methalie,FW / MF / Center Back / CB / Left Back / LB / Left Wing-Back / LWB / Left Midfielder / LM,1174,6.59,6.5,0.0,0.52,0.66,0.52,10.0,5.0,0.0,1.09,203.0,77.2,7.0,41.2,6.0,1.0,3.0,12.5,20.0,40.0,66.0,42.0,5.0,41.7,583.0,32.0,20.0,8.0,34.0,11.0,33.0,56.0,5.0,3.0,1.0,14.0,15.7,4.0,0.0,3.0,,1.0,,1.0,22.0,,,,,,
1324358,Toulouse,Frank Magri,FW / Attacking Midfielder / AM / Right Winger / RW / Striker / ST / Left Winger / LW,1264,6.72,2.5,5.0,4.39,4.66,3.6,33.0,12.0,1.0,0.92,150.0,73.9,2.0,100.0,14.0,1.0,2.0,13.3,10.0,45.5,78.0,40.8,40.0,44.4,422.0,68.0,19.0,22.0,8.0,3.0,28.0,28.0,6.0,6.0,0.0,17.0,17.55,3.0,0.0,1.0,,,,13.0,13.0,,,,,,
1145717,Toulouse,Warren Kamanzi,MF / Right Midfielder / RM / Central Midfielder / CM / Left Midfielder / LM / Right Winger / RW,342,6.35,1.5,0.0,0.42,0.11,0.42,6.0,1.0,0.0,0.5,101.0,87.8,1.0,33.3,4.0,,1.0,20.0,7.0,63.6,18.0,45.0,1.0,12.5,180.0,15.0,5.0,3.0,7.0,1.0,4.0,12.0,2.0,2.0,0.0,8.0,5.27,0.0,0.0,1.0,,1.0,,1.0,9.0,,,,,,
541933,Brest,Mama Baldé,FW / Right Midfielder / RM / Right Winger / RW / Left Winger / LW / Striker / ST,638,6.65,4.3,2.0,2.62,1.48,2.62,27.0,5.0,2.0,0.55,93.0,70.5,3.0,27.3,6.0,,1.0,25.0,5.0,29.4,44.0,45.8,19.0,50.0,264.0,42.0,11.0,10.0,11.0,4.0,11.0,28.0,13.0,1.0,0.0,15.0,13.26,0.0,0.0,,,,,8.0,5.0,,,,,,
1640211,Boulogne,Vincent Burlet,DF / Center Back / CB / Left Back / LB / Left Wing-Back / LWB / Defensive Midfielder / DM / Left Midfielder / LM / Left Winger / LW,90,6.09,1.2,,,,,,,,,,,,,,,,,,,,,,,,,,,,,,,,,,,,,,,,,,,,,,,,,
1524069,Angers,Sidiki Cherif,FW / Attacking Midfielder / AM / Left Winger / LW / Striker / ST,1165,6.48,5.8,4.0,2.96,3.02,2.96,28.0,12.0,0.0,0.38,168.0,74.7,1.0,50.0,5.0,1.0,1.0,16.7,11.0,32.4,52.0,37.1,17.0,33.3,428.0,44.0,19.0,16.0,8.0,7.0,15.0,41.0,3.0,4.0,0.0,16.0,18.46,3.0,0.0,,,,,2.0,2.0,,,,,,
1011026,Kasımpaşa (on loan),Jim Allevinah,FW / Left Midfielder / LM / Right Winger / RW / Left Winger / LW,90,6.89,1.3,,,,,,,,,,,,,,,,,,,,,,,,,,,,,,,,,,,,,,,,,,,,,,,,,
1327518,Dunkerque (on loan),Lohann Doucet,FW / MF / Defensive Midfielder / DM / Central Midfielder / CM,123,5.87,602.9,1.0,0.3,0.95,0.3,2.0,1.0,0.0,0.06,51.0,91.1,5.0,83.3,3.0,,,,2.0,66.7,4.0,30.8,,,72.0,2.0,2.0,1.0,1.0,,4.0,5.0,1.0,1.0,0.0,5.0,2.83,2.0,0.0,1.0,,,,,3.0,,,,,,
690119,Paris FC,Pierre-Yves Hamel,FW / Defensive Midfielder / DM / Attacking Midfielder / AM / Striker / ST,97,5.93,337.4,0.0,,,,0.0,,0.0,0.01,6.0,66.7,,,,,,,,,2.0,25.0,2.0,40.0,12.0,2.0,0.0,,,1.0,2.0,2.0,1.0,1.0,0.0,2.0,1.52,0.0,0.0,1.0,,,,,,,,,,,
354477,Paris FC,Julien Lopez,FW / Attacking Midfielder / AM / Left Winger / LW,90,5.86,305.5,,,,,,,,,,,,,,,,,,,,,,,,,,,,,,,,,,,,,,,,,,,,,,,,,
683476,Paris FC,Mathieu Cafaro,FW / Right Midfielder / RM / Left Midfielder / LM / Left Winger / LW,144,6.18,1.7,0.0,0.28,0.13,0.28,6.0,1.0,0.0,0.25,39.0,83.0,1.0,50.0,3.0,,2.0,28.6,1.0,50.0,5.0,55.6,1.0,100.0,77.0,9.0,1.0,4.0,,,2.0,4.0,,,0.0,3.0,2.88,0.0,0.0,,,,,,1.0,,,,,,
281020,Paris FC,Nouha Dicko,FW / Striker / ST,79,6.66,351.2,,,,,,,,,,,,,,,,,,,,,,,,,,,,,,,,,,,,,,,,,,,,,,,,,
1215410,Birmingham City (on loan),Ibrahim Osman,FW / Right Midfielder / RM / Left Midfielder / LM / Right Winger / RW / Attacking Midfielder / AM / Left Winger / LW / Striker / ST,90,6.63,12.2,0.0,0.33,0.28,0.33,4.0,2.0,0.0,0.01,4.0,36.4,,,,,,,,,3.0,42.9,1.0,50.0,27.0,8.0,0.0,2.0,,,1.0,3.0,1.0,,0.0,0.0,0.3,0.0,0.0,,,,,,1.0,,,,,,
942893,Lausanne (on loan),Thelonius Bair,FW / Defensive Midfielder / DM / Striker / ST,1124,7.09,1.5,6.0,5.39,5.63,4.6,35.0,17.0,0.0,1.13,177.0,68.6,6.0,85.7,14.0,1.0,,,9.0,60.0,65.0,51.2,46.0,55.4,428.0,74.0,11.0,7.0,3.0,1.0,8.0,22.0,6.0,2.0,3.0,15.0,19.36,1.0,0.0,1.0,1.0,,,,,,,,,,
1049665,Lorient,Joel Mvuka,FW / MF / Right Wing-Back / RWB / Right Midfielder / RM / Right Winger / RW,633,6.58,2.2,0.0,0.52,0.04,0.52,8.0,1.0,0.0,0.69,117.0,79.1,2.0,28.6,4.0,2.0,1.0,8.3,6.0,37.5,40.0,56.3,1.0,11.1,273.0,14.0,5.0,11.0,22.0,7.0,4.0,26.0,2.0,4.0,0.0,18.0,12.51,0.0,0.0,,,,,,13.0,,,,,,
950967,Metz,Cheikh Sabaly,FW / Left Midfielder / LM / Right Winger / RW / Attacking Midfielder / AM / Striker / ST / Left Winger / LW,971,6.5,2.2,0.0,1.62,1.21,1.62,8.0,4.0,2.0,1.36,175.0,76.4,5.0,62.5,10.0,4.0,4.0,28.6,14.0,41.2,50.0,38.5,2.0,10.5,416.0,39.0,21.0,16.0,18.0,5.0,14.0,36.0,6.0,9.0,2.0,24.0,21.72,2.0,0.0,3.0,,,,,5.0,,,,,,
1729841,Aston Villa,Brian Madjo,FW / Right Winger / RW / Striker / ST,157,5.97,4.5,0.0,0.35,0.93,0.35,3.0,1.0,0.0,0.0,10.0,55.6,,,,,,,,,6.0,40.0,3.0,60.0,41.0,6.0,3.0,3.0,,,3.0,4.0,,,0.0,3.0,2.96,0.0,0.0,,,,,1.0,2.0,,,,,,
1523209,Metz,Ibou Sané,FW / Right Midfielder / RM / Attacking Midfielder / AM / Left Winger / LW / Striker / ST,537,6.3,1.5,1.0,0.36,1.11,0.36,6.0,3.0,1.0,0.72,108.0,82.4,3.0,42.9,5.0,1.0,2.0,15.4,2.0,20.0,29.0,50.9,5.0,62.5,228.0,11.0,7.0,15.0,7.0,1.0,8.0,15.0,1.0,2.0,0.0,11.0,8.82,2.0,0.0,,,2.0,,,4.0,,,,,,
1284071,Club Brugge,Félix Lemaréchal,FW / MF / Central Midfielder / CM / Attacking Midfielder / AM / Right Winger / RW / Striker / ST / Left Winger / LW,556,6.64,13.8,0.0,0.89,0.42,0.89,10.0,2.0,2.0,0.64,181.0,77.4,3.0,50.0,7.0,2.0,5.0,33.3,12.0,54.5,39.0,48.1,4.0,57.1,377.0,16.0,11.0,6.0,17.0,3.0,8.0,25.0,6.0,10.0,1.0,6.0,7.01,1.0,0.0,,,,,,7.0,,,,,,
1598170,Strasbourg,Samir El Mourabet,FW / MF / Defensive Midfielder / DM / Central Midfielder / CM,1155,6.79,2.1,0.0,0.25,,0.25,8.0,,0.0,1.18,694.0,90.6,19.0,65.5,14.0,2.0,2.0,25.0,10.0,50.0,69.0,56.1,7.0,41.2,958.0,7.0,10.0,11.0,41.0,10.0,16.0,70.0,11.0,8.0,1.0,13.0,16.91,3.0,0.0,8.0,,,,,13.0,,,,,,
1183148,Strasbourg,Emanuel Emegha,FW / Attacking Midfielder / AM / Striker / ST,424,7.22,26.2,4.0,3.6,3.13,3.6,16.0,8.0,2.0,0.12,35.0,81.4,1.0,100.0,3.0,2.0,,,2.0,33.3,16.0,51.6,5.0,100.0,94.0,20.0,1.0,9.0,,,10.0,9.0,1.0,,1.0,4.0,4.26,3.0,0.0,,,,,5.0,5.0,,,,,,
1443464,Strasbourg (on loan),Kendry Páez,FW / Defensive Midfielder / DM / Right Midfielder / RM / Right Winger / RW / Attacking Midfielder / AM / Left Winger / LW / Striker / ST,420,6.36,13.4,1.0,0.83,1.52,0.83,10.0,4.0,0.0,1.03,123.0,77.4,2.0,22.2,6.0,1.0,2.0,11.8,6.0,31.6,17.0,26.2,2.0,33.3,267.0,22.0,9.0,3.0,6.0,3.0,7.0,11.0,2.0,15.0,0.0,3.0,4.69,0.0,0.0,,,,,1.0,6.0,,,,,,
1085809,Nantes,Hyeok-Kyu Kwon,FW / MF / Defensive Midfielder / DM / Central Midfielder / CM,804,6.38,778.8,0.0,0.08,,0.08,3.0,,0.0,0.08,192.0,86.9,10.0,55.6,,,,,,,33.0,51.6,9.0,60.0,321.0,,4.0,10.0,15.0,7.0,11.0,21.0,2.0,9.0,1.0,14.0,15.93,2.0,0.0,8.0,,,,,28.0,,,,,,
1178331,Reims (on loan),Yassine Benhattab,FW / Right Midfielder / RM / Right Winger / RW,487,6.48,1.9,0.0,0.15,0.22,0.15,4.0,1.0,0.0,0.77,102.0,72.3,5.0,55.6,6.0,1.0,4.0,16.0,8.0,53.3,22.0,52.4,1.0,20.0,248.0,16.0,4.0,3.0,10.0,,3.0,28.0,3.0,2.0,0.0,9.0,9.23,0.0,0.0,,,,,,3.0,,,,,,
925345,Gent (on loan),Hyun-Seok Hong,MF / Central Midfielder / CM / Right Winger / RW / Attacking Midfielder / AM / Striker / ST,286,6.49,2.0,0.0,0.47,0.46,0.47,4.0,2.0,0.0,0.06,57.0,77.0,1.0,25.0,1.0,,2.0,14.3,2.0,100.0,13.0,61.9,1.0,25.0,127.0,6.0,3.0,1.0,9.0,3.0,,13.0,2.0,2.0,0.0,3.0,5.01,0.0,0.0,1.0,,,,1.0,3.0,,,,,,
1515220,Nantes (on loan),Amady Camara,FW / Right Winger / RW / Striker / ST,164,5.98,1.6,0.0,0.43,,0.43,6.0,,0.0,0.13,38.0,76.0,2.0,50.0,2.0,,1.0,5.9,1.0,25.0,8.0,32.0,1.0,20.0,109.0,8.0,6.0,2.0,4.0,1.0,4.0,10.0,,2.0,0.0,5.0,3.89,0.0,0.0,,,,,,,,,,,,
1609234,Dunkerque (on loan),Morgan Bokele,FW / Right Midfielder / RM / Left Midfielder / LM / Right Winger / RW / Left Winger / LW / Striker / ST,221,6.27,1.3,0.0,0.34,0.53,0.34,3.0,1.0,0.0,0.23,79.0,79.0,3.0,60.0,2.0,,3.0,50.0,3.0,37.5,16.0,48.5,,,152.0,8.0,5.0,8.0,5.0,1.0,2.0,10.0,,3.0,0.0,7.0,6.11,0.0,0.0,1.0,,,,,2.0,,,,,,
439366,Le Havre,Abdoulaye Touré,MF / Defensive Midfielder / DM / Central Midfielder / CM / Right Winger / RW / Attacking Midfielder / AM / Left Winger / LW,741,6.82,734.9,2.0,1.5,1.34,0.71,13.0,4.0,0.0,0.92,259.0,87.2,21.0,80.8,3.0,,1.0,7.7,3.0,33.3,39.0,54.2,7.0,50.0,439.0,13.0,7.0,17.0,12.0,9.0,13.0,27.0,3.0,1.0,3.0,8.0,8.34,2.0,0.0,4.0,,,,,16.0,,,,,,
1438611,Lens,Fodé Sylla,MF / Defensive Midfielder / DM / Right Midfielder / RM / Central Midfielder / CM / Left Winger / LW,90,7.6,3.5,0.0,,,,0.0,,0.0,0.01,33.0,80.5,1.0,100.0,,,,,,,8.0,72.7,2.0,100.0,55.0,,0.0,,6.0,1.0,2.0,8.0,,,0.0,1.0,1.99,0.0,0.0,,,,,,2.0,,,,,,
1289641,Clermont Foot (on loan),Axel Camblan,FW / Right Midfielder / RM / Central Midfielder / CM / Right Winger / RW / Attacking Midfielder / AM / Left Winger / LW / Striker / ST,90,6.06,741.2,,,,,,,,,,,,,,,,,,,,,,,,,,,,,,,,,,,,,,,,,,,,,,,,,
1676711,Brest,Saliou Diop,FW,6,,75.0,,,,,,,,,,,,,,,,,,,,,,,,,,,,,,,,,,,,,,,,,,,,,,,,,
1668289,Nancy (on loan),Justin Bourgault,DF / Left Back / LB / Left Wing-Back / LWB / Left Midfielder / LM / Left Winger / LW,110,6.32,1.4,,,,,,,,,,,,,,,,,,,,,,,,,,,,,,,,,,,,,,,,,,,,,,,,,
1282765,Başakşehir,Bertug Yildirim,FW / Striker / ST,90,6.58,1.9,,,,,,,,,,,,,,,,,,,,,,,,,,,,,,,,,,,,,,,,,,,,,,,,,
267000,,Thomas Delaine,DF / Left Back / LB / Left Winger / LW,200,6.52,438.6,0.0,0.07,,0.07,3.0,,0.0,0.33,90.0,73.8,2.0,11.1,3.0,,4.0,21.1,2.0,100.0,5.0,50.0,,,188.0,4.0,0.0,1.0,2.0,3.0,2.0,9.0,,2.0,0.0,1.0,1.81,1.0,0.0,,,,,1.0,7.0,,,,,,
1581053,Strasbourg,Mathis Amougou,MF / Defensive Midfielder / DM / Central Midfielder / CM / Right Winger / RW / Attacking Midfielder / AM,277,6.48,13.6,0.0,0.17,0.06,0.17,2.0,1.0,0.0,0.12,133.0,92.4,,,2.0,,,,2.0,33.3,15.0,60.0,,,185.0,4.0,1.0,3.0,10.0,1.0,2.0,14.0,3.0,3.0,0.0,6.0,3.34,1.0,0.0,1.0,,,,,1.0,,,,,,
1609064,1. FC Nürnberg (on loan),Rabby Nzingoula,MF / Defensive Midfielder / DM / Right Midfielder / RM / Central Midfielder / CM / Attacking Midfielder / AM,90,6.63,4.9,,,,,,,,,,,,,,,,,,,,,,,,,,,,,,,,,,,,,,,,,,,,,,,,,
1168520,Nantes (on loan),Mayckel Lahdo,FW / Right Winger / RW / Left Winger / LW,421,6.48,2.9,1.0,0.36,0.37,0.36,3.0,1.0,1.0,0.1,86.0,86.0,3.0,60.0,5.0,,,,6.0,50.0,18.0,40.9,1.0,12.5,172.0,12.0,7.0,6.0,5.0,,5.0,11.0,1.0,2.0,0.0,9.0,7.93,0.0,0.0,,,,,,2.0,,,,,,
1066264,Toulouse,Abu Francis,FW / MF / Defensive Midfielder / DM / Central Midfielder / CM,547,6.8,1.5,0.0,0.13,,0.13,6.0,,0.0,0.17,197.0,82.8,1.0,9.1,1.0,,,,3.0,75.0,33.0,67.3,7.0,77.8,314.0,6.0,4.0,4.0,19.0,8.0,5.0,33.0,1.0,4.0,1.0,7.0,7.03,2.0,0.0,3.0,,,,,10.0,,,,,,
1457823,Mallorca,Justin-Noel Kalumba,FW / Right Winger / RW / Left Winger / LW,226,6.33,842.5,0.0,0.02,,0.02,1.0,,0.0,0.45,57.0,76.0,1.0,50.0,4.0,,7.0,46.7,4.0,28.6,14.0,35.9,1.0,11.1,142.0,4.0,4.0,3.0,6.0,1.0,3.0,10.0,3.0,,0.0,5.0,5.64,0.0,0.0,,,,,,3.0,,,,,,
1089922,Le Havre (on loan),Reda Khadra,FW / Right Winger / RW,199,6.39,1.7,0.0,0.21,0.39,0.21,6.0,3.0,0.0,0.35,33.0,78.6,1.0,50.0,3.0,,1.0,10.0,5.0,41.7,14.0,48.3,2.0,66.7,96.0,7.0,2.0,1.0,6.0,,3.0,9.0,3.0,2.0,0.0,4.0,4.37,0.0,0.0,,,,,,1.0,,,,,,
1335154,Racing Club (on loan),Damian Pizarro,FW / Striker / ST,90,5.98,5.9,,,,,,,,,,,,,,,,,,,,,,,,,,,,,,,,,,,,,,,,,,,,,,,,,
1755824,Metz,Ismael Guerti,MF / Attacking Midfielder / AM,15,6.64,715.9,,,,,,,,,,,,,,,,,,,,,,,,,,,,,,,,,,,,,,,,,,,,,,,,,
1819218,Paris Saint Germain U19,Mathis Jangéal,MF / Central Midfielder / CM / Striker / ST,90,5.95,,,,,,,,,,,,,,,,,,,,,,,,,,,,,,,,,,,,,,,,,,,,,,,,,,
1804654,Rennes,Nordan Mukiele,FW,28,6.08,620.9,,,,,,,,,,,,,,,,,,,,,,,,,,,,,,,,,,,,,,,,,,,,,,,,,
748381,Metz,Joel Asoro,FW / Striker / ST,231,5.9,1.0,0.0,0.72,0.08,0.72,4.0,1.0,0.0,0.19,21.0,56.8,1.0,20.0,1.0,,1.0,100.0,1.0,25.0,5.0,20.8,3.0,20.0,60.0,7.0,1.0,1.0,,,2.0,3.0,1.0,1.0,0.0,6.0,4.34,0.0,0.0,,,,,,1.0,,,,,,
1692895,Auxerre,Ryan Rodin,FW / Striker / ST,63,5.51,130.0,,,,,,,,,,,,,,,,,,,,,,,,,,,,,,,,,,,,,,,,,,,,,,,,,
1841201,Rennes,Lucas Rosier,FW,1,,130.0,,,,,,,,,,,,,,,,,,,,,,,,,,,,,,,,,,,,,,,,,,,,,,,,,
1473606,Metz,Malick Mbaye,FW / Right Midfielder / RM / Right Winger / RW / Left Winger / LW / Striker / ST,299,6.55,618.9,0.0,0.13,0.12,0.13,2.0,1.0,0.0,0.21,79.0,82.3,5.0,62.5,2.0,,2.0,25.0,3.0,42.9,17.0,44.7,1.0,11.1,160.0,5.0,4.0,3.0,10.0,3.0,3.0,14.0,,2.0,0.0,7.0,4.69,1.0,0.0,,,,,,9.0,,,,,,
1863770,Auxerre,Mamoudou Cissokho,FW,27,5.89,40.0,,,,,,,,,,,,,,,,,,,,,,,,,,,,,,,,,,,,,,,,,,,,,,,,,
1869761,Le Havre,Kenny Quetant,FW / Striker / ST,242,6.65,20.0,1.0,0.49,0.59,0.49,4.0,2.0,0.0,0.06,30.0,66.7,,,1.0,,,,2.0,66.7,10.0,41.7,6.0,46.2,73.0,5.0,2.0,2.0,,1.0,3.0,5.0,1.0,1.0,0.0,1.0,2.3,1.0,0.0,,,,,,2.0,,,,,,
1667650,Le Havre,Noam Jacquet,FW,25,6.45,130.0,,,,,,,,,,,,,,,,,,,,,,,,,,,,,,,,,,,,,,,,,,,,,,,,,
1366618,Nice,Zoumana Diallo,FW / Striker / ST,63,5.79,30.0,,,,,,,,,,,,,,,,,,,,,,,,,,,,,,,,,,,,,,,,,,,,,,,,,
1830685,Paris Saint Germain U19,Noah Nsoki,FW / Right Winger / RW / Left Winger / LW,90,6.4,330.0,,,,,,,,,,,,,,,,,,,,,,,,,,,,,,,,,,,,,,,,,,,,,,,,,
1623827,Paris FC B,Mohamed Dao,FW,6,,20.0,,,,,,,,,,,,,,,,,,,,,,,,,,,,,,,,,,,,,,,,,,,,,,,,,
1168311,Brighton & Hove Albion,Yasin Ayari,FW / MF / Defensive Midfielder / DM / Central Midfielder / CM,1703,7.13,39.3,3.0,2.55,1.67,2.55,39.0,10.0,2.0,1.05,741.0,86.6,38.0,61.3,12.0,1.0,5.0,21.7,13.0,32.5,87.0,46.8,7.0,31.8,1171.0,28.0,17.0,24.0,43.0,23.0,18.0,111.0,13.0,23.0,5.0,21.0,24.75,0.0,0.0,3.0,,,,1.0,20.0,,,,,,
1128965,Everton,Carlos Alcaraz,MF / Right Winger / RW / Attacking Midfielder / AM / Left Winger / LW,675,6.65,18.0,0.0,1.11,0.57,1.11,18.0,5.0,1.0,0.44,230.0,81.0,11.0,64.7,9.0,2.0,2.0,40.0,6.0,46.2,42.0,45.2,13.0,44.8,416.0,27.0,8.0,11.0,13.0,3.0,8.0,41.0,2.0,12.0,0.0,8.0,13.0,3.0,0.0,2.0,,,,3.0,5.0,,,,,,
1292833,Everton,Tyler Dibling,FW / Right Winger / RW / Attacking Midfielder / AM / Striker / ST,359,6.42,49.4,0.0,0.2,,0.2,4.0,,0.0,0.16,88.0,87.1,3.0,75.0,4.0,,1.0,14.3,13.0,48.1,31.0,40.8,1.0,16.7,204.0,11.0,9.0,10.0,7.0,6.0,11.0,22.0,2.0,6.0,1.0,2.0,6.04,2.0,0.0,1.0,,,,,4.0,,,,,,
881735,Leeds United,Anton Stach,FW / MF / Defensive Midfielder / DM / Central Midfielder / CM / Attacking Midfielder / AM,1701,7.3,17.5,3.0,2.18,2.19,2.18,38.0,10.0,3.0,3.32,569.0,79.8,34.0,58.6,44.0,7.0,31.0,33.0,16.0,48.5,106.0,54.4,31.0,66.0,1102.0,41.0,20.0,16.0,45.0,13.0,27.0,87.0,16.0,9.0,3.0,32.0,25.63,3.0,0.0,7.0,,,1.0,2.0,37.0,,,,,,
1336566,Leeds United (on loan),Facundo Buonanotte,MF / Right Winger / RW / Attacking Midfielder / AM,90,6.22,27.7,0.0,0.04,,0.04,1.0,,0.0,0.1,24.0,80.0,1.0,50.0,2.0,,,,,,2.0,28.6,1.0,100.0,46.0,8.0,0.0,,1.0,1.0,1.0,3.0,,2.0,0.0,2.0,1.86,1.0,0.0,,,,,,,,,,,,
1107286,Leeds United,Wilfried Gnonto,FW / Right Wing-Back / RWB / Right Winger / RW / Attacking Midfielder / AM / Left Winger / LW / Striker / ST,351,6.47,26.4,0.0,0.24,,0.24,7.0,,1.0,0.53,107.0,81.1,5.0,71.4,6.0,1.0,1.0,9.1,1.0,12.5,23.0,43.4,1.0,8.3,221.0,9.0,5.0,7.0,14.0,2.0,5.0,14.0,3.0,2.0,0.0,11.0,8.42,2.0,0.0,,,1.0,,,7.0,,,,,,
792540,Leeds United,Joel Piroe,FW / Attacking Midfielder / AM / Striker / ST,216,6.02,18.5,0.0,0.7,0.38,0.7,9.0,2.0,0.0,0.08,65.0,84.4,6.0,85.7,,,,,1.0,33.3,5.0,18.5,3.0,20.0,112.0,14.0,5.0,,1.0,1.0,3.0,7.0,2.0,1.0,0.0,7.0,5.31,0.0,0.0,,,,,1.0,,,,,,,
1174296,Wolverhampton Wanderers,Andre,FW / MF / Defensive Midfielder / DM / Central Midfielder / CM,1694,6.68,37.8,0.0,0.18,,0.18,6.0,,0.0,0.69,760.0,90.4,40.0,63.5,11.0,1.0,8.0,21.6,10.0,50.0,94.0,52.2,4.0,28.6,1128.0,3.0,17.0,29.0,51.0,17.0,27.0,124.0,6.0,23.0,1.0,33.0,27.22,8.0,0.0,7.0,,,,,39.0,,,,,,
1116391,Wolverhampton Wanderers,Hugo Bueno,DF / FW / Left Back / LB / Left Wing-Back / LWB / Right Midfielder / RM / Central Midfielder / CM / Left Midfielder / LM,1443,6.7,11.6,0.0,0.42,0.82,0.42,8.0,4.0,1.0,1.95,431.0,82.4,15.0,37.5,23.0,2.0,34.0,32.1,18.0,40.0,78.0,47.3,11.0,50.0,1030.0,30.0,17.0,11.0,38.0,23.0,11.0,70.0,4.0,22.0,2.0,24.0,18.95,1.0,0.0,2.0,,,,,42.0,,,,,,
1023030,Wolverhampton Wanderers,Jhon Arias,FW / Central Midfielder / CM / Right Winger / RW / Attacking Midfielder / AM / Striker / ST / Left Winger / LW,1121,6.48,17.8,1.0,3.25,0.77,3.25,16.0,3.0,0.0,0.62,357.0,89.5,8.0,80.0,11.0,,9.0,29.0,8.0,40.0,70.0,42.4,10.0,35.7,666.0,39.0,26.0,9.0,43.0,8.0,25.0,58.0,7.0,14.0,1.0,21.0,15.84,1.0,0.0,2.0,,,,1.0,15.0,,,,,,
1113692,Chelsea,Jamie Gittens,FW / Right Midfielder / RM / Right Winger / RW / Attacking Midfielder / AM / Left Winger / LW,505,6.52,62.8,0.0,0.82,0.07,0.82,10.0,2.0,2.0,0.93,118.0,79.2,3.0,75.0,9.0,2.0,3.0,23.1,13.0,61.9,32.0,54.2,3.0,30.0,255.0,28.0,4.0,8.0,8.0,2.0,6.0,15.0,2.0,3.0,1.0,7.0,8.88,0.0,0.0,1.0,,,,,3.0,,,,,,
424129,Real Oviedo,Leander Dendoncker,MF / Center Back / CB / Defensive Midfielder / DM / Central Midfielder / CM / Right Winger / RW,1318,6.68,2.2,1.0,0.8,1.41,0.8,9.0,4.0,0.0,0.46,474.0,86.3,13.0,54.2,6.0,,2.0,40.0,4.0,50.0,66.0,53.7,23.0,54.8,737.0,26.0,6.0,3.0,36.0,12.0,12.0,54.0,2.0,17.0,2.0,23.0,26.13,2.0,0.0,7.0,,,1.0,4.0,34.0,,,,,,
785511,Girona,Fran Beltrán,FW / MF / Defensive Midfielder / DM / Central Midfielder / CM,714,6.57,3.6,0.0,0.32,0.63,0.32,7.0,1.0,0.0,0.22,430.0,90.7,23.0,62.2,2.0,1.0,,,2.0,66.7,23.0,41.8,3.0,30.0,562.0,3.0,8.0,4.0,14.0,8.0,12.0,29.0,1.0,5.0,1.0,8.0,7.15,1.0,0.0,3.0,,,,,6.0,,,,,,
246438,Villarreal,Gerard Moreno,FW / Striker / ST,732,7.38,2.3,7.0,3.72,3.67,2.14,21.0,10.0,0.0,1.6,223.0,77.7,23.0,74.2,18.0,4.0,,,9.0,50.0,39.0,46.4,13.0,50.0,410.0,38.0,9.0,7.0,10.0,3.0,8.0,24.0,5.0,8.0,0.0,7.0,7.76,0.0,0.0,1.0,2.0,1.0,,2.0,6.0,,,,,,
1377639,Levante,Tay Abed,FW / Right Midfielder / RM / Central Midfielder / CM / Right Winger / RW / Attacking Midfielder / AM / Striker / ST,90,0.59,734.4,,,,,,,,,,,,,,,,,,,,,,,,,,,,,,,,,,,,,,,,,,,,,,,,,
602563,Atletico Madrid,Marcos Llorente,DF / FW / Right Back / RB / Center Back / CB / Right Wing-Back / RWB / Right Midfielder / RM / Central Midfielder / CM,1501,7.34,19.6,0.0,1.63,1.43,1.63,12.0,5.0,3.0,2.62,901.0,89.3,41.0,60.3,15.0,7.0,6.0,21.4,10.0,58.8,64.0,55.7,5.0,33.3,1342.0,43.0,4.0,9.0,40.0,9.0,19.0,82.0,3.0,11.0,6.0,12.0,16.59,3.0,0.0,1.0,,,,,40.0,,,,,,
1338192,Atletico Madrid,Pablo Barrios,FW / MF / Defensive Midfielder / DM / Central Midfielder / CM / Left Midfielder / LM,1582,7.23,60.3,1.0,1.7,1.53,1.7,21.0,6.0,1.0,2.05,882.0,89.0,43.0,64.2,20.0,3.0,9.0,32.1,32.0,61.5,98.0,55.4,16.0,53.3,1302.0,39.0,21.0,21.0,29.0,23.0,12.0,108.0,11.0,12.0,6.0,14.0,19.75,0.0,0.0,2.0,,,1.0,,12.0,,,,,,
1577912,Elche,Adam Boayar,FW / Central Midfielder / CM / Attacking Midfielder / AM / Left Winger / LW / Striker / ST,120,6.49,737.7,,,,,,,,,,,,,,,,,,,,,,,,,,,,,,,,,,,,,,,,,,,,,,,,,
638622,Barcelona,Frenkie de Jong,FW / MF / Defensive Midfielder / DM / Central Midfielder / CM,1324,7.46,44.9,0.0,0.69,0.3,0.69,6.0,1.0,4.0,2.84,1099.0,93.9,36.0,81.8,26.0,7.0,3.0,60.0,4.0,66.7,68.0,64.8,7.0,50.0,1334.0,29.0,11.0,22.0,35.0,16.0,10.0,74.0,5.0,7.0,4.0,15.0,19.72,4.0,1.0,4.0,,,,,13.0,,,,,,
696679,Barcelona,Raphinha,FW / Left Midfielder / LM / Right Winger / RW / Attacking Midfielder / AM / Left Winger / LW,873,7.85,92.6,8.0,6.1,5.96,5.31,40.0,11.0,3.0,4.37,342.0,81.4,17.0,54.8,27.0,9.0,15.0,33.3,12.0,50.0,29.0,43.3,2.0,50.0,631.0,63.0,11.0,7.0,8.0,1.0,7.0,32.0,5.0,6.0,1.0,6.0,9.53,2.0,0.0,,1.0,1.0,,2.0,6.0,,,,,,
844431,Augsburg (on loan),Yannik Keitel,MF / Center Back / CB / Central Midfielder / CM / Left Midfielder / LM / Left Winger / LW,132,6.25,2.1,0.0,,,,0.0,,0.0,0.01,32.0,80.0,3.0,42.9,,,,,,,5.0,62.5,4.0,66.7,56.0,,0.0,1.0,,1.0,1.0,,,,0.0,2.0,2.34,1.0,0.0,3.0,,,,,11.0,,,,,,
958232,Augsburg,Samuel Essende,FW / Striker / ST,403,6.24,4.1,1.0,1.72,0.76,1.72,17.0,4.0,0.0,0.16,63.0,68.5,,,4.0,,,,5.0,71.4,39.0,39.8,17.0,36.2,192.0,28.0,10.0,14.0,4.0,,17.0,18.0,3.0,1.0,0.0,10.0,8.46,2.0,0.0,,,,,2.0,2.0,,,,,,
530197,St. Pauli,Manolis Saliakas,FW / MF / Right Wing-Back / RWB / Right Midfielder / RM,634,6.86,2.0,0.0,0.22,0.16,0.22,9.0,2.0,1.0,0.75,268.0,76.1,20.0,40.0,5.0,,5.0,17.9,3.0,75.0,30.0,65.2,4.0,36.4,535.0,10.0,1.0,6.0,17.0,6.0,3.0,30.0,5.0,4.0,0.0,13.0,10.59,2.0,0.0,1.0,,1.0,,,12.0,,,,,,
880095,St. Pauli (on loan),James Sands,FW / MF / Center Back / CB / Defensive Midfielder / DM / Central Midfielder / CM,1614,6.83,4.1,1.0,0.56,0.77,0.56,13.0,4.0,0.0,0.65,573.0,76.4,17.0,29.3,8.0,2.0,2.0,28.6,1.0,25.0,121.0,57.9,53.0,56.4,994.0,23.0,13.0,33.0,37.0,29.0,23.0,60.0,4.0,9.0,3.0,30.0,26.02,4.0,0.0,5.0,,,,6.0,27.0,,,,,,
1112702,St. Pauli,Arkadiusz Pyrka,FW / MF / Right Wing-Back / RWB / Left Wing-Back / LWB / Right Midfielder / RM,1392,6.82,1.6,0.0,0.31,0.04,0.31,8.0,2.0,0.0,0.95,385.0,75.9,18.0,36.0,11.0,3.0,4.0,19.0,8.0,36.4,46.0,47.4,7.0,26.9,877.0,19.0,6.0,11.0,20.0,13.0,11.0,84.0,8.0,2.0,2.0,24.0,22.63,3.0,0.0,8.0,,,,,40.0,,,,,,
1089870,St. Pauli,Ricky-Jade Jones,FW / Left Winger / LW / Striker / ST,336,6.46,816.2,2.0,1.62,1.17,1.62,11.0,6.0,0.0,0.45,27.0,50.9,1.0,50.0,6.0,1.0,1.0,12.5,4.0,66.7,23.0,39.0,9.0,29.0,123.0,16.0,4.0,7.0,3.0,1.0,8.0,4.0,2.0,2.0,0.0,5.0,6.5,1.0,0.0,,,,1.0,1.0,2.0,,,,,,
725398,St. Pauli,Mathias Pereira Lage,FW / Defensive Midfielder / DM / Right Midfielder / RM / Right Winger / RW / Attacking Midfielder / AM / Striker / ST / Left Winger / LW,1412,6.64,3.6,0.0,3.0,1.86,3.0,29.0,12.0,2.0,1.14,239.0,66.2,10.0,45.5,22.0,3.0,11.0,21.6,8.0,38.1,94.0,45.0,32.0,38.1,664.0,48.0,15.0,28.0,28.0,11.0,25.0,47.0,9.0,11.0,1.0,25.0,22.13,2.0,0.0,2.0,,,,2.0,14.0,,,,,,
1124825,Hoffenheim,Tim Lemperle,FW / Right Winger / RW / Striker / ST,1294,7.12,9.8,6.0,5.19,3.88,4.4,35.0,14.0,2.0,1.59,238.0,70.0,4.0,36.4,19.0,2.0,3.0,20.0,9.0,37.5,59.0,35.1,23.0,41.1,596.0,79.0,11.0,11.0,16.0,5.0,38.0,42.0,17.0,14.0,1.0,15.0,17.87,1.0,0.0,1.0,1.0,1.0,,6.0,18.0,,,,,,
1185568,Mainz 05,Benedict Hollerbach,FW / Attacking Midfielder / AM / Left Winger / LW / Striker / ST,885,6.22,13.9,1.0,2.02,1.29,2.02,22.0,6.0,2.0,1.25,133.0,72.3,3.0,75.0,4.0,3.0,3.0,15.0,12.0,38.7,55.0,31.6,17.0,27.4,413.0,56.0,35.0,13.0,13.0,1.0,18.0,31.0,10.0,4.0,0.0,15.0,17.59,0.0,0.0,1.0,,,,4.0,3.0,,,,,,
959696,Borussia Mönchengladbach,Joseph Scally,DF / FW / Right Back / RB / Center Back / CB / Left Back / LB / Right Wing-Back / RWB,1521,6.8,13.3,1.0,1.05,1.51,1.05,11.0,7.0,2.0,1.02,430.0,81.9,15.0,31.2,7.0,2.0,3.0,11.1,12.0,40.0,99.0,52.7,21.0,46.7,917.0,21.0,15.0,38.0,28.0,13.0,21.0,62.0,3.0,11.0,6.0,23.0,23.63,5.0,0.0,2.0,,,,2.0,48.0,,,,,,
764507,Borussia Mönchengladbach,Florian Neuhaus,FW / MF / Defensive Midfielder / DM / Central Midfielder / CM / Attacking Midfielder / AM / Striker / ST,892,6.6,2.5,0.0,1.0,0.39,1.0,21.0,5.0,1.0,1.47,369.0,79.4,21.0,44.7,7.0,1.0,2.0,22.2,6.0,50.0,29.0,40.8,2.0,25.0,607.0,21.0,13.0,9.0,12.0,9.0,9.0,41.0,5.0,10.0,0.0,9.0,11.1,0.0,0.0,4.0,,,,,11.0,,,,,,
1155130,Borussia Mönchengladbach,Luca Netz,FW / MF / Left Back / LB / Left Wing-Back / LWB / Left Midfielder / LM,1030,6.84,5.4,0.0,0.05,,0.05,2.0,,2.0,1.54,272.0,76.8,10.0,22.2,10.0,4.0,7.0,26.9,9.0,56.2,35.0,48.6,8.0,50.0,568.0,10.0,6.0,2.0,16.0,5.0,8.0,31.0,3.0,9.0,5.0,10.0,15.58,1.0,0.0,5.0,,,,,38.0,,,,,,
1242757,Hamburger SV,William Mikelbrencis,DF / FW / Right Back / RB / Left Back / LB / Right Midfielder / RM,574,6.31,1.8,0.0,0.77,0.62,0.77,7.0,4.0,1.0,0.63,121.0,74.2,5.0,33.3,6.0,2.0,3.0,12.0,3.0,60.0,19.0,38.8,5.0,45.5,354.0,13.0,8.0,1.0,10.0,2.0,11.0,20.0,2.0,4.0,0.0,15.0,10.37,0.0,0.0,2.0,,,,3.0,14.0,,,,,,
800624,Pisa (on loan),Calvin Stengs,MF / Right Winger / RW / Attacking Midfielder / AM,61,0.83,6.2,,,,,,,,,,,,,,,,,,,,,,,,,,,,,,,,,,,,,,,,,,,,,,,,,
1022843,Sassuolo,Luca Moro,FW / Striker / ST,181,6.22,1.8,0.0,0.62,0.29,0.62,6.0,1.0,0.0,0.05,31.0,81.6,1.0,100.0,1.0,1.0,,,1.0,100.0,25.0,54.3,11.0,52.4,85.0,14.0,4.0,8.0,5.0,1.0,5.0,3.0,1.0,2.0,0.0,2.0,4.4,1.0,0.0,,,,,4.0,2.0,,,,,,
942379,Napoli,Miguel Gutiérrez,DF / FW / Left Back / LB / Right Wing-Back / RWB / Left Wing-Back / LWB / Left Midfielder / LM,578,6.83,23.5,1.0,0.2,0.52,0.2,7.0,2.0,0.0,0.34,263.0,85.9,8.0,53.3,9.0,,2.0,8.0,2.0,25.0,32.0,60.4,6.0,66.7,450.0,12.0,4.0,13.0,12.0,5.0,8.0,38.0,2.0,1.0,0.0,9.0,6.9,0.0,0.0,,,,,1.0,7.0,,,,,,
308517,Napoli,Stanislav Lobotka,FW / MF / Defensive Midfielder / DM / Central Midfielder / CM,1447,7.18,15.9,1.0,0.33,0.89,0.33,4.0,3.0,1.0,0.82,1053.0,92.7,24.0,55.8,11.0,,1.0,50.0,4.0,80.0,59.0,66.3,5.0,50.0,1274.0,5.0,7.0,31.0,19.0,9.0,8.0,71.0,6.0,10.0,6.0,18.0,15.95,1.0,0.0,2.0,,,,,17.0,,,,,,
181276,Napoli,Romelu Lukaku,FW / Striker / ST,90,5.98,12.3,,,,,,,,,,,,,,,,,,,,,,,,,,,,,,,,,,,,,,,,,,,,,,,,,
518346,Fiorentina,Robin Gosens,DF / MF / Left Back / LB / Left Wing-Back / LWB / Left Midfielder / LM / Left Winger / LW,1136,6.67,6.8,2.0,2.58,2.46,2.58,12.0,6.0,0.0,0.97,331.0,78.4,9.0,34.6,9.0,,8.0,30.8,,,53.0,46.9,22.0,42.3,692.0,27.0,4.0,14.0,20.0,11.0,15.0,30.0,2.0,10.0,2.0,18.0,18.4,2.0,0.0,6.0,,,,7.0,35.0,,,,,,
1329487,Fiorentina,Jacopo Fazzini,MF / Defensive Midfielder / DM / Central Midfielder / CM / Left Midfielder / LM / Attacking Midfielder / AM / Right Winger / RW / Striker / ST / Left Winger / LW,396,6.27,12.7,0.0,0.26,0.01,0.26,7.0,1.0,0.0,0.39,94.0,76.4,2.0,50.0,6.0,1.0,3.0,60.0,4.0,30.8,31.0,43.7,4.0,26.7,220.0,4.0,11.0,11.0,12.0,4.0,5.0,19.0,5.0,4.0,0.0,7.0,5.1,0.0,0.0,,,,,,2.0,,,,,,
1030646,Cagliari,Gennaro Borrelli,FW / Attacking Midfielder / AM / Striker / ST / Left Winger / LW,1034,6.45,2.1,3.0,2.16,3.14,2.16,22.0,6.0,1.0,0.33,133.0,70.4,7.0,70.0,10.0,1.0,,,6.0,42.9,105.0,49.3,45.0,53.6,407.0,38.0,22.0,41.0,15.0,3.0,40.0,18.0,2.0,4.0,0.0,21.0,19.1,3.0,0.0,2.0,,,,7.0,16.0,,,,,,
769335,Hellas Verona,Pol Lirola,FW / MF / Center Back / CB / Right Midfielder / RM,87,6.04,1.3,,,,,,,,,,,,,,,,,,,,,,,,,,,,,,,,,,,,,,,,,,,,,,,,,
485634,Hellas Verona,Roberto Gagliardini,FW / MF / Defensive Midfielder / DM / Central Midfielder / CM,1267,7.02,964.3,1.0,0.57,0.25,0.57,9.0,3.0,0.0,0.61,537.0,78.9,22.0,35.5,6.0,,5.0,38.5,1.0,20.0,95.0,59.0,36.0,63.2,931.0,16.0,4.0,19.0,40.0,37.0,25.0,71.0,8.0,14.0,3.0,19.0,14.84,6.0,0.0,8.0,,,,2.0,38.0,,,,,,
883824,Paris FC,Willem Geubbels,FW / Left Winger / LW / Striker / ST,229,8.28,10.9,3.0,2.72,5.19,2.72,12.0,9.0,0.0,0.32,19.0,50.0,,,3.0,1.0,,,4.0,40.0,18.0,42.9,10.0,47.6,91.0,20.0,3.0,1.0,3.0,1.0,2.0,6.0,3.0,2.0,0.0,2.0,4.36,0.0,0.0,,,,,3.0,4.0,,,,,,
875672,Marseille (on loan),Hamed Traorè,MF / Defensive Midfielder / DM / Central Midfielder / CM / Left Midfielder / LM / Attacking Midfielder / AM / Left Winger / LW,90,6.9,22.3,,,,,,,,,,,,,,,,,,,,,,,,,,,,,,,,,,,,,,,,,,,,,,,,,
1387389,Marseille (on loan),Arthur Vermeeren,MF / Defensive Midfielder / DM / Central Midfielder / CM / Attacking Midfielder / AM,568,6.72,27.8,0.0,0.05,,0.05,2.0,,1.0,0.26,411.0,88.8,7.0,63.6,5.0,,,,4.0,66.7,26.0,46.4,3.0,42.9,548.0,2.0,3.0,1.0,18.0,6.0,12.0,41.0,3.0,9.0,1.0,8.0,9.4,1.0,1.0,1.0,,,,,6.0,,,,,,
643635,Marseille,Amir Murillo,DF / Right Back / RB / Center Back / CB / Left Back / LB / Right Wing-Back / RWB / Left Winger / LW,992,6.91,9.7,2.0,1.03,1.13,1.03,9.0,2.0,1.0,1.6,418.0,86.0,10.0,41.7,11.0,3.0,5.0,18.5,8.0,42.1,55.0,49.1,10.0,45.5,730.0,31.0,7.0,16.0,21.0,6.0,22.0,43.0,2.0,5.0,3.0,13.0,15.9,4.0,0.0,2.0,,1.0,,3.0,19.0,,,,,,
1097446,Lorient,Noah Cadiou,FW / MF / Defensive Midfielder / DM / Central Midfielder / CM,710,6.57,969.5,0.0,0.51,0.34,0.51,7.0,2.0,1.0,0.35,324.0,85.7,16.0,48.5,4.0,,,,4.0,36.4,31.0,46.3,7.0,50.0,480.0,6.0,6.0,8.0,12.0,10.0,9.0,38.0,4.0,8.0,1.0,15.0,14.1,0.0,0.0,7.0,,,,1.0,15.0,,,,,,
1622889,Nantes,Louis Leroux,MF / Left Back / LB / Left Wing-Back / LWB / Defensive Midfielder / DM / Central Midfielder / CM / Attacking Midfielder / AM,1019,6.65,13.8,1.0,1.19,1.55,1.19,8.0,3.0,1.0,0.69,271.0,76.1,16.0,37.2,12.0,,7.0,31.8,8.0,42.1,46.0,52.3,5.0,45.5,585.0,17.0,6.0,9.0,24.0,3.0,9.0,38.0,1.0,10.0,1.0,17.0,18.49,1.0,0.0,2.0,,,,1.0,30.0,,,,,,
1387194,Monaco,Kassoum Ouattara,DF / FW / Right Back / RB / Left Back / LB / Left Wing-Back / LWB / Left Midfielder / LM / Left Winger / LW,964,7.03,8.5,0.0,0.92,,0.92,12.0,,3.0,2.18,276.0,74.6,10.0,38.5,17.0,5.0,12.0,24.0,9.0,27.3,62.0,44.6,16.0,61.5,738.0,37.0,12.0,10.0,27.0,15.0,22.0,50.0,5.0,9.0,2.0,20.0,18.32,3.0,0.0,,,,1.0,2.0,18.0,,,,,,
1366936,Monaco,Stanis Idumbo,MF / Attacking Midfielder / AM / Left Winger / LW,90,6.07,7.5,0.0,0.03,,0.03,1.0,,0.0,0.03,7.0,63.6,,,1.0,,,,,,1.0,25.0,,,18.0,2.0,0.0,,1.0,,,3.0,,1.0,0.0,2.0,2.02,0.0,0.0,,,,,,,,,,,,
402419,Rennes (on loan),Przemyslaw Frankowski,FW / MF / Right Back / RB / Right Wing-Back / RWB / Right Midfielder / RM / Left Midfielder / LM / Attacking Midfielder / AM,1119,7.23,5.3,1.0,0.5,0.5,0.5,9.0,3.0,2.0,2.39,448.0,80.3,22.0,44.9,23.0,2.0,17.0,23.3,4.0,57.1,57.0,58.2,5.0,50.0,878.0,22.0,7.0,9.0,39.0,7.0,11.0,45.0,8.0,17.0,1.0,16.0,16.24,4.0,0.0,1.0,,,,2.0,33.0,,,,,,
963964,Aston Villa (on loan),Harvey Elliott,MF / Central Midfielder / CM / Right Winger / RW / Attacking Midfielder / AM,110,6.37,39.2,0.0,0.29,,0.29,5.0,,0.0,0.09,69.0,84.1,1.0,20.0,1.0,,1.0,33.3,,,3.0,60.0,1.0,50.0,103.0,9.0,0.0,2.0,,,,4.0,1.0,,0.0,2.0,1.75,0.0,0.0,1.0,,,,,1.0,,,,,,
1083796,Brentford,Kevin Schade,FW / Left Winger / LW / Striker / ST,1866,6.98,44.4,6.0,8.66,8.18,7.87,41.0,20.0,3.0,1.73,242.0,68.2,4.0,36.4,23.0,7.0,5.0,35.7,15.0,28.8,139.0,46.3,63.0,54.8,746.0,103.0,33.0,32.0,29.0,17.0,34.0,68.0,8.0,8.0,3.0,22.0,25.57,6.0,1.0,3.0,,1.0,,17.0,22.0,,,,,,
182962,Fulham,Tom Cairney,MF / Defensive Midfielder / DM / Central Midfielder / CM / Attacking Midfielder / AM,458,6.54,815.9,1.0,0.81,0.41,0.81,11.0,1.0,0.0,0.29,370.0,92.7,14.0,73.7,4.0,,1.0,25.0,2.0,33.3,21.0,50.0,8.0,72.7,462.0,10.0,2.0,8.0,3.0,2.0,5.0,24.0,2.0,7.0,0.0,9.0,8.08,2.0,0.0,1.0,,,,,4.0,,,,,,
1077894,Real Madrid,Jude Bellingham,FW / MF / Defensive Midfielder / DM / Central Midfielder / CM / Left Midfielder / LM / Right Winger / RW / Attacking Midfielder / AM,1291,7.75,106.8,4.0,5.35,7.5,5.35,36.0,19.0,3.0,1.67,738.0,89.9,43.0,74.1,30.0,3.0,3.0,33.3,23.0,53.5,117.0,56.2,19.0,54.3,1119.0,80.0,22.0,34.0,41.0,12.0,27.0,73.0,16.0,10.0,6.0,13.0,15.29,1.0,0.0,1.0,,,,8.0,12.0,,,,,,
895362,Real Madrid,Rodrygo,FW / Right Midfielder / RM / Left Midfielder / LM / Right Winger / RW / Attacking Midfielder / AM / Left Winger / LW / Striker / ST,641,6.91,67.8,1.0,1.89,2.92,1.89,24.0,10.0,3.0,2.02,283.0,90.4,2.0,28.6,16.0,7.0,11.0,28.9,17.0,47.2,50.0,51.5,,,507.0,58.0,9.0,21.0,12.0,3.0,5.0,37.0,8.0,6.0,1.0,5.0,7.4,3.0,0.0,,,1.0,,,3.0,,,,,,
988805,Rayo Vallecano,Pep Chavarria,DF / Left Back / LB / Left Winger / LW,1932,6.84,8.7,1.0,0.45,0.2,0.45,14.0,2.0,2.0,2.05,796.0,85.0,40.0,39.6,16.0,3.0,12.0,17.6,12.0,41.4,100.0,54.6,19.0,46.3,1519.0,15.0,11.0,29.0,40.0,25.0,26.0,94.0,1.0,9.0,6.0,29.0,28.71,4.0,1.0,12.0,,,2.0,,58.0,,,,,,
1282015,Rayo Vallecano (on loan),Carlos Martin,FW / Right Wing-Back / RWB / Left Midfielder / LM / Right Winger / RW / Left Winger / LW / Striker / ST,203,6.33,912.6,0.0,0.33,,0.33,3.0,,0.0,0.2,47.0,79.7,1.0,25.0,1.0,1.0,1.0,16.7,1.0,50.0,13.0,40.6,5.0,50.0,104.0,7.0,3.0,3.0,5.0,,5.0,11.0,,5.0,0.0,5.0,3.56,1.0,0.0,2.0,,,,2.0,3.0,,,,,,
361724,Real Betis,Ezequiel Ávila,FW / Attacking Midfielder / AM / Right Winger / RW / Striker / ST,226,6.42,1.5,1.0,1.47,0.75,0.69,6.0,1.0,0.0,0.25,38.0,71.7,1.0,20.0,4.0,,1.0,50.0,,,11.0,36.7,6.0,40.0,98.0,9.0,4.0,6.0,,2.0,3.0,8.0,2.0,2.0,0.0,2.0,4.57,4.0,0.0,,1.0,,,,5.0,,,,,,
1662379,Real Betis,Pablo Garcia,FW / Right Midfielder / RM / Right Winger / RW,365,6.22,9.5,0.0,1.14,0.61,1.14,11.0,4.0,0.0,0.12,70.0,79.5,5.0,83.3,2.0,,,,5.0,29.4,24.0,40.7,,,194.0,19.0,10.0,9.0,10.0,4.0,5.0,22.0,3.0,6.0,0.0,3.0,3.6,1.0,0.0,,,,,,1.0,,,,,,
777028,Valencia,André Almeida,MF / Right Midfielder / RM / Central Midfielder / CM / Left Midfielder / LM / Attacking Midfielder / AM / Left Winger / LW / Striker / ST,815,6.69,11.3,0.0,0.55,0.37,0.55,8.0,2.0,1.0,1.16,408.0,91.3,29.0,90.6,11.0,2.0,10.0,19.6,10.0,50.0,44.0,51.8,1.0,50.0,627.0,14.0,15.0,18.0,15.0,8.0,9.0,36.0,3.0,6.0,0.0,12.0,9.51,0.0,0.0,1.0,,1.0,,,4.0,,,,,,
1284434,Valencia,Diego Lopez,FW / Right Midfielder / RM / Left Midfielder / LM / Right Winger / RW / Attacking Midfielder / AM / Left Winger / LW / Striker / ST,1293,6.53,19.0,3.0,2.23,1.96,2.23,21.0,5.0,0.0,1.18,250.0,73.5,8.0,72.7,10.0,3.0,2.0,8.0,6.0,25.0,65.0,42.5,18.0,32.1,555.0,47.0,11.0,30.0,12.0,8.0,14.0,49.0,8.0,7.0,2.0,22.0,18.18,2.0,0.0,2.0,,,,2.0,9.0,,,,,,
1323207,Getafe,Alex Sancris,FW / Right Midfielder / RM / Left Midfielder / LM / Right Winger / RW / Left Winger / LW / Striker / ST,635,6.2,1.6,0.0,0.33,0.31,0.33,11.0,4.0,1.0,0.95,115.0,68.9,5.0,35.7,7.0,1.0,7.0,13.7,4.0,44.4,26.0,31.7,3.0,12.5,324.0,9.0,8.0,11.0,9.0,2.0,13.0,38.0,7.0,10.0,0.0,8.0,9.3,1.0,1.0,,,,,,3.0,,,,,,
574629,Athletic Club,Alex Berenguer,FW / Right Winger / RW / Attacking Midfielder / AM / Left Winger / LW / Striker / ST,1457,6.74,7.4,2.0,3.25,3.6,3.25,31.0,16.0,2.0,4.03,407.0,76.6,14.0,40.0,34.0,6.0,34.0,24.8,19.0,46.3,89.0,40.8,20.0,33.3,953.0,68.0,35.0,34.0,17.0,7.0,16.0,65.0,15.0,16.0,2.0,19.0,16.96,3.0,0.0,,,,,5.0,12.0,,,,,,
988197,Athletic Club,Urko Izeta,FW / Left Midfielder / LM / Attacking Midfielder / AM / Left Winger / LW / Striker / ST,141,6.18,1.6,0.0,0.74,0.37,0.74,6.0,2.0,0.0,0.29,30.0,66.7,1.0,33.3,2.0,1.0,,,1.0,33.3,6.0,30.0,2.0,25.0,78.0,10.0,1.0,1.0,2.0,,4.0,8.0,4.0,1.0,0.0,2.0,2.72,2.0,0.0,,,,,,,,,,,,
640122,Real Sociedad,Brais Méndez,MF / Right Midfielder / RM / Central Midfielder / CM / Left Midfielder / LM / Attacking Midfielder / AM / Striker / ST,1241,6.93,14.8,5.0,3.07,4.69,2.28,26.0,13.0,2.0,1.57,506.0,81.5,34.0,61.8,18.0,3.0,12.0,24.0,15.0,45.5,79.0,48.8,22.0,59.5,895.0,36.0,14.0,21.0,22.0,5.0,33.0,60.0,11.0,5.0,0.0,15.0,16.63,4.0,1.0,1.0,1.0,,,1.0,6.0,,,,,,
869298,VfB Stuttgart II,Nikolas Nartey,FW / MF / Defensive Midfielder / DM / Central Midfielder / CM / Right Winger / RW / Attacking Midfielder / AM / Striker / ST / Left Winger / LW,826,6.98,385.0,1.0,1.39,2.96,1.39,15.0,7.0,0.0,1.7,274.0,83.3,5.0,38.5,16.0,3.0,4.0,28.6,12.0,63.2,58.0,56.9,23.0,59.0,491.0,37.0,8.0,13.0,10.0,9.0,11.0,28.0,5.0,3.0,1.0,7.0,11.81,1.0,0.0,3.0,,,,4.0,11.0,,,,,,
1109171,Borussia Dortmund,Yan Couto,MF / Right Back / RB / Right Wing-Back / RWB / Right Midfielder / RM / Attacking Midfielder / AM,837,7.28,24.3,1.0,0.63,1.02,0.63,7.0,3.0,2.0,2.65,323.0,82.4,14.0,51.9,15.0,4.0,14.0,28.0,10.0,50.0,43.0,50.0,2.0,20.0,681.0,15.0,8.0,13.0,18.0,6.0,12.0,41.0,3.0,5.0,4.0,9.0,8.95,4.0,0.0,1.0,,,,1.0,14.0,,,,,,
945935,FC Heidenheim,Mikkel Kaufmann,FW / Striker / ST,493,6.2,1.2,1.0,1.42,0.47,1.42,11.0,3.0,1.0,0.61,59.0,65.6,2.0,40.0,4.0,3.0,1.0,100.0,,,36.0,39.6,22.0,43.1,169.0,21.0,9.0,12.0,3.0,1.0,13.0,12.0,5.0,5.0,0.0,9.0,11.02,2.0,0.0,1.0,,,,2.0,10.0,,,,,,
1280198,Lecce,Álex Sala,MF / Defensive Midfielder / DM / Central Midfielder / CM / Attacking Midfielder / AM,98,7.51,1.4,0.0,0.05,0.23,0.05,2.0,1.0,1.0,0.03,44.0,83.0,2.0,33.3,1.0,,,,,,4.0,66.7,2.0,100.0,71.0,1.0,1.0,2.0,,,1.0,6.0,1.0,1.0,0.0,2.0,1.53,0.0,0.0,,,,,,,,,,,,
1095432,Atalanta,Charles De Ketelaere,FW / MF / Attacking Midfielder / AM / Left Winger / LW / Right Winger / RW / Striker / ST,1547,7.12,42.0,3.0,2.69,2.41,2.69,35.0,14.0,3.0,6.46,539.0,78.5,27.0,62.8,45.0,12.0,11.0,29.7,41.0,50.0,112.0,43.1,29.0,50.9,1056.0,94.0,50.0,26.0,16.0,1.0,16.0,83.0,13.0,15.0,4.0,14.0,18.82,2.0,0.0,1.0,,,,6.0,6.0,,,,,,
721089,Atalanta,Gianluca Scamacca,FW / Striker / ST,933,6.86,18.5,6.0,5.27,5.7,3.69,40.0,15.0,1.0,0.51,160.0,71.1,8.0,72.7,10.0,1.0,,,11.0,57.9,43.0,43.4,14.0,63.6,390.0,58.0,19.0,13.0,5.0,3.0,19.0,26.0,4.0,2.0,1.0,7.0,10.26,2.0,0.0,1.0,2.0,,,7.0,10.0,,,,,,
1163501,Cremonese (on loan),Filippo Terracciano,DF / FW / Right Back / RB / Center Back / CB / Left Midfielder / LM,1963,6.87,6.9,2.0,1.86,1.5,1.86,13.0,4.0,0.0,0.37,885.0,85.0,56.0,49.1,5.0,,1.0,5.3,5.0,62.5,68.0,61.3,26.0,54.2,1442.0,14.0,2.0,19.0,18.0,37.0,8.0,99.0,2.0,8.0,6.0,27.0,32.44,3.0,0.0,16.0,,,,6.0,78.0,,,,,,
1518451,Cremonese (on loan),Mikayil Faye,DF / Center Back / CB / Left Winger / LW,90,0.79,7.3,,,,,,,,,,,,,,,,,,,,,,,,,,,,,,,,,,,,,,,,,,,,,,,,,
822236,Cremonese,Dennis Tørset Johnsen,FW / Right Midfielder / RM / Central Midfielder / CM / Attacking Midfielder / AM / Right Winger / RW / Striker / ST / Left Winger / LW,390,6.42,2.1,1.0,0.43,1.07,0.43,5.0,2.0,1.0,0.34,49.0,51.0,2.0,18.2,4.0,1.0,5.0,41.7,5.0,38.5,20.0,45.5,8.0,57.1,177.0,12.0,6.0,4.0,3.0,,2.0,13.0,2.0,3.0,0.0,7.0,8.41,0.0,0.0,,,,,,4.0,,,,,,
1460253,Parma,Nesta Elphege,FW / Striker / ST,1064,6.84,500.0,4.0,3.63,4.01,3.63,28.0,13.0,3.0,0.54,157.0,67.1,2.0,28.6,11.0,2.0,1.0,25.0,5.0,38.5,73.0,48.3,58.0,65.2,405.0,51.0,17.0,8.0,3.0,4.0,22.0,18.0,1.0,5.0,0.0,13.0,16.75,2.0,0.0,,,,,12.0,22.0,,,,,,
281012,Juventus,Filip Kostic,MF / Left Back / LB / Left Wing-Back / LWB / Right Midfielder / RM / Left Midfielder / LM / Left Winger / LW,443,7.01,2.2,3.0,0.57,1.46,0.57,9.0,4.0,1.0,1.17,179.0,83.3,9.0,50.0,10.0,1.0,11.0,22.9,3.0,42.9,26.0,55.3,2.0,50.0,377.0,10.0,5.0,4.0,17.0,4.0,7.0,26.0,1.0,3.0,0.0,4.0,3.49,0.0,0.0,,,,,,8.0,,,,,,
1060604,Lyon,Abner,DF / FW / Left Back / LB / Defensive Midfielder / DM / Left Wing-Back / LWB / Left Midfielder / LM,1075,6.84,7.3,3.0,1.24,1.89,1.24,12.0,4.0,0.0,0.72,389.0,85.7,22.0,62.9,7.0,1.0,7.0,21.2,4.0,40.0,32.0,41.0,6.0,40.0,658.0,31.0,8.0,4.0,18.0,4.0,17.0,25.0,,7.0,5.0,9.0,14.06,3.0,1.0,1.0,,,,2.0,21.0,,,,,,
1793704,Lyon,Remi Himbert,FW / Right Wing-Back / RWB / Right Winger / RW / Striker / ST,90,7.18,,,,,,,,,,,,,,,,,,,,,,,,,,,,,,,,,,,,,,,,,,,,,,,,,,
1135655,Lyon (on loan),Adam Karabec,FW / Central Midfielder / CM / Right Winger / RW / Attacking Midfielder / AM / Left Winger / LW / Striker / ST,772,6.68,6.4,1.0,1.6,1.77,1.6,8.0,4.0,0.0,1.39,180.0,79.6,4.0,26.7,16.0,,18.0,28.1,10.0,55.6,37.0,51.4,6.0,60.0,385.0,23.0,5.0,17.0,4.0,1.0,12.0,16.0,6.0,6.0,2.0,6.0,7.88,2.0,0.0,1.0,,,,,2.0,,,,,,
1832893,Angers,Harouna Djibirin,FW / Right Winger / RW,250,6.53,250.0,2.0,1.03,1.12,1.03,6.0,3.0,1.0,0.5,41.0,68.3,1.0,33.3,3.0,1.0,2.0,28.6,3.0,33.3,19.0,39.6,6.0,60.0,127.0,15.0,5.0,5.0,6.0,4.0,7.0,22.0,3.0,7.0,0.0,3.0,3.97,1.0,0.0,,,,,1.0,7.0,,,,,,
1054122,Metz (on loan),Boubacar Traore,FW / MF / Defensive Midfielder / DM / Central Midfielder / CM,1150,6.5,4.8,1.0,0.88,1.05,0.88,16.0,3.0,0.0,0.25,444.0,86.2,25.0,62.5,4.0,,1.0,50.0,15.0,75.0,70.0,53.8,17.0,56.7,694.0,12.0,12.0,4.0,34.0,8.0,19.0,63.0,2.0,11.0,1.0,26.0,24.43,2.0,0.0,1.0,,,1.0,7.0,13.0,,,,,,
952057,Nice,Charles Vanhoutte,FW / MF / Defensive Midfielder / DM / Central Midfielder / CM,1109,7.01,7.3,0.0,0.12,0.49,0.12,3.0,1.0,2.0,0.62,535.0,84.4,30.0,58.8,7.0,1.0,1.0,11.1,5.0,50.0,67.0,54.5,26.0,65.0,814.0,8.0,5.0,4.0,32.0,13.0,22.0,61.0,6.0,12.0,1.0,22.0,22.73,6.0,0.0,6.0,,,1.0,,32.0,,,,,,
1074642,Nice,Salis Abdul Samed,FW / MF / Defensive Midfielder / DM / Central Midfielder / CM,673,6.36,5.9,0.0,,,,0.0,,0.0,0.13,317.0,92.7,4.0,57.1,1.0,,,,2.0,28.6,25.0,40.3,5.0,41.7,418.0,3.0,6.0,7.0,11.0,9.0,14.0,27.0,,5.0,0.0,15.0,13.42,3.0,0.0,,,,,,4.0,,,,,,
1283469,Auxerre (on loan),Oussama El Azzouzi,FW / MF / Center Back / CB / Defensive Midfielder / DM / Right Midfielder / RM / Central Midfielder / CM,819,6.87,1.4,1.0,0.52,0.66,0.52,5.0,1.0,0.0,0.49,350.0,90.7,25.0,78.1,9.0,1.0,,,6.0,33.3,42.0,47.2,11.0,73.3,513.0,11.0,7.0,7.0,19.0,16.0,18.0,41.0,3.0,8.0,0.0,11.0,12.42,1.0,1.0,3.0,,,,2.0,13.0,,,,,,
1343053,Strasbourg,Abdoul Ouattara,MF / Right Back / RB / Left Back / LB / Left Wing-Back / LWB / Right Wing-Back / RWB / Defensive Midfielder / DM / Right Midfielder / RM / Central Midfielder / CM / Right Winger / RW,1082,6.71,3.5,2.0,1.71,1.94,1.71,15.0,4.0,0.0,0.69,390.0,88.8,2.0,50.0,3.0,3.0,2.0,18.2,5.0,29.4,25.0,43.1,,,612.0,27.0,5.0,5.0,15.0,9.0,8.0,54.0,2.0,5.0,2.0,18.0,16.74,1.0,0.0,,,1.0,,1.0,18.0,,,,,,
1526822,Strasbourg (on loan),Rafael Luis,MF / Defensive Midfielder / DM / Central Midfielder / CM / Attacking Midfielder / AM,278,6.55,5.6,0.0,0.06,0.57,0.06,1.0,1.0,0.0,0.34,186.0,92.1,8.0,72.7,3.0,,,,1.0,25.0,14.0,56.0,1.0,100.0,248.0,2.0,1.0,1.0,11.0,2.0,4.0,8.0,,3.0,0.0,5.0,3.66,0.0,0.0,,,,,,4.0,,,,,,
1593857,Paris Saint-Germain,Ibrahim Mbaye,FW / Central Midfielder / CM / Right Winger / RW / Left Winger / LW,761,6.91,22.8,1.0,1.52,1.09,1.52,15.0,6.0,2.0,1.86,380.0,86.4,4.0,57.1,15.0,2.0,2.0,14.3,16.0,37.2,41.0,41.4,4.0,36.4,619.0,52.0,13.0,10.0,11.0,5.0,9.0,34.0,9.0,2.0,2.0,8.0,9.16,0.0,0.0,,,,,,2.0,,,,,,
430856,Mallorca,Takuma Asano,FW / Right Midfielder / RM / Right Winger / RW / Attacking Midfielder / AM / Left Winger / LW / Striker / ST,479,6.19,1.2,1.0,1.11,0.71,1.11,9.0,2.0,0.0,0.82,58.0,72.5,,,2.0,2.0,,,2.0,22.2,22.0,36.1,5.0,25.0,161.0,21.0,8.0,10.0,5.0,1.0,7.0,18.0,,3.0,0.0,10.0,7.88,2.0,0.0,,,,,2.0,3.0,,,,,,
245311,Mallorca,Abdon Prats,FW / Striker / ST,90,6.01,885.1,,,,,,,,,,,,,,,,,,,,,,,,,,,,,,,,,,,,,,,,,,,,,,,,,
724368,Udinese,Keinan Davis,FW / Striker / ST,1507,6.94,3.9,7.0,7.21,6.61,4.84,37.0,15.0,3.0,1.39,222.0,76.8,5.0,83.3,21.0,4.0,,,26.0,72.2,117.0,48.3,44.0,43.1,532.0,98.0,27.0,37.0,10.0,,31.0,49.0,13.0,5.0,0.0,24.0,20.57,4.0,0.0,,3.0,1.0,,5.0,13.0,,,,,,
1163219,Milan,Ardon Jashari,MF / Defensive Midfielder / DM / Central Midfielder / CM / Attacking Midfielder / AM,248,6.73,38.5,0.0,0.02,,0.02,1.0,,0.0,0.39,133.0,91.7,5.0,71.4,3.0,1.0,3.0,50.0,1.0,25.0,12.0,52.2,,,183.0,2.0,0.0,5.0,6.0,2.0,6.0,19.0,,1.0,0.0,0.0,1.14,0.0,0.0,,,,,,2.0,,,,,,
744494,Leeds United,Gabriel Gudmundsson,DF / FW / Right Back / RB / Center Back / CB / Left Back / LB / Left Wing-Back / LWB / Left Midfielder / LM,2014,6.81,15.9,0.0,0.97,0.12,0.97,13.0,3.0,0.0,1.97,572.0,76.9,22.0,25.3,19.0,3.0,21.0,31.3,33.0,55.0,139.0,54.3,12.0,34.3,1331.0,40.0,21.0,38.0,56.0,18.0,25.0,89.0,8.0,21.0,3.0,38.0,30.91,3.0,0.0,6.0,,,,1.0,63.0,,,,,,
612150,Leeds United,Dominic Calvert-Lewin,FW / Striker / ST,1669,6.84,17.5,10.0,9.26,9.85,7.68,46.0,21.0,1.0,0.93,164.0,62.1,4.0,66.7,13.0,2.0,1.0,12.5,6.0,24.0,114.0,37.9,75.0,38.3,536.0,85.0,20.0,24.0,9.0,2.0,27.0,26.0,11.0,3.0,1.0,25.0,20.2,1.0,0.0,1.0,2.0,1.0,,19.0,15.0,,,,,,
827315,Nottingham Forest,Nicolás Dominguez,FW / MF / Defensive Midfielder / DM / Right Midfielder / RM / Central Midfielder / CM / Attacking Midfielder / AM / Left Winger / LW,816,6.61,19.6,1.0,1.06,1.29,1.06,15.0,4.0,0.0,0.39,272.0,83.2,12.0,70.6,8.0,1.0,5.0,45.5,4.0,40.0,52.0,50.5,11.0,40.7,453.0,14.0,4.0,5.0,32.0,3.0,11.0,32.0,8.0,15.0,0.0,15.0,15.31,2.0,0.0,4.0,,,,3.0,11.0,,,,,,
775614,Nottingham Forest,Ryan Yates,MF / Defensive Midfielder / DM / Central Midfielder / CM / Attacking Midfielder / AM,375,6.32,14.3,0.0,0.1,0.02,0.1,3.0,1.0,1.0,0.21,130.0,82.8,3.0,37.5,3.0,,1.0,50.0,1.0,50.0,29.0,58.0,11.0,61.1,221.0,5.0,4.0,9.0,8.0,6.0,6.0,11.0,2.0,3.0,0.0,5.0,3.69,1.0,0.0,1.0,,,,1.0,10.0,,,,,,
1308414,Celta Vigo,Hugo Álvarez,FW / MF / Left Wing-Back / LWB / Right Midfielder / RM / Central Midfielder / CM / Left Midfielder / LM / Attacking Midfielder / AM / Left Winger / LW / Right Winger / RW / Striker / ST,637,6.69,9.7,2.0,0.73,0.79,0.73,5.0,3.0,1.0,0.99,253.0,84.9,6.0,54.5,11.0,2.0,,,5.0,33.3,22.0,43.1,1.0,33.3,418.0,24.0,4.0,8.0,8.0,4.0,10.0,25.0,4.0,5.0,0.0,9.0,9.42,2.0,0.0,,,,,,6.0,,,,,,
1379196,Celta Vigo,Jones El-Abdellaoui,MF / Right Wing-Back / RWB / Right Midfielder / RM / Right Winger / RW / Striker / ST,454,6.4,6.9,2.0,2.28,1.13,2.28,12.0,3.0,0.0,0.37,89.0,84.0,1.0,100.0,7.0,,5.0,20.8,10.0,47.6,19.0,36.5,4.0,50.0,218.0,21.0,10.0,3.0,2.0,1.0,3.0,15.0,2.0,5.0,0.0,7.0,6.89,0.0,0.0,,,,,1.0,9.0,,,,,,
262592,Osasuna,Moi Gomez,MF / Defensive Midfielder / DM / Central Midfielder / CM / Left Midfielder / LM / Striker / ST,914,6.7,1.4,0.0,0.28,0.12,0.28,8.0,2.0,0.0,1.03,566.0,88.9,43.0,70.5,7.0,1.0,2.0,10.0,4.0,33.3,44.0,55.0,9.0,69.2,771.0,5.0,6.0,19.0,12.0,9.0,13.0,64.0,7.0,7.0,0.0,12.0,12.23,1.0,0.0,1.0,,,1.0,,7.0,,,,,,
1345875,Eintracht Frankfurt,Fares Chaibi,FW / MF / Defensive Midfielder / DM / Right Midfielder / RM / Central Midfielder / CM / Left Midfielder / LM / Right Winger / RW / Attacking Midfielder / AM / Left Winger / LW,1171,7.14,20.6,1.0,1.5,1.29,1.5,17.0,5.0,7.0,1.84,393.0,77.5,14.0,43.8,24.0,6.0,11.0,19.6,5.0,35.7,54.0,47.8,17.0,45.9,745.0,36.0,11.0,12.0,20.0,9.0,10.0,61.0,11.0,10.0,0.0,30.0,19.15,1.0,0.0,2.0,,,,1.0,17.0,,,,,,
767013,Hellas Verona,Antoine Bernede,FW / MF / Central Midfielder / CM / Attacking Midfielder / AM,1810,6.78,1.9,1.0,0.91,0.93,0.91,16.0,3.0,2.0,1.14,528.0,76.6,21.0,30.9,20.0,2.0,3.0,13.6,14.0,48.3,96.0,44.7,9.0,34.6,1028.0,21.0,21.0,16.0,57.0,9.0,46.0,113.0,7.0,21.0,1.0,34.0,25.21,1.0,0.0,6.0,,,,,14.0,,,,,,
557346,Hellas Verona (on loan),Sandi Lovric,FW / MF / Defensive Midfielder / DM / Central Midfielder / CM / Left Midfielder / LM / Attacking Midfielder / AM,296,6.65,7.7,0.0,0.29,0.25,0.29,5.0,1.0,1.0,0.82,134.0,84.8,7.0,46.7,7.0,3.0,8.0,27.6,4.0,80.0,19.0,46.3,2.0,40.0,247.0,6.0,5.0,2.0,11.0,5.0,5.0,17.0,2.0,8.0,0.0,7.0,4.92,1.0,0.0,,,,,,4.0,,,,,,
824623,Hellas Verona,Martin Frese,FW / MF / Center Back / CB / Left Wing-Back / LWB / Left Midfielder / LM,1477,6.86,1.9,1.0,1.58,2.03,1.58,14.0,7.0,0.0,1.36,343.0,72.4,22.0,34.4,20.0,1.0,12.0,27.9,,,82.0,58.6,26.0,66.7,834.0,17.0,0.0,10.0,46.0,15.0,27.0,40.0,2.0,15.0,1.0,26.0,21.33,5.0,0.0,5.0,,,,4.0,52.0,,,,,,
1130732,Hellas Verona,Daniel Mosquera,FW / Striker / ST,519,6.14,1.5,0.0,0.68,0.42,0.68,15.0,5.0,2.0,0.27,76.0,72.4,,,5.0,2.0,,,7.0,43.8,32.0,27.6,16.0,29.6,211.0,37.0,14.0,5.0,5.0,2.0,22.0,21.0,4.0,4.0,0.0,11.0,9.52,1.0,0.0,3.0,,,,4.0,6.0,,,,,,
1296413,Pisa,Henrik Meister,FW / Defensive Midfielder / DM / Right Winger / RW / Striker / ST / Left Winger / LW,1231,6.17,6.9,2.0,3.4,2.33,3.4,17.0,7.0,0.0,0.09,73.0,62.4,1.0,20.0,2.0,1.0,,,10.0,34.5,56.0,36.4,29.0,42.0,285.0,44.0,19.0,14.0,3.0,,21.0,22.0,5.0,3.0,0.0,22.0,21.69,1.0,0.0,,,,,3.0,6.0,,,,,,
192920,Metz,Benjamin Stambouli,FW / MF / Defensive Midfielder / DM / Central Midfielder / CM,759,6.67,273.1,0.0,0.21,0.08,0.21,5.0,1.0,0.0,0.74,302.0,80.3,31.0,44.9,7.0,1.0,1.0,25.0,5.0,71.4,36.0,57.1,4.0,66.7,491.0,7.0,4.0,8.0,19.0,5.0,12.0,36.0,2.0,10.0,0.0,19.0,17.64,0.0,0.0,4.0,,,,1.0,22.0,,,,,,
1536998,Metz,Alpha Toure,FW / MF / Left Back / LB / Defensive Midfielder / DM / Central Midfielder / CM,991,6.52,2.2,0.0,0.33,0.41,0.33,7.0,1.0,0.0,0.24,395.0,87.2,6.0,37.5,5.0,,2.0,20.0,8.0,61.5,61.0,53.5,12.0,46.2,629.0,7.0,7.0,14.0,27.0,7.0,17.0,46.0,1.0,11.0,3.0,23.0,20.33,3.0,0.0,2.0,,,1.0,,18.0,,,,,,
1603990,Lille,Noah Edjouma,FW / MF / Attacking Midfielder / AM / Right Winger / RW / Left Winger / LW,309,6.29,5.1,0.0,0.77,0.75,0.77,10.0,3.0,0.0,0.61,51.0,67.1,1.0,16.7,7.0,,3.0,21.4,9.0,39.1,24.0,39.3,2.0,50.0,176.0,28.0,9.0,5.0,8.0,3.0,5.0,19.0,2.0,7.0,0.0,2.0,3.57,0.0,0.0,,,,,1.0,5.0,,,,,,
1676985,Manchester United U21,Tyler Fletcher,MF / Defensive Midfielder / DM / Central Midfielder / CM / Attacking Midfielder / AM,90,6.46,90.0,,,,,,,,,,,,,,,,,,,,,,,,,,,,,,,,,,,,,,,,,,,,,,,,,
749736,Arsenal,Kai Havertz,FW / Attacking Midfielder / AM / Striker / ST,168,7.07,59.2,0.0,0.21,,0.21,3.0,,1.0,0.07,17.0,53.1,,,3.0,,,,2.0,66.7,13.0,48.1,6.0,46.2,64.0,9.0,2.0,3.0,2.0,,1.0,3.0,1.0,3.0,0.0,0.0,1.11,0.0,0.0,1.0,,,,1.0,4.0,,,,,,
576165,Arsenal,Gabriel Jesus,FW / Striker / ST,284,6.49,20.4,2.0,1.76,2.03,1.76,14.0,9.0,0.0,0.2,53.0,72.6,,,1.0,,,,5.0,45.5,14.0,29.8,4.0,22.2,152.0,29.0,7.0,1.0,4.0,1.0,5.0,15.0,1.0,1.0,0.0,5.0,3.26,1.0,0.0,,,,,3.0,3.0,,,,,,
793255,Burnley (on loan),Florentino,FW / MF / Defensive Midfielder / DM / Central Midfielder / CM,1676,6.78,20.8,0.0,0.57,0.04,0.57,9.0,1.0,2.0,0.41,669.0,85.5,35.0,66.0,9.0,,1.0,11.1,6.0,37.5,104.0,51.5,17.0,47.2,1074.0,7.0,12.0,6.0,75.0,27.0,30.0,82.0,2.0,27.0,1.0,35.0,35.23,4.0,0.0,6.0,,,1.0,2.0,43.0,,,,,,
1283034,Burnley,Loum Tchaouna,FW / Right Midfielder / RM / Left Midfielder / LM / Right Winger / RW / Attacking Midfielder / AM / Left Winger / LW / Striker / ST,805,6.24,19.7,1.0,0.83,0.74,0.83,15.0,6.0,0.0,0.45,162.0,73.6,9.0,75.0,3.0,,2.0,13.3,3.0,20.0,40.0,42.6,13.0,41.9,363.0,18.0,9.0,11.0,14.0,2.0,4.0,23.0,3.0,11.0,0.0,12.0,14.41,1.0,0.0,1.0,,,,3.0,8.0,,,,,,
1077975,Burnley,Armando Broja,FW / Right Winger / RW / Striker / ST / Left Winger / LW,812,6.06,16.2,1.0,2.15,1.66,2.15,16.0,6.0,1.0,0.13,89.0,69.0,1.0,100.0,4.0,1.0,,,7.0,33.3,59.0,32.8,32.0,31.1,289.0,40.0,19.0,14.0,6.0,3.0,12.0,24.0,6.0,5.0,0.0,25.0,20.75,0.0,0.0,,,,,6.0,8.0,,,,,,
1227326,West Ham United,Pablo,FW / Attacking Midfielder / AM / Striker / ST,267,6.43,2.2,0.0,0.33,,0.33,4.0,,0.0,0.08,54.0,72.0,,,4.0,,,,3.0,50.0,26.0,38.8,11.0,37.9,132.0,6.0,7.0,4.0,9.0,2.0,11.0,11.0,1.0,2.0,0.0,4.0,3.73,0.0,0.0,,,,,,3.0,,,,,,
465750,Fulham,Timothy Castagne,DF / Right Back / RB / Left Back / LB / Right Wing-Back / RWB / Right Winger / RW,1124,6.68,14.3,0.0,0.87,0.91,0.87,6.0,3.0,0.0,0.51,402.0,85.0,19.0,54.3,7.0,,7.0,22.6,1.0,33.3,43.0,49.4,17.0,41.5,742.0,20.0,1.0,3.0,22.0,23.0,13.0,34.0,2.0,4.0,0.0,23.0,21.59,3.0,0.0,6.0,,,,3.0,46.0,,,,,,
620026,Wolverhampton Wanderers,Hee-Chan Hwang,FW / Right Winger / RW / Attacking Midfielder / AM / Left Winger / LW / Striker / ST,1156,6.37,12.8,2.0,2.11,2.62,1.32,15.0,6.0,1.0,0.93,235.0,76.3,11.0,61.1,10.0,1.0,3.0,17.6,8.0,36.4,35.0,38.5,5.0,38.5,490.0,22.0,8.0,14.0,8.0,8.0,22.0,38.0,3.0,5.0,0.0,22.0,17.49,3.0,0.0,,1.0,,,3.0,14.0,,,,,,
1203665,Chelsea,Alejandro Garnacho,FW / Attacking Midfielder / AM / Left Winger / LW / Right Winger / RW,896,6.95,56.5,1.0,2.49,1.63,2.49,22.0,5.0,3.0,2.56,267.0,87.0,9.0,100.0,17.0,4.0,6.0,14.0,10.0,40.0,37.0,46.2,3.0,27.3,490.0,75.0,5.0,16.0,8.0,3.0,8.0,34.0,7.0,7.0,1.0,12.0,16.15,1.0,0.0,,,,,1.0,4.0,,,,,,
666857,Newcastle United,Yoane Wissa,FW / Central Midfielder / CM / Left Winger / LW / Striker / ST,410,6.26,26.9,1.0,1.87,1.33,1.87,10.0,5.0,0.0,0.54,50.0,74.6,3.0,100.0,2.0,,,,1.0,12.5,11.0,25.6,7.0,29.2,114.0,25.0,3.0,1.0,2.0,,4.0,13.0,2.0,1.0,0.0,7.0,6.28,1.0,0.0,1.0,,,,2.0,2.0,,,,,,
1433230,Brentford,Romelle Donovan,FW / Right Winger / RW,90,6.29,9.4,,,,,,,,,,,,,,,,,,,,,,,,,,,,,,,,,,,,,,,,,,,,,,,,,
1404415,Barcelona,Fermin Lopez,FW / MF / Defensive Midfielder / DM / Central Midfielder / CM / Attacking Midfielder / AM / Left Winger / LW,981,7.37,69.8,4.0,3.83,2.23,3.83,37.0,15.0,5.0,2.86,430.0,87.0,23.0,67.6,21.0,10.0,5.0,20.8,21.0,56.8,63.0,49.2,6.0,40.0,707.0,56.0,13.0,13.0,23.0,5.0,15.0,51.0,8.0,13.0,1.0,11.0,13.57,2.0,0.0,,,,,1.0,3.0,,,,,,
1384883,Barcelona,Marc Casado,FW / MF / Right Back / RB / Defensive Midfielder / DM / Central Midfielder / CM,735,6.85,31.3,0.0,0.49,,0.49,9.0,,1.0,0.57,633.0,91.2,12.0,50.0,10.0,,2.0,100.0,2.0,40.0,31.0,48.4,5.0,71.4,804.0,4.0,4.0,13.0,11.0,6.0,18.0,32.0,1.0,7.0,3.0,6.0,8.18,0.0,0.0,2.0,,,,,4.0,,,,,,
614834,Barcelona,Dani Olmo,FW / MF / Defensive Midfielder / DM / Central Midfielder / CM / Attacking Midfielder / AM / Left Winger / LW,1129,7.6,54.8,6.0,5.48,5.96,5.48,49.0,16.0,6.0,3.86,584.0,84.9,19.0,51.4,33.0,6.0,3.0,17.6,5.0,23.8,66.0,55.0,12.0,63.2,943.0,64.0,12.0,24.0,25.0,7.0,13.0,55.0,8.0,6.0,1.0,11.0,12.01,0.0,0.0,,,1.0,,2.0,13.0,,,,,,
1467236,Barcelona,Lamine Yamal,FW / Right Winger / RW / Attacking Midfielder / AM,1599,8.44,162.9,10.0,7.56,7.82,5.99,80.0,28.0,8.0,7.47,781.0,81.1,19.0,44.2,54.0,20.0,16.0,27.1,100.0,54.9,166.0,54.2,,,1540.0,192.0,30.0,38.0,28.0,6.0,16.0,70.0,14.0,7.0,5.0,17.0,22.78,0.0,0.0,,2.0,1.0,,,3.0,,,,,,
93447,Barcelona,Robert Lewandowski,FW / Striker / ST,920,7.01,8.6,10.0,10.0,7.46,7.63,44.0,22.0,1.0,0.78,141.0,77.5,3.0,50.0,9.0,3.0,,,7.0,53.8,35.0,39.8,13.0,54.2,343.0,77.0,20.0,13.0,3.0,2.0,10.0,16.0,7.0,6.0,2.0,10.0,11.65,2.0,0.0,,1.0,,,11.0,8.0,,,,,,
696365,Barcelona (on loan),Marcus Rashford,FW / Right Winger / RW / Left Winger / LW / Striker / ST,1250,7.27,52.2,4.0,5.76,5.03,5.76,63.0,21.0,6.0,3.53,465.0,83.8,13.0,46.4,33.0,5.0,21.0,26.2,19.0,31.1,47.0,40.9,4.0,66.7,895.0,108.0,16.0,17.0,7.0,1.0,5.0,29.0,8.0,3.0,0.0,19.0,20.35,2.0,0.0,1.0,,,,1.0,13.0,,,,,,
881771,Barcelona,Ferran Torres,FW / Left Winger / LW / Right Winger / RW / Striker / ST,1297,7.29,47.4,12.0,11.27,9.29,11.27,51.0,26.0,1.0,1.21,214.0,74.0,4.0,50.0,17.0,3.0,,,5.0,29.4,38.0,44.2,19.0,57.6,467.0,90.0,11.0,11.0,4.0,3.0,8.0,27.0,9.0,4.0,2.0,14.0,18.87,2.0,0.0,1.0,,,,8.0,4.0,,,,,,
1315475,Barcelona,Roony Bardghji,FW / Right Winger / RW / Striker / ST,271,6.89,15.1,1.0,1.04,1.16,1.04,13.0,9.0,1.0,1.03,129.0,87.2,3.0,75.0,8.0,3.0,6.0,24.0,14.0,56.0,17.0,51.5,,,234.0,18.0,3.0,1.0,2.0,,1.0,9.0,2.0,,0.0,4.0,2.97,0.0,0.0,,,,,,2.0,,,,,,
361757,Barcelona (on loan),Joao Cancelo,DF / Right Back / RB / Left Back / LB / Right Winger / RW,100,6.52,10.8,0.0,,,,0.0,,0.0,0.28,53.0,88.3,1.0,33.3,1.0,1.0,1.0,50.0,1.0,25.0,5.0,45.5,,,85.0,4.0,0.0,1.0,3.0,1.0,1.0,6.0,,2.0,0.0,1.0,1.27,0.0,0.0,,,,,,3.0,,,,,,
844478,Mallorca,Mateu Morey,DF / FW / Right Back / RB / Left Back / LB / Right Wing-Back / RWB,614,6.32,1.3,1.0,0.3,0.7,0.3,4.0,2.0,0.0,0.27,147.0,77.8,9.0,37.5,3.0,1.0,2.0,28.6,4.0,66.7,30.0,42.3,3.0,21.4,339.0,6.0,3.0,7.0,16.0,6.0,12.0,23.0,3.0,13.0,0.0,15.0,12.11,2.0,0.0,3.0,,,,,27.0,,,,,,
1315828,Mallorca,Javi Llabrés,FW / Left Midfielder / LM / Right Winger / RW / Left Winger / LW / Striker / ST,149,6.2,646.6,0.0,0.31,0.12,0.31,4.0,1.0,0.0,0.14,36.0,80.0,1.0,20.0,1.0,,2.0,25.0,1.0,20.0,7.0,36.8,1.0,33.3,83.0,6.0,2.0,2.0,3.0,,3.0,6.0,1.0,1.0,0.0,3.0,2.57,0.0,0.0,,,,,,3.0,,,,,,
844477,Real Sociedad,Sergio Gomez,DF / Left Back / LB / Left Midfielder / LM / Right Winger / RW / Left Winger / LW,1615,7.07,9.9,0.0,0.84,,0.84,7.0,,1.0,3.0,770.0,85.5,33.0,42.3,24.0,6.0,24.0,24.7,7.0,58.3,100.0,55.2,14.0,60.9,1379.0,18.0,4.0,11.0,69.0,19.0,32.0,92.0,5.0,33.0,0.0,24.0,24.19,1.0,0.0,3.0,,,,1.0,40.0,,,,,,
959597,Real Sociedad,Luka Sucic,FW / MF / Defensive Midfielder / DM / Central Midfielder / CM / Right Winger / RW / Attacking Midfielder / AM / Striker / ST,422,6.53,12.9,1.0,1.05,1.41,1.05,8.0,3.0,0.0,0.11,124.0,78.5,10.0,52.6,3.0,,,,4.0,40.0,18.0,39.1,6.0,40.0,229.0,8.0,9.0,2.0,6.0,1.0,3.0,17.0,3.0,1.0,0.0,6.0,5.79,1.0,0.0,,,,,1.0,7.0,,,,,,
1724551,Real Sociedad B,Job Ochieng,FW / Right Midfielder / RM / Left Midfielder / LM / Left Winger / LW / Striker / ST,84,6.37,363.8,,,,,,,,,,,,,,,,,,,,,,,,,,,,,,,,,,,,,,,,,,,,,,,,,
654091,Elche,Grady Diangana,FW / MF / Defensive Midfielder / DM / Right Midfielder / RM / Central Midfielder / CM / Right Winger / RW / Attacking Midfielder / AM / Striker / ST,609,6.23,2.3,1.0,0.61,0.36,0.61,11.0,1.0,0.0,0.3,166.0,84.7,3.0,60.0,6.0,1.0,1.0,11.1,4.0,25.0,28.0,40.6,4.0,36.4,336.0,15.0,10.0,13.0,7.0,4.0,10.0,16.0,,3.0,0.0,9.0,15.08,2.0,0.0,3.0,,,1.0,1.0,6.0,,,,,,
881773,Elche (on loan),Gonzalo Villar,MF / Defensive Midfielder / DM / Right Midfielder / RM / Central Midfielder / CM / Right Winger / RW / Attacking Midfielder / AM,355,6.61,1.3,1.0,,,,5.0,2.0,1.0,,219.0,88.7,9.0,60.0,3.0,1.0,1.0,20.0,5.0,50.0,28.0,60.9,3.0,60.0,313.0,4.0,3.0,14.0,6.0,,5.0,17.0,5.0,4.0,0.0,6.0,,1.0,0.0,,,,,1.0,1.0,,,,,,
1080917,FC Heidenheim,Omar Traoré,DF / MF / Right Back / RB / Right Wing-Back / RWB / Right Midfielder / RM / Right Winger / RW,1433,6.3,1.9,0.0,0.24,0.03,0.24,8.0,1.0,2.0,1.31,362.0,78.0,27.0,43.5,12.0,3.0,3.0,9.4,10.0,50.0,49.0,43.4,7.0,26.9,789.0,13.0,10.0,17.0,16.0,9.0,19.0,56.0,2.0,9.0,0.0,35.0,28.76,2.0,0.0,1.0,,,,,21.0,,,,,,
674499,FC Heidenheim,Niklas Dorsch,MF / Defensive Midfielder / DM / Central Midfielder / CM / Attacking Midfielder / AM,1442,6.76,3.6,0.0,0.54,0.31,0.54,13.0,3.0,0.0,1.77,539.0,88.7,47.0,71.2,15.0,5.0,8.0,50.0,9.0,50.0,76.0,61.3,7.0,58.3,849.0,8.0,10.0,16.0,44.0,14.0,16.0,98.0,3.0,10.0,0.0,33.0,30.31,1.0,0.0,3.0,,,1.0,,24.0,,,,,,
1193815,FC Heidenheim,Julian Niehues,MF / Defensive Midfielder / DM / Central Midfielder / CM / Attacking Midfielder / AM,916,6.75,1.3,3.0,1.05,1.81,1.05,14.0,5.0,0.0,0.76,338.0,80.1,21.0,45.7,3.0,1.0,1.0,33.3,4.0,66.7,42.0,53.2,20.0,62.5,564.0,10.0,5.0,6.0,12.0,14.0,7.0,53.0,2.0,12.0,0.0,22.0,16.66,1.0,0.0,4.0,,,,2.0,27.0,,,,,,
901495,Hamburger SV,Albert Sambi Lokonga,FW / MF / Defensive Midfielder / DM / Central Midfielder / CM / Attacking Midfielder / AM,1057,6.93,6.5,4.0,1.22,2.91,1.22,14.0,8.0,0.0,1.09,392.0,87.9,15.0,60.0,17.0,,3.0,37.5,6.0,50.0,59.0,54.6,15.0,60.0,614.0,28.0,9.0,17.0,21.0,10.0,12.0,42.0,6.0,12.0,0.0,20.0,17.32,2.0,0.0,9.0,,1.0,,2.0,12.0,,,,,,
1188890,Hamburger SV,Nicolai Remberg,FW / MF / Center Back / CB / Defensive Midfielder / DM / Central Midfielder / CM,1713,7.06,4.5,0.0,0.89,0.69,0.89,13.0,6.0,1.0,0.97,765.0,90.5,41.0,62.1,4.0,1.0,,,8.0,53.3,109.0,63.7,30.0,65.2,1114.0,9.0,4.0,34.0,39.0,25.0,27.0,80.0,4.0,9.0,6.0,25.0,28.66,7.0,0.0,10.0,,1.0,,3.0,64.0,,,,,,
759817,Hamburger SV,Miro Muheim,FW / MF / Right Back / RB / Left Back / LB / Left Wing-Back / LWB / Central Midfielder / CM / Left Midfielder / LM,1742,7.36,2.6,0.0,0.93,0.57,0.93,19.0,5.0,4.0,3.45,641.0,75.8,59.0,41.8,37.0,5.0,31.0,27.4,17.0,68.0,101.0,56.4,9.0,39.1,1387.0,22.0,9.0,34.0,42.0,23.0,27.0,105.0,6.0,21.0,5.0,28.0,29.43,3.0,0.0,2.0,,,,,43.0,,,,,,
1363536,Hamburger SV (on loan),Damion Downs,FW / Striker / ST,280,6.01,9.0,0.0,1.39,,1.39,8.0,,1.0,0.06,22.0,71.0,2.0,50.0,1.0,1.0,,,1.0,25.0,4.0,16.0,2.0,20.0,70.0,12.0,4.0,1.0,,,4.0,4.0,2.0,2.0,0.0,7.0,5.38,1.0,0.0,,,,,1.0,4.0,,,,,,
1079892,Hamburger SV,Rayan Philippe,FW / Attacking Midfielder / AM / Right Winger / RW / Striker / ST / Left Winger / LW,1011,6.7,4.8,5.0,4.52,5.33,3.73,31.0,14.0,0.0,1.33,124.0,72.9,6.0,42.9,14.0,2.0,6.0,26.1,11.0,32.4,37.0,32.7,4.0,14.3,381.0,53.0,10.0,6.0,16.0,2.0,17.0,49.0,5.0,6.0,0.0,13.0,14.07,2.0,0.0,,,,1.0,3.0,8.0,,,,,,
1520063,Freiburg,Johan Manzambi,FW / MF / Defensive Midfielder / DM / Right Winger / RW / Attacking Midfielder / AM / Left Winger / LW,1387,6.89,21.3,3.0,1.93,1.52,1.93,30.0,6.0,2.0,2.83,525.0,85.6,20.0,57.1,13.0,3.0,7.0,28.0,20.0,50.0,114.0,57.3,25.0,58.1,967.0,55.0,22.0,50.0,19.0,20.0,17.0,69.0,8.0,11.0,1.0,27.0,19.22,4.0,2.0,1.0,,1.0,,7.0,22.0,,,,,,
924610,Werder Bremen (on loan),Yukinari Sugawara,DF / FW / Right Back / RB / Center Back / CB / Right Wing-Back / RWB / Right Midfielder / RM,90,6.97,4.8,0.0,,,,0.0,,0.0,0.27,38.0,90.5,2.0,100.0,2.0,,1.0,12.5,,,,,,,63.0,,0.0,,,,,5.0,,,0.0,1.0,2.05,0.0,0.0,,,,,,1.0,,,,,,
919742,Werder Bremen,Senne Lynen,FW / MF / Center Back / CB / Defensive Midfielder / DM / Central Midfielder / CM,1770,6.72,6.8,0.0,0.65,0.19,0.65,17.0,2.0,0.0,1.27,868.0,86.7,60.0,65.2,9.0,,1.0,12.5,3.0,33.3,66.0,44.6,17.0,45.9,1285.0,6.0,9.0,8.0,38.0,44.0,24.0,89.0,3.0,27.0,4.0,35.0,29.34,2.0,0.0,7.0,,,,1.0,57.0,,,,,,
528811,Werder Bremen,Jens Stage,FW / MF / Center Back / CB / Defensive Midfielder / DM / Central Midfielder / CM,1644,7.15,11.1,6.0,3.44,4.62,3.44,32.0,12.0,1.0,2.21,574.0,76.3,41.0,46.1,15.0,4.0,5.0,55.6,8.0,57.1,98.0,58.0,34.0,61.8,1003.0,64.0,9.0,25.0,31.0,15.0,20.0,78.0,7.0,15.0,3.0,30.0,27.3,4.0,0.0,8.0,,,,8.0,29.0,,,,,,
969856,Werder Bremen,Olivier Deman,DF / FW / Left Back / LB / Left Wing-Back / LWB / Left Midfielder / LM / Left Winger / LW,268,7.18,2.9,0.0,0.22,0.34,0.22,3.0,1.0,1.0,0.69,101.0,80.8,3.0,33.3,7.0,,5.0,23.8,2.0,50.0,17.0,54.8,1.0,33.3,228.0,6.0,1.0,2.0,12.0,2.0,8.0,20.0,5.0,1.0,0.0,5.0,3.46,1.0,0.0,,,,,,6.0,,,,,,
1319717,Werder Bremen,Keke Topp,FW / Striker / ST,508,6.22,6.2,1.0,1.44,0.93,1.44,17.0,2.0,1.0,0.67,115.0,74.7,3.0,42.9,6.0,1.0,1.0,20.0,3.0,50.0,32.0,36.8,19.0,41.3,260.0,41.0,9.0,5.0,5.0,,12.0,24.0,3.0,6.0,0.0,8.0,7.22,3.0,0.0,,,,,3.0,9.0,,,,,,
1366937,Werder Bremen (on loan),Jovan Milosevic,FW / Striker / ST,196,6.38,6.8,1.0,0.42,0.34,0.42,5.0,1.0,0.0,0.27,39.0,81.2,,,,,,,4.0,66.7,16.0,51.6,8.0,61.5,82.0,15.0,5.0,1.0,3.0,,3.0,7.0,,,0.0,5.0,2.81,1.0,0.0,1.0,,,,3.0,1.0,,,,,,
1388070,VfB Stuttgart,Badredine Bouanani,FW / Right Winger / RW / Attacking Midfielder / AM / Striker / ST,466,6.46,17.0,0.0,0.68,0.09,0.68,13.0,2.0,0.0,0.9,143.0,76.5,5.0,71.4,5.0,,4.0,20.0,4.0,28.6,16.0,38.1,2.0,28.6,294.0,22.0,7.0,6.0,4.0,4.0,1.0,18.0,3.0,3.0,1.0,5.0,6.1,1.0,0.0,,,,,,4.0,,,,,,
1418122,VfB Stuttgart,Jeremy Arevalo,FW / Attacking Midfielder / AM / Striker / ST,90,6.23,1.9,,,,,,,,,,,,,,,,,,,,,,,,,,,,,,,,,,,,,,,,,,,,,,,,,
1136099,Wolfsburg,Kevin Paredes,FW / MF / Right Midfielder / RM,131,6.62,3.8,0.0,0.07,0.23,0.07,2.0,1.0,0.0,0.15,38.0,76.0,2.0,66.7,1.0,,2.0,33.3,2.0,40.0,13.0,61.9,4.0,80.0,92.0,3.0,2.0,3.0,4.0,2.0,2.0,3.0,1.0,,0.0,2.0,2.15,1.0,0.0,2.0,,,,,8.0,,,,,,
958335,Wolfsburg (on loan),Jesper Lindstrøm,FW / Right Winger / RW / Left Winger / LW,79,6.38,11.1,,,,,,,,,,,,,,,,,,,,,,,,,,,,,,,,,,,,,,,,,,,,,,,,,
1269497,Borussia Mönchengladbach (on loan),Yannik Engelhardt,FW / MF / Defensive Midfielder / DM / Central Midfielder / CM,1471,6.94,6.3,2.0,1.11,1.56,1.11,13.0,5.0,1.0,0.98,642.0,86.2,14.0,43.8,6.0,1.0,2.0,50.0,3.0,50.0,79.0,50.6,21.0,63.6,957.0,20.0,15.0,21.0,34.0,16.0,26.0,64.0,6.0,23.0,6.0,25.0,26.08,2.0,0.0,7.0,,,,1.0,30.0,,,,,,
1617224,Borussia Mönchengladbach (on loan),Alejo Sarco,FW / Striker / ST,90,6.07,1.5,,,,,,,,,,,,,,,,,,,,,,,,,,,,,,,,,,,,,,,,,,,,,,,,,
921543,Genoa,Morten Frendrup,FW / MF / Defensive Midfielder / DM / Central Midfielder / CM,1949,7.05,22.5,1.0,0.4,0.33,0.4,8.0,3.0,0.0,0.6,660.0,86.4,24.0,42.1,8.0,1.0,,,5.0,62.5,115.0,61.2,20.0,54.1,1078.0,7.0,10.0,27.0,64.0,28.0,30.0,96.0,14.0,16.0,2.0,33.0,27.88,3.0,0.0,6.0,,,,,58.0,,,,,,
684981,Genoa,Aaron Martin Caricol,DF / FW / Left Back / LB / Left Wing-Back / LWB / Left Midfielder / LM,1690,7.19,3.0,1.0,0.36,0.5,0.36,6.0,3.0,4.0,4.44,473.0,79.0,30.0,31.9,54.0,8.0,54.0,36.5,11.0,52.4,68.0,50.4,5.0,21.7,1102.0,9.0,12.0,20.0,32.0,9.0,25.0,66.0,6.0,4.0,3.0,29.0,23.9,2.0,0.0,7.0,,,1.0,,33.0,,,,,,
1189223,Genoa,Patrizio Masini,MF / Defensive Midfielder / DM / Central Midfielder / CM / Attacking Midfielder / AM,1069,6.76,7.2,0.0,1.27,0.29,1.27,12.0,3.0,0.0,0.26,322.0,73.9,15.0,38.5,7.0,,2.0,18.2,2.0,33.3,107.0,55.2,15.0,31.2,727.0,9.0,13.0,34.0,56.0,20.0,29.0,70.0,6.0,11.0,2.0,18.0,16.19,4.0,0.0,6.0,,,,2.0,37.0,,,,,,
426880,Genoa (on loan),Maxwel Cornet,FW / Right Winger / RW / Left Winger / LW,103,6.19,6.6,0.0,1.54,1.01,0.75,4.0,2.0,0.0,0.14,25.0,75.8,,,5.0,,2.0,16.7,,,9.0,37.5,3.0,42.9,69.0,9.0,3.0,1.0,5.0,,6.0,4.0,1.0,1.0,0.0,5.0,3.37,0.0,0.0,,,,1.0,,1.0,,,,,,
843099,Napoli,Scott McTominay,MF / Defensive Midfielder / DM / Central Midfielder / CM / Left Midfielder / LM / Attacking Midfielder / AM / Left Winger / LW / Striker / ST,1939,7.33,52.2,6.0,6.09,6.5,6.09,64.0,25.0,3.0,1.17,756.0,88.3,19.0,73.1,16.0,1.0,1.0,14.3,19.0,48.7,123.0,52.6,37.0,60.7,1249.0,71.0,43.0,49.0,24.0,17.0,15.0,97.0,19.0,10.0,7.0,21.0,21.95,1.0,0.0,8.0,,,,10.0,40.0,,,,,,
665188,Fiorentina,Albert Gudmundsson,FW / Central Midfielder / CM / Left Midfielder / LM / Attacking Midfielder / AM / Right Winger / RW / Striker / ST / Left Winger / LW,1530,6.79,18.7,4.0,4.13,5.19,1.76,28.0,11.0,3.0,1.76,483.0,86.7,22.0,64.7,22.0,5.0,8.0,21.6,15.0,51.7,41.0,33.9,3.0,33.3,803.0,55.0,21.0,20.0,3.0,2.0,28.0,51.0,11.0,14.0,0.0,20.0,20.47,3.0,0.0,1.0,3.0,1.0,,1.0,10.0,,,,,,
1276505,Fiorentina (on loan),Giovanni Fabbian,MF / Defensive Midfielder / DM / Central Midfielder / CM / Attacking Midfielder / AM,815,6.49,8.1,2.0,1.9,2.05,1.9,15.0,5.0,0.0,0.8,154.0,79.8,9.0,60.0,5.0,3.0,,,3.0,33.3,45.0,46.9,16.0,48.5,316.0,30.0,10.0,20.0,7.0,6.0,14.0,28.0,3.0,6.0,0.0,10.0,12.6,1.0,0.0,1.0,,,,7.0,11.0,,,,,,
1301633,Torino,Emirhan Ilkhan,FW / MF / Defensive Midfielder / DM / Central Midfielder / CM,514,6.68,2.0,0.0,0.29,0.2,0.29,4.0,2.0,1.0,0.39,206.0,84.4,30.0,78.9,7.0,1.0,1.0,100.0,5.0,50.0,34.0,53.1,5.0,38.5,341.0,7.0,5.0,12.0,12.0,7.0,7.0,30.0,2.0,6.0,0.0,13.0,9.1,1.0,0.0,1.0,,,,2.0,9.0,,,,,,
1167529,Torino (on loan),Rafael Obrador,DF / FW / Left Back / LB / Left Midfielder / LM,90,7.54,1.9,0.0,,,,0.0,,0.0,0.34,23.0,88.5,,,3.0,1.0,4.0,50.0,3.0,100.0,3.0,50.0,,,46.0,,1.0,,,2.0,1.0,2.0,1.0,1.0,0.0,0.0,0.34,0.0,0.0,,,,,,,,,,,,
823113,Torino (on loan),Sandro Kulenovic,FW / Striker / ST,506,6.68,2.6,6.0,,,,21.0,10.0,0.0,,109.0,72.7,4.0,57.1,3.0,,,,3.0,60.0,32.0,50.0,17.0,45.9,221.0,39.0,1.0,9.0,4.0,2.0,9.0,14.0,4.0,2.0,0.0,6.0,,4.0,0.0,2.0,1.0,1.0,,5.0,5.0,,,,,,
688830,Lens,Amadou Haidara,MF / Defensive Midfielder / DM / Central Midfielder / CM / Left Winger / LW,90,6.04,5.4,,,,,,,,,,,,,,,,,,,,,,,,,,,,,,,,,,,,,,,,,,,,,,,,,
612699,Lens,Florian Sotoca,FW / Right Wing-Back / RWB / Defensive Midfielder / DM / Right Midfielder / RM / Central Midfielder / CM / Right Winger / RW / Attacking Midfielder / AM / Striker / ST,90,6.18,1.5,,,,,,,,,,,,,,,,,,,,,,,,,,,,,,,,,,,,,,,,,,,,,,,,,
562719,Rennes,Valentin Rongier,FW / MF / Center Back / CB / Defensive Midfielder / DM / Central Midfielder / CM,1670,7.48,7.3,1.0,0.81,0.64,0.81,17.0,6.0,2.0,2.26,1055.0,88.7,31.0,54.4,26.0,5.0,1.0,11.1,15.0,62.5,88.0,52.7,16.0,53.3,1452.0,18.0,13.0,17.0,40.0,20.0,33.0,99.0,14.0,13.0,4.0,28.0,26.64,3.0,0.0,8.0,,,,1.0,29.0,,,,,,
1310270,Brest,Kamory Doumbia,FW / MF / Central Midfielder / CM / Right Winger / RW / Attacking Midfielder / AM / Striker / ST / Left Winger / LW,1206,7.11,6.0,5.0,3.42,4.78,3.42,29.0,10.0,2.0,1.9,367.0,82.8,21.0,70.0,15.0,7.0,3.0,15.8,9.0,28.1,73.0,42.7,9.0,39.1,710.0,36.0,19.0,15.0,40.0,9.0,23.0,71.0,19.0,22.0,1.0,19.0,16.54,5.0,0.0,,,,,5.0,4.0,,,,,,
413525,Lorient,Laurent Abergel,FW / MF / Defensive Midfielder / DM / Central Midfielder / CM,1740,6.99,1.7,1.0,0.7,1.11,0.7,18.0,5.0,0.0,0.82,1062.0,87.8,84.0,60.9,14.0,2.0,2.0,40.0,7.0,33.3,68.0,49.3,12.0,57.1,1423.0,8.0,9.0,17.0,32.0,18.0,22.0,94.0,8.0,19.0,4.0,31.0,26.49,6.0,0.0,3.0,,,1.0,,35.0,,,,,,
841395,Lorient,Aiyegun Tosin,FW / Right Winger / RW / Attacking Midfielder / AM / Left Winger / LW / Striker / ST,740,6.5,1.7,3.0,4.21,4.59,3.42,20.0,9.0,0.0,0.51,104.0,77.0,6.0,75.0,8.0,1.0,,,8.0,36.4,26.0,38.8,4.0,33.3,240.0,31.0,10.0,10.0,4.0,2.0,9.0,13.0,3.0,2.0,0.0,11.0,10.7,1.0,0.0,,,,,3.0,5.0,,,,,,
1202239,Lorient,Mohamed Bamba,FW / Striker / ST,678,6.35,3.1,1.0,2.44,1.88,1.65,13.0,6.0,2.0,0.96,97.0,75.2,4.0,80.0,6.0,2.0,1.0,33.3,4.0,66.7,31.0,38.8,16.0,37.2,225.0,26.0,4.0,8.0,4.0,2.0,17.0,19.0,3.0,2.0,0.0,16.0,10.84,3.0,0.0,,,,,2.0,6.0,,,,,,
817500,Nantes,Mostafa Mohamed,FW / Striker / ST,965,6.38,3.6,3.0,2.64,1.71,2.64,28.0,5.0,0.0,0.73,93.0,60.8,1.0,20.0,8.0,2.0,1.0,16.7,3.0,20.0,72.0,43.4,41.0,48.8,337.0,43.0,21.0,22.0,8.0,7.0,15.0,24.0,2.0,5.0,0.0,20.0,18.1,1.0,0.0,3.0,,,,13.0,9.0,,,,,,
1670132,Nantes,Bahereba Guirassy,FW / Right Winger / RW / Left Winger / LW,732,6.64,8.6,2.0,1.59,2.66,1.59,12.0,5.0,1.0,0.22,118.0,64.8,2.0,40.0,5.0,2.0,3.0,15.8,10.0,29.4,46.0,39.7,12.0,36.4,355.0,38.0,11.0,7.0,17.0,4.0,11.0,43.0,3.0,6.0,0.0,9.0,12.22,1.0,0.0,1.0,,,,2.0,10.0,,,,,,
1057433,Lyon,Tanner Tessmann,FW / MF / Center Back / CB / Defensive Midfielder / DM / Central Midfielder / CM,1406,6.95,12.3,1.0,1.78,1.84,1.78,22.0,6.0,0.0,1.07,664.0,85.0,36.0,55.4,10.0,3.0,2.0,25.0,6.0,42.9,60.0,52.6,16.0,55.2,1021.0,38.0,12.0,16.0,22.0,13.0,12.0,74.0,3.0,9.0,9.0,12.0,16.65,0.0,0.0,10.0,,,,5.0,39.0,,,,,,
1113724,Lyon,Tyler Morton,FW / MF / Defensive Midfielder / DM / Central Midfielder / CM,1590,7.2,15.1,2.0,1.26,1.37,1.26,21.0,6.0,2.0,2.88,800.0,87.9,68.0,70.1,23.0,2.0,18.0,25.4,10.0,66.7,62.0,53.4,9.0,40.9,1199.0,14.0,10.0,11.0,32.0,13.0,23.0,80.0,9.0,5.0,7.0,17.0,18.92,3.0,1.0,9.0,,,1.0,1.0,26.0,,,,,,
1406729,Lyon (on loan),Endrick,FW / Right Winger / RW / Striker / ST / Left Winger / LW,90,6.37,39.9,,,,,,,,,,,,,,,,,,,,,,,,,,,,,,,,,,,,,,,,,,,,,,,,,
1367047,Lyon,Afonso Moreira,FW / Left Wing-Back / LWB / Left Midfielder / LM / Left Winger / LW / Striker / ST,1005,7.11,1.0,2.0,1.37,2.86,1.37,23.0,8.0,6.0,3.76,251.0,83.7,7.0,46.7,21.0,6.0,17.0,26.6,13.0,31.0,62.0,42.5,4.0,20.0,585.0,58.0,20.0,25.0,21.0,9.0,14.0,49.0,7.0,5.0,4.0,10.0,12.66,2.0,0.0,,,,,1.0,9.0,,,,,,
1134871,Brighton & Hove Albion,Maxim De Cuyper,DF / Left Back / LB / Left Wing-Back / LWB / Left Winger / LW,1127,6.7,25.7,2.0,1.71,1.91,1.71,11.0,6.0,0.0,2.19,452.0,84.0,10.0,30.3,19.0,6.0,22.0,36.1,4.0,33.3,44.0,45.8,7.0,31.8,782.0,20.0,4.0,16.0,17.0,9.0,14.0,54.0,7.0,11.0,0.0,18.0,20.18,2.0,0.0,1.0,,,1.0,1.0,21.0,,,,,,
956925,Brighton & Hove Albion,Georginio Rutter,FW / MF / Right Midfielder / RM / Right Winger / RW / Attacking Midfielder / AM / Left Winger / LW / Striker / ST,1517,6.59,42.4,2.0,2.16,2.68,2.16,33.0,11.0,2.0,2.08,246.0,69.7,14.0,58.3,19.0,6.0,2.0,13.3,25.0,46.3,92.0,39.3,16.0,39.0,751.0,78.0,51.0,28.0,23.0,7.0,27.0,45.0,15.0,11.0,2.0,16.0,19.21,2.0,0.0,1.0,,1.0,,7.0,24.0,,,,,,
866686,Brighton & Hove Albion,Matthew O'Riley,MF / Defensive Midfielder / DM / Central Midfielder / CM / Attacking Midfielder / AM,187,7.02,22.2,1.0,1.2,1.43,0.42,4.0,2.0,0.0,0.17,52.0,86.7,1.0,33.3,4.0,,4.0,57.1,,,6.0,35.3,1.0,16.7,96.0,7.0,1.0,1.0,4.0,,1.0,2.0,1.0,3.0,0.0,2.0,2.31,0.0,0.0,1.0,1.0,,,1.0,2.0,,,,,,
846005,Liverpool,Dominik Szoboszlai,DF / MF / Right Back / RB / Defensive Midfielder / DM / Right Midfielder / RM / Central Midfielder / CM / Right Winger / RW / Attacking Midfielder / AM / Left Winger / LW,2155,7.4,78.6,4.0,3.56,2.54,2.77,49.0,17.0,2.0,3.76,1292.0,87.5,84.0,61.3,44.0,5.0,43.0,32.6,21.0,61.8,87.0,50.0,11.0,47.8,2018.0,47.0,16.0,19.0,36.0,15.0,23.0,124.0,10.0,23.0,6.0,34.0,28.27,5.0,1.0,7.0,,,,2.0,41.0,,,,,,
1200941,Deportivo Alaves,Abderrahman Rebbach,FW / Central Midfielder / CM / Left Midfielder / LM / Attacking Midfielder / AM / Left Winger / LW,819,6.43,1.1,0.0,1.61,0.96,1.61,26.0,8.0,0.0,1.91,210.0,79.2,11.0,64.7,16.0,6.0,10.0,16.4,8.0,25.0,53.0,39.8,6.0,42.9,521.0,36.0,13.0,18.0,21.0,8.0,24.0,50.0,4.0,12.0,0.0,7.0,8.36,4.0,0.0,,,,,1.0,8.0,,,,,,
1553663,Deportivo Alaves,Aitor Manas,FW / Striker / ST,85,5.91,200.0,,,,,,,,,,,,,,,,,,,,,,,,,,,,,,,,,,,,,,,,,,,,,,,,,
1321605,Getafe (on loan),Mario Martin,FW / MF / Defensive Midfielder / DM / Right Midfielder / RM / Central Midfielder / CM / Left Midfielder / LM / Attacking Midfielder / AM / Left Winger / LW / Striker / ST,1462,6.35,5.1,2.0,1.14,1.42,1.14,21.0,4.0,0.0,0.5,308.0,75.9,16.0,64.0,7.0,,2.0,22.2,10.0,35.7,121.0,39.9,48.0,39.0,705.0,35.0,23.0,20.0,43.0,6.0,47.0,51.0,9.0,24.0,1.0,21.0,17.12,8.0,0.0,3.0,,,,7.0,14.0,,,,,,
1202110,Athletic Club,Nico Williams,FW / Left Winger / LW,1318,6.99,70.5,4.0,4.5,4.87,2.93,37.0,13.0,2.0,4.33,348.0,76.5,5.0,33.3,27.0,5.0,15.0,30.0,47.0,43.1,87.0,40.8,5.0,33.3,858.0,118.0,24.0,23.0,12.0,6.0,17.0,71.0,17.0,15.0,1.0,20.0,16.5,1.0,0.0,,1.0,1.0,,,7.0,,,,,,
1331249,Athletic Club,Adama Boiro,DF / Left Back / LB / Left Wing-Back / LWB / Left Winger / LW,535,6.45,4.1,0.0,0.02,,0.02,1.0,,0.0,0.36,227.0,89.0,4.0,44.4,3.0,,4.0,26.7,2.0,25.0,23.0,45.1,8.0,44.4,382.0,4.0,3.0,5.0,8.0,12.0,4.0,25.0,1.0,5.0,0.0,12.0,7.32,1.0,0.0,1.0,,,,,10.0,,,,,,
1820601,CD Basconia,Selton Sánchez,MF / Central Midfielder / CM / Attacking Midfielder / AM,145,6.52,3.3,0.0,0.27,0.02,0.27,4.0,1.0,1.0,0.07,35.0,68.6,2.0,66.7,4.0,,,,1.0,33.3,8.0,42.1,1.0,100.0,87.0,5.0,2.0,4.0,2.0,1.0,4.0,8.0,3.0,3.0,0.0,4.0,1.5,0.0,0.0,,,,,1.0,,,,,,,
50047,Sevilla,Alexis Sánchez,FW / Right Winger / RW / Striker / ST,778,6.71,1.0,2.0,2.11,1.92,1.32,15.0,6.0,1.0,1.26,212.0,76.8,6.0,40.0,16.0,1.0,5.0,25.0,4.0,30.8,41.0,46.6,8.0,34.8,434.0,40.0,10.0,16.0,13.0,4.0,7.0,39.0,5.0,7.0,1.0,19.0,14.43,1.0,0.0,,1.0,,,5.0,3.0,,,,,,
1427819,Girona (on loan),Hugo Rincon,DF / Right Back / RB / Right Wing-Back / RWB / Right Midfielder / RM / Attacking Midfielder / AM,1130,8.75,1.8,0.0,0.72,,0.72,4.0,,1.0,0.62,397.0,82.5,8.0,28.6,8.0,1.0,2.0,11.8,7.0,53.8,75.0,56.4,12.0,41.4,770.0,17.0,7.0,32.0,24.0,5.0,21.0,44.0,1.0,7.0,1.0,20.0,20.61,2.0,0.0,6.0,,1.0,1.0,2.0,29.0,,,,,,
967871,Girona,Iván Martin,MF / Defensive Midfielder / DM / Central Midfielder / CM / Attacking Midfielder / AM,1718,6.99,6.8,0.0,0.6,0.14,0.6,7.0,2.0,1.0,0.87,851.0,88.5,47.0,68.1,14.0,1.0,1.0,25.0,20.0,62.5,109.0,57.1,16.0,51.6,1231.0,11.0,25.0,25.0,48.0,12.0,24.0,103.0,6.0,11.0,4.0,23.0,26.66,3.0,1.0,2.0,,1.0,,1.0,20.0,,,,,,
564847,Girona,Viktor Tsigankov,FW / Right Midfielder / RM / Right Winger / RW / Attacking Midfielder / AM / Left Winger / LW,1312,7.11,13.6,4.0,2.99,3.77,2.99,22.0,11.0,2.0,1.79,408.0,81.4,17.0,68.0,21.0,2.0,10.0,18.5,12.0,37.5,71.0,50.0,17.0,43.6,764.0,40.0,13.0,19.0,24.0,11.0,10.0,46.0,2.0,6.0,1.0,22.0,22.29,1.0,0.0,1.0,,,,2.0,13.0,,,,,,
468931,Girona (on loan),Thomas Lemar,FW / MF / Central Midfielder / CM / Attacking Midfielder / AM,717,6.54,1.5,1.0,0.88,0.86,0.88,13.0,6.0,1.0,0.95,334.0,87.9,12.0,70.6,12.0,1.0,7.0,23.3,6.0,35.3,33.0,36.3,2.0,50.0,537.0,14.0,23.0,14.0,11.0,1.0,13.0,35.0,6.0,10.0,0.0,9.0,8.52,2.0,0.0,2.0,,,,,1.0,,,,,,
970692,Girona,Bryan Gil,FW / Right Midfielder / RM / Left Midfielder / LM / Right Winger / RW / Attacking Midfielder / AM / Left Winger / LW,1144,6.57,16.5,0.0,1.7,0.64,1.7,19.0,4.0,3.0,2.06,288.0,83.0,5.0,41.7,15.0,4.0,8.0,24.2,22.0,37.3,78.0,42.6,4.0,26.7,646.0,52.0,30.0,31.0,21.0,7.0,13.0,55.0,6.0,14.0,0.0,15.0,16.77,4.0,0.0,,,,,,8.0,,,,,,
1231648,Girona,Vladyslav Vanat,FW / Striker / ST / Left Winger / LW,120,0.01,18.4,,,,,,,,,,,,,,,,,,,,,,,,,,,,,,,,,,,,,,,,,,,,,,,,,
1486264,Girona (on loan),Claudio Echeverri,MF / Attacking Midfielder / AM / Left Winger / LW,131,6.17,19.4,0.0,0.1,,0.1,1.0,,0.0,0.45,68.0,93.2,2.0,100.0,1.0,,2.0,33.3,1.0,20.0,4.0,30.8,,,104.0,3.0,4.0,2.0,1.0,1.0,,8.0,,1.0,0.0,6.0,3.93,0.0,0.0,1.0,,,,,,,,,,,
1326043,Girona,Joel Roca,FW / Central Midfielder / CM / Left Midfielder / LM / Attacking Midfielder / AM / Left Winger / LW / Right Winger / RW / Striker / ST,822,6.46,8.0,1.0,1.39,1.67,1.39,22.0,7.0,0.0,0.86,170.0,82.9,2.0,33.3,9.0,1.0,2.0,11.1,25.0,41.0,66.0,45.2,4.0,30.8,447.0,44.0,18.0,24.0,13.0,1.0,10.0,37.0,3.0,8.0,0.0,20.0,15.65,3.0,0.0,1.0,,,,1.0,9.0,,,,,,
58294,Girona,Cristhian Stuani,FW / Striker / ST,211,6.67,735.9,3.0,3.71,4.17,0.56,8.0,6.0,0.0,0.01,22.0,66.7,,,1.0,,,,2.0,100.0,18.0,52.9,7.0,50.0,65.0,12.0,1.0,6.0,3.0,1.0,6.0,3.0,,2.0,0.0,5.0,3.89,2.0,0.0,,3.0,2.0,,2.0,2.0,,,,,,
1226147,Atletico Madrid,Giuliano Simeone,FW / MF / Right Wing-Back / RWB / Right Midfielder / RM / Central Midfielder / CM / Right Winger / RW,1599,7.2,43.9,2.0,3.76,2.49,3.76,30.0,9.0,5.0,3.42,561.0,81.8,8.0,66.7,21.0,6.0,7.0,20.6,24.0,42.9,113.0,49.1,21.0,55.3,1060.0,105.0,22.0,36.0,32.0,14.0,17.0,84.0,10.0,32.0,2.0,14.0,18.64,1.0,0.0,1.0,,,,7.0,8.0,,,,,,
184533,Atletico Madrid,Koke,FW / MF / Defensive Midfielder / DM / Central Midfielder / CM,1429,7.08,3.7,2.0,0.37,1.5,0.37,8.0,3.0,2.0,2.18,1155.0,92.5,69.0,70.4,18.0,2.0,7.0,33.3,2.0,28.6,60.0,49.2,13.0,59.1,1427.0,10.0,13.0,12.0,33.0,13.0,14.0,79.0,8.0,21.0,3.0,14.0,18.38,4.0,0.0,1.0,,,,,21.0,,,,,,
184138,Atletico Madrid,Antoine Griezmann,FW / Striker / ST,755,6.81,7.4,6.0,4.86,5.99,4.86,27.0,14.0,0.0,1.49,324.0,84.2,20.0,74.1,14.0,2.0,14.0,31.1,3.0,30.0,21.0,45.7,6.0,37.5,550.0,40.0,2.0,5.0,7.0,2.0,,30.0,3.0,6.0,1.0,8.0,10.92,0.0,0.0,1.0,,,,3.0,7.0,,,,,,
1072200,Real Betis,Rodrigo Riquelme,FW / Left Midfielder / LM / Attacking Midfielder / AM / Left Winger / LW,587,6.5,12.2,0.0,1.84,0.85,1.84,17.0,5.0,1.0,0.99,195.0,83.3,5.0,35.7,13.0,1.0,2.0,12.5,7.0,28.0,28.0,35.4,4.0,40.0,367.0,27.0,10.0,8.0,9.0,3.0,6.0,37.0,5.0,13.0,0.0,8.0,10.75,1.0,0.0,,,,,,4.0,,,,,,
704151,Valencia,Arnaut Danjuma,FW / Left Midfielder / LM / Left Winger / LW / Striker / ST,1430,6.69,2.5,3.0,4.01,4.11,3.22,31.0,12.0,2.0,2.44,251.0,77.5,19.0,70.4,12.0,4.0,11.0,29.7,22.0,42.3,61.0,46.6,7.0,46.7,561.0,67.0,11.0,21.0,12.0,,16.0,58.0,10.0,6.0,0.0,23.0,20.41,0.0,0.0,1.0,,1.0,,1.0,6.0,,,,,,
701154,Real Madrid,Kylian Mbappé,FW / Left Winger / LW / Striker / ST,1936,8.37,127.5,23.0,20.42,19.88,13.33,109.0,50.0,4.0,5.44,652.0,87.3,22.0,78.6,53.0,7.0,5.0,27.8,61.0,54.0,95.0,49.5,6.0,66.7,1146.0,193.0,31.0,26.0,2.0,2.0,9.0,33.0,19.0,5.0,7.0,17.0,22.58,3.0,0.0,,8.0,4.0,,2.0,,,,,,,
1607566,Real Madrid,Franco Mastantuono,FW / Right Midfielder / RM / Central Midfielder / CM / Right Winger / RW / Attacking Midfielder / AM,752,6.89,68.3,1.0,2.13,1.57,2.13,22.0,4.0,0.0,1.78,333.0,90.7,7.0,58.3,9.0,2.0,7.0,29.2,15.0,35.7,59.0,43.1,3.0,37.5,585.0,43.0,18.0,21.0,20.0,2.0,15.0,32.0,8.0,14.0,1.0,6.0,7.03,4.0,0.0,,,,,,1.0,,,,,,
1000428,1. FC Köln,Isak Bergmann Johannesson,FW / MF / Left Back / LB / Defensive Midfielder / DM / Central Midfielder / CM / Right Winger / RW / Attacking Midfielder / AM,1191,6.66,9.4,1.0,0.65,0.93,0.65,5.0,1.0,1.0,2.6,473.0,84.0,34.0,45.9,20.0,1.0,17.0,33.3,3.0,75.0,31.0,43.1,6.0,35.3,722.0,20.0,7.0,4.0,18.0,3.0,8.0,43.0,1.0,14.0,0.0,23.0,22.81,3.0,0.0,5.0,,,,,12.0,,,,,,
1690072,1. FC Köln (on loan),Felipe Chavez,MF / Defensive Midfielder / DM / Central Midfielder / CM / Attacking Midfielder / AM,90,0.03,780.0,,,,,,,,,,,,,,,,,,,,,,,,,,,,,,,,,,,,,,,,,,,,,,,,,
620027,RB Leipzig,Xaver Schlager,FW / MF / Left Back / LB / Defensive Midfielder / DM / Central Midfielder / CM,1147,7.12,6.0,2.0,1.49,1.81,1.49,16.0,5.0,1.0,2.07,540.0,85.3,18.0,48.6,13.0,2.0,3.0,42.9,15.0,65.2,60.0,52.2,14.0,66.7,832.0,27.0,17.0,8.0,24.0,7.0,15.0,82.0,7.0,8.0,4.0,19.0,19.4,2.0,0.0,2.0,,,,,17.0,,,,,,
1482733,RB Leipzig,Tidiam Gomis,FW / Striker / ST / Left Winger / LW,291,6.41,7.0,1.0,0.49,0.97,0.49,9.0,3.0,0.0,0.33,79.0,84.0,2.0,66.7,1.0,,,,8.0,38.1,18.0,40.0,4.0,33.3,180.0,22.0,3.0,2.0,4.0,,3.0,8.0,,,0.0,7.0,5.29,0.0,0.0,1.0,,,,,,,,,,,
1029063,Bayern München,Michael Olise,FW / Right Midfielder / RM / Right Winger / RW / Attacking Midfielder / AM,1613,8.19,116.5,10.0,7.86,10.79,7.86,66.0,36.0,16.0,12.18,901.0,85.0,17.0,65.4,55.0,21.0,22.0,22.9,41.0,40.2,101.0,43.0,6.0,37.5,1593.0,154.0,22.0,35.0,19.0,10.0,23.0,71.0,17.0,20.0,6.0,17.0,16.5,5.0,0.0,,,1.0,,,6.0,,,,,,
1393387,Hoffenheim,Muhammed Mehmet Damar,MF / Right Midfielder / RM / Central Midfielder / CM / Left Midfielder / LM / Right Winger / RW / Attacking Midfielder / AM / Left Winger / LW / Striker / ST,250,6.45,10.1,0.0,1.0,2.24,1.0,11.0,7.0,0.0,0.69,94.0,83.2,4.0,44.4,10.0,1.0,9.0,28.1,2.0,28.6,9.0,30.0,1.0,20.0,203.0,12.0,6.0,2.0,4.0,1.0,3.0,13.0,3.0,3.0,0.0,4.0,4.27,0.0,0.0,,,,,,1.0,,,,,,
1586401,Hoffenheim II,Luka Djuric,MF / Center Back / CB / Defensive Midfielder / DM / Central Midfielder / CM / Attacking Midfielder / AM / Striker / ST,90,7.48,90.0,,,,,,,,,,,,,,,,,,,,,,,,,,,,,,,,,,,,,,,,,,,,,,,,,
790732,Bologna (on loan),Tommaso Pobega,MF / Defensive Midfielder / DM / Central Midfielder / CM / Attacking Midfielder / AM,1076,6.63,8.5,2.0,1.52,1.97,1.52,20.0,8.0,1.0,0.65,283.0,75.5,15.0,35.7,6.0,2.0,,,4.0,57.1,59.0,48.4,18.0,48.6,540.0,28.0,5.0,11.0,26.0,16.0,25.0,35.0,6.0,13.0,1.0,14.0,17.44,1.0,1.0,7.0,,,,4.0,19.0,,,,,,
885085,Bologna,Thijs Dallinga,FW / Striker / ST,701,6.47,13.7,1.0,2.6,0.83,2.6,21.0,4.0,2.0,0.51,136.0,70.5,10.0,76.9,8.0,1.0,1.0,20.0,2.0,40.0,33.0,39.3,16.0,42.1,295.0,36.0,10.0,9.0,6.0,1.0,17.0,17.0,4.0,,1.0,8.0,10.0,1.0,0.0,2.0,,1.0,,6.0,9.0,,,,,,
1044029,Bologna,Nicolo Cambiaghi,FW / Left Midfielder / LM / Left Winger / LW,1137,6.8,12.3,3.0,1.92,2.69,1.92,19.0,6.0,4.0,1.96,240.0,82.8,5.0,41.7,16.0,5.0,14.0,26.9,13.0,50.0,89.0,54.9,6.0,46.2,543.0,55.0,14.0,50.0,21.0,4.0,24.0,48.0,12.0,17.0,1.0,14.0,15.72,3.0,1.0,,,,,,3.0,,,,,,
1199360,Parma (on loan),Franco Carboni,MF / Center Back / CB / Central Midfielder / CM / Left Midfielder / LM / Attacking Midfielder / AM / Left Winger / LW / Striker / ST,90,0.35,1.1,,,,,,,,,,,,,,,,,,,,,,,,,,,,,,,,,,,,,,,,,,,,,,,,,
762028,Lecce,Ylber Ramadani,MF / Defensive Midfielder / DM / Central Midfielder / CM / Attacking Midfielder / AM,1995,6.88,1.1,0.0,0.61,0.07,0.61,19.0,3.0,0.0,0.92,759.0,80.8,55.0,38.7,11.0,,2.0,20.0,6.0,40.0,113.0,53.3,22.0,64.7,1256.0,6.0,11.0,35.0,53.0,30.0,31.0,113.0,9.0,37.0,7.0,27.0,29.48,7.0,0.0,6.0,,,1.0,,32.0,,,,,,
664587,Lecce,Lassana Coulibaly,MF / Defensive Midfielder / DM / Central Midfielder / CM / Right Winger / RW / Attacking Midfielder / AM / Left Winger / LW,1648,6.89,2.3,2.0,1.73,1.84,1.73,15.0,6.0,0.0,0.63,414.0,82.0,29.0,58.0,13.0,,,,13.0,52.0,86.0,50.3,20.0,46.5,730.0,32.0,11.0,25.0,28.0,4.0,18.0,95.0,11.0,22.0,4.0,19.0,25.29,3.0,0.0,4.0,,,,7.0,21.0,,,,,,
1039403,Lecce,Santiago Pierotti,FW / Right Winger / RW,1475,6.35,4.4,0.0,1.71,0.46,1.71,21.0,4.0,0.0,0.78,279.0,75.2,6.0,54.5,12.0,1.0,2.0,20.0,20.0,31.7,107.0,36.1,28.0,37.8,742.0,55.0,42.0,10.0,49.0,9.0,40.0,91.0,14.0,21.0,1.0,20.0,26.17,1.0,0.0,3.0,,,,6.0,13.0,,,,,,
1202114,Lecce,Omri Gandelman,FW / MF / Defensive Midfielder / DM / Right Midfielder / RM / Central Midfielder / CM / Right Winger / RW / Attacking Midfielder / AM / Striker / ST,1432,7.01,2.7,7.0,5.0,5.12,5.0,28.0,11.0,1.0,0.62,288.0,75.0,4.0,23.5,11.0,1.0,,,4.0,44.4,64.0,44.4,43.0,47.8,560.0,56.0,11.0,8.0,10.0,6.0,12.0,54.0,4.0,5.0,2.0,23.0,27.14,1.0,0.0,3.0,,,,13.0,24.0,,,,,,
933817,Lecce (on loan),Riccardo Sottil,FW / Left Winger / LW,931,6.49,4.3,1.0,0.45,0.25,0.45,16.0,3.0,1.0,2.24,185.0,83.0,8.0,61.5,22.0,5.0,23.0,26.4,12.0,33.3,43.0,42.2,3.0,25.0,466.0,23.0,14.0,24.0,4.0,2.0,8.0,31.0,3.0,4.0,0.0,14.0,13.84,1.0,0.0,,,,,,3.0,,,,,,
1078113,Lecce (on loan),Walid Cheddira,FW / Striker / ST,401,6.17,1.7,1.0,1.28,1.15,1.28,13.0,2.0,0.0,0.39,62.0,63.9,1.0,33.3,4.0,,2.0,40.0,6.0,60.0,32.0,42.1,12.0,41.4,196.0,24.0,14.0,13.0,2.0,,9.0,13.0,2.0,,0.0,6.0,6.78,1.0,0.0,2.0,,,,1.0,1.0,,,,,,
896377,Lecce,Lameck Banda,FW / Right Winger / RW / Left Winger / LW,881,6.46,2.0,3.0,1.35,2.53,1.35,17.0,6.0,2.0,0.92,158.0,85.4,3.0,75.0,9.0,3.0,3.0,8.1,11.0,31.4,60.0,40.3,6.0,37.5,431.0,29.0,21.0,25.0,18.0,6.0,29.0,45.0,8.0,8.0,0.0,6.0,12.71,5.0,1.0,,,,,,7.0,,,,,,
1178314,Lecce,Nikola Stulic,FW / Striker / ST,218,6.22,8.8,1.0,0.32,1.43,0.32,3.0,2.0,0.0,0.11,31.0,77.5,,,1.0,,,,1.0,33.3,14.0,36.8,9.0,39.1,65.0,7.0,2.0,5.0,,,5.0,,,1.0,0.0,3.0,2.68,0.0,1.0,1.0,,,,1.0,4.0,,,,,,
1027594,Lecce,Konan N'Dri,FW / Right Winger / RW / Striker / ST,55,6.27,1.3,,,,,,,,,,,,,,,,,,,,,,,,,,,,,,,,,,,,,,,,,,,,,,,,,
115067,Sassuolo,Nemanja Matic,FW / MF / Defensive Midfielder / DM / Central Midfielder / CM,2031,7.06,1.5,1.0,0.33,0.84,0.33,10.0,4.0,1.0,0.97,1111.0,85.4,92.0,58.2,19.0,1.0,1.0,9.1,7.0,43.8,101.0,55.5,26.0,61.9,1578.0,22.0,19.0,35.0,35.0,18.0,20.0,141.0,11.0,18.0,5.0,30.0,31.91,5.0,1.0,8.0,,,,2.0,39.0,,,,,,
73167,Inter,Henrikh Mkhitaryan,FW / MF / Central Midfielder / CM,1011,7.03,2.2,1.0,2.72,1.45,2.72,31.0,7.0,0.0,1.8,523.0,86.4,23.0,69.7,11.0,1.0,4.0,12.9,10.0,52.6,53.0,47.7,9.0,56.2,832.0,50.0,13.0,12.0,22.0,13.0,18.0,64.0,8.0,12.0,3.0,8.0,6.97,2.0,0.0,4.0,,1.0,1.0,2.0,15.0,,,,,,
815431,Inter,Davide Frattesi,MF / Central Midfielder / CM / Attacking Midfielder / AM,347,6.32,39.3,0.0,1.43,0.55,1.43,10.0,3.0,0.0,0.12,55.0,75.3,1.0,33.3,4.0,1.0,,,2.0,33.3,23.0,52.3,4.0,57.1,137.0,23.0,7.0,7.0,10.0,2.0,7.0,10.0,,,0.0,2.0,3.24,0.0,0.0,1.0,,,,2.0,3.0,,,,,,
862616,Juventus,Edon Zhegrova,MF / Attacking Midfielder / AM,45,6.37,22.6,,,,,,,,,,,,,,,,,,,,,,,,,,,,,,,,,,,,,,,,,,,,,,,,,
651435,Lazio,Toma Basic,FW / MF / Defensive Midfielder / DM / Central Midfielder / CM,1186,6.83,972.6,1.0,1.13,0.78,1.13,26.0,9.0,2.0,1.46,481.0,87.3,13.0,44.8,14.0,4.0,13.0,39.4,1.0,33.3,46.0,50.5,15.0,60.0,727.0,17.0,10.0,14.0,16.0,9.0,15.0,37.0,6.0,10.0,2.0,9.0,17.64,0.0,1.0,7.0,,,,1.0,15.0,,,,,,
150250,Lazio,Pedro Rodriguez,FW / MF / Attacking Midfielder / AM / Left Winger / LW / Right Winger / RW,605,6.73,769.0,3.0,2.09,1.93,0.51,16.0,6.0,1.0,0.78,259.0,88.1,11.0,64.7,12.0,3.0,5.0,23.8,8.0,57.1,35.0,57.4,1.0,50.0,408.0,18.0,8.0,20.0,7.0,1.0,6.0,21.0,5.0,7.0,0.0,7.0,9.99,2.0,0.0,,2.0,,,,1.0,,,,,,
1668294,Nice,Gabin Bernardeau,DF / FW / Center Back / CB / Central Midfielder / CM / Attacking Midfielder / AM,90,7.16,1.4,0.0,0.03,0.05,0.03,1.0,1.0,0.0,0.12,20.0,62.5,4.0,66.7,1.0,,1.0,33.3,,,8.0,53.3,2.0,66.7,52.0,1.0,1.0,3.0,3.0,,1.0,6.0,1.0,2.0,0.0,0.0,0.48,0.0,0.0,,,,,,2.0,,,,,,
773189,Nice,Tanguy Ndombélé,MF / Defensive Midfielder / DM / Central Midfielder / CM / Attacking Midfielder / AM,188,6.33,1.8,0.0,0.5,0.11,0.5,4.0,1.0,1.0,0.23,42.0,91.3,1.0,50.0,4.0,1.0,1.0,100.0,1.0,20.0,10.0,58.8,,,76.0,4.0,1.0,6.0,3.0,,1.0,9.0,2.0,,0.0,3.0,3.71,0.0,0.0,,,,,,1.0,,,,,,
1436305,Monaco,Lamine Camara,FW / MF / Defensive Midfielder / DM / Central Midfielder / CM,876,7.54,34.7,0.0,0.42,,0.42,9.0,,3.0,2.32,451.0,83.5,24.0,58.5,19.0,6.0,10.0,23.8,12.0,60.0,67.0,61.5,8.0,42.1,763.0,6.0,7.0,27.0,20.0,24.0,12.0,73.0,12.0,6.0,4.0,9.0,13.99,2.0,0.0,1.0,,,,,8.0,,,,,,
1695681,Monaco,Aladji Bamba,FW / MF / Defensive Midfielder / DM / Central Midfielder / CM / Left Midfielder / LM,218,6.78,6.9,0.0,,,,0.0,,0.0,0.21,141.0,88.7,5.0,83.3,,,,,1.0,33.3,24.0,61.5,7.0,100.0,203.0,2.0,4.0,7.0,9.0,3.0,7.0,11.0,1.0,2.0,0.0,3.0,2.76,1.0,0.0,,,,,,4.0,,,,,,
817724,Auxerre (on loan),Danny Namaso,FW / Central Midfielder / CM / Left Midfielder / LM / Attacking Midfielder / AM / Striker / ST / Left Winger / LW,1536,6.73,4.3,2.0,4.26,4.34,4.26,45.0,12.0,1.0,1.21,347.0,81.8,15.0,71.4,20.0,2.0,2.0,15.4,22.0,36.1,108.0,41.1,30.0,41.7,785.0,82.0,34.0,39.0,17.0,5.0,37.0,71.0,15.0,9.0,3.0,22.0,21.58,5.0,0.0,,,,,5.0,14.0,,,,,,
765158,Paris FC,Alimami Gory,FW / MF / Right Wing-Back / RWB / Right Midfielder / RM / Left Midfielder / LM / Right Winger / RW / Left Winger / LW / Striker / ST,623,6.37,858.9,1.0,1.1,0.23,1.1,9.0,1.0,0.0,0.14,114.0,87.0,3.0,37.5,1.0,,2.0,28.6,2.0,25.0,32.0,51.6,4.0,50.0,261.0,23.0,10.0,12.0,14.0,6.0,7.0,25.0,2.0,4.0,1.0,15.0,14.15,0.0,0.0,1.0,,1.0,,2.0,7.0,,,,,,
1513317,Paris FC,Adama Camara,FW / MF / Right Back / RB / Defensive Midfielder / DM / Central Midfielder / CM / Attacking Midfielder / AM,1470,6.8,1.7,1.0,1.73,1.22,1.73,15.0,4.0,0.0,0.64,570.0,88.0,26.0,76.5,9.0,1.0,,,7.0,46.7,74.0,51.7,18.0,42.9,875.0,22.0,11.0,15.0,34.0,18.0,19.0,50.0,3.0,9.0,2.0,27.0,26.45,5.0,0.0,8.0,,,,2.0,32.0,,,,,,
637745,Paris FC,Jonathan Ikoné,FW / Right Midfielder / RM / Right Winger / RW / Left Winger / LW / Striker / ST,363,6.36,5.2,1.0,0.83,1.07,0.83,7.0,3.0,0.0,0.36,91.0,87.5,1.0,100.0,4.0,1.0,1.0,50.0,7.0,63.6,18.0,45.0,1.0,14.3,156.0,9.0,2.0,3.0,7.0,,7.0,12.0,1.0,5.0,0.0,6.0,7.12,1.0,0.0,,,,,1.0,3.0,,,,,,
1137106,Le Havre (on loan),Lucas Gourna-Douath,FW / MF / Defensive Midfielder / DM / Right Midfielder / RM / Central Midfielder / CM,292,6.98,5.2,0.0,0.06,,0.06,2.0,,0.0,0.06,104.0,86.0,8.0,80.0,2.0,,,,4.0,50.0,17.0,51.5,2.0,66.7,170.0,5.0,2.0,6.0,5.0,4.0,4.0,19.0,,5.0,1.0,2.0,3.0,2.0,0.0,4.0,,,,,3.0,,,,,,
1180696,Le Havre,Fodé Doucouré,FW / Right Back / RB / Right Wing-Back / RWB / Right Midfielder / RM / Central Midfielder / CM / Right Winger / RW,753,6.71,1.7,2.0,1.39,1.59,1.39,14.0,5.0,1.0,1.65,216.0,81.2,11.0,47.8,13.0,2.0,10.0,20.0,3.0,30.0,39.0,53.4,6.0,46.2,468.0,26.0,7.0,3.0,28.0,4.0,7.0,37.0,3.0,7.0,0.0,10.0,10.75,0.0,0.0,1.0,,,,,13.0,,,,,,
1418073,Strasbourg,Samuel Amo-Ameyaw,MF / Right Wing-Back / RWB / Right Midfielder / RM / Central Midfielder / CM / Right Winger / RW / Attacking Midfielder / AM,538,6.61,10.6,1.0,0.44,0.25,0.44,6.0,1.0,1.0,0.71,200.0,88.5,5.0,71.4,7.0,1.0,7.0,25.0,14.0,56.0,43.0,52.4,,,378.0,19.0,9.0,13.0,16.0,3.0,10.0,25.0,6.0,10.0,1.0,8.0,7.66,1.0,0.0,,,,1.0,,1.0,,,,,,
1574189,Paris Saint-Germain,Senny Mayulu,FW / MF / Right Back / RB / Right Wing-Back / RWB / Defensive Midfielder / DM / Central Midfielder / CM / Left Midfielder / LM / Attacking Midfielder / AM / Right Winger / RW / Striker / ST / Left Winger / LW,1147,7.21,26.7,3.0,2.84,2.28,2.84,23.0,7.0,4.0,1.67,405.0,89.2,10.0,71.4,23.0,5.0,5.0,29.4,8.0,32.0,62.0,47.7,5.0,27.8,680.0,54.0,15.0,15.0,34.0,6.0,19.0,56.0,16.0,5.0,2.0,8.0,11.86,1.0,0.0,,,,,3.0,3.0,,,,,,
1254234,Marseille (on loan),Ethan Nwaneri,FW / MF / Central Midfielder / CM / Right Winger / RW / Attacking Midfielder / AM / Left Winger / LW,90,6.24,53.8,,,,,,,,,,,,,,,,,,,,,,,,,,,,,,,,,,,,,,,,,,,,,,,,,
1184694,Villarreal,Alberto Moleiro,FW / MF / Left Midfielder / LM / Attacking Midfielder / AM / Left Winger / LW / Striker / ST,1511,7.09,26.2,9.0,4.29,6.22,4.29,33.0,17.0,4.0,2.32,309.0,75.0,9.0,32.1,22.0,6.0,7.0,36.8,19.0,51.4,50.0,35.7,2.0,16.7,645.0,57.0,15.0,16.0,13.0,6.0,20.0,62.0,7.0,29.0,0.0,16.0,17.6,2.0,0.0,3.0,,,,1.0,9.0,,,,,,
1323403,Espanyol,Antoniu Roca,FW / Left Midfielder / LM / Right Winger / RW / Left Winger / LW / Striker / ST,110,6.12,120.0,0.0,0.15,,0.15,3.0,,0.0,0.16,23.0,74.2,,,2.0,,2.0,66.7,5.0,55.6,13.0,43.3,1.0,14.3,62.0,3.0,2.0,3.0,4.0,,5.0,6.0,1.0,,0.0,3.0,1.92,1.0,0.0,,,,,,,,,,,,
446266,Atalanta,Mario Pasalic,MF / Defensive Midfielder / DM / Central Midfielder / CM / Left Midfielder / LM / Right Winger / RW / Attacking Midfielder / AM / Left Winger / LW,1244,6.86,9.0,2.0,1.58,1.77,1.58,12.0,5.0,3.0,1.24,739.0,88.5,49.0,69.0,26.0,4.0,,,6.0,66.7,49.0,45.8,18.0,42.9,981.0,22.0,5.0,3.0,22.0,7.0,18.0,56.0,1.0,10.0,1.0,15.0,13.38,2.0,0.0,3.0,,,,6.0,17.0,,,,,,
1137272,Atalanta (on loan),Yunus Musah,MF / Right Back / RB / Right Wing-Back / RWB / Defensive Midfielder / DM / Central Midfielder / CM / Right Winger / RW,454,6.59,21.7,0.0,0.25,,0.25,3.0,,0.0,0.69,206.0,87.3,7.0,70.0,3.0,1.0,5.0,50.0,12.0,70.6,38.0,55.1,3.0,23.1,339.0,7.0,6.0,15.0,8.0,3.0,7.0,28.0,3.0,3.0,2.0,5.0,5.27,1.0,0.0,2.0,,,,,5.0,,,,,,
575364,Cremonese,Alberto Grassi,FW / MF / Defensive Midfielder / DM / Central Midfielder / CM,1023,6.56,1.3,0.0,0.33,0.32,0.33,4.0,2.0,0.0,0.44,400.0,83.3,17.0,32.1,2.0,,,,4.0,80.0,40.0,56.3,8.0,47.1,631.0,4.0,8.0,15.0,13.0,21.0,8.0,52.0,4.0,5.0,1.0,20.0,19.88,3.0,0.0,6.0,,,1.0,,35.0,,,,,,
1726757,Roma U20,Antonio Arena,FW / Striker / ST,90,7.27,950.0,,,,,,,,,,,,,,,,,,,,,,,,,,,,,,,,,,,,,,,,,,,,,,,,,
1473806,Cagliari (on loan),Marco Palestra,FW / MF / Right Back / RB / Left Back / LB / Right Wing-Back / RWB / Left Wing-Back / LWB / Right Midfielder / RM / Left Midfielder / LM,1971,7.14,8.3,1.0,1.05,0.4,1.05,16.0,3.0,4.0,2.4,477.0,84.6,17.0,50.0,21.0,6.0,20.0,29.4,38.0,57.6,160.0,63.2,10.0,40.0,1067.0,49.0,14.0,70.0,42.0,13.0,28.0,71.0,3.0,9.0,3.0,30.0,32.17,2.0,0.0,3.0,,,,1.0,29.0,,,,,,
936164,Cagliari,Michel Ndary Adopo,FW / MF / Defensive Midfielder / DM / Central Midfielder / CM / Attacking Midfielder / AM,1910,6.74,7.4,1.0,1.32,1.55,1.32,18.0,8.0,1.0,0.42,537.0,81.9,13.0,44.8,18.0,1.0,2.0,16.7,10.0,43.5,77.0,44.5,20.0,40.0,920.0,23.0,23.0,13.0,34.0,18.0,22.0,108.0,9.0,10.0,4.0,29.0,31.23,2.0,0.0,4.0,,,1.0,7.0,31.0,,,,,,
1012842,Cagliari,Gianluca Gaetano,FW / MF / Defensive Midfielder / DM / Central Midfielder / CM / Attacking Midfielder / AM / Striker / ST / Left Winger / LW,1087,6.77,3.8,2.0,1.26,1.79,1.26,21.0,8.0,3.0,1.04,446.0,79.4,34.0,57.6,19.0,2.0,5.0,20.8,10.0,52.6,51.0,47.2,10.0,66.7,756.0,19.0,15.0,19.0,12.0,8.0,18.0,48.0,1.0,10.0,2.0,17.0,20.03,4.0,0.0,,,,,,15.0,,,,,,
513982,Cagliari (on loan),Luca Mazzitelli,FW / MF / Defensive Midfielder / DM / Central Midfielder / CM / Attacking Midfielder / AM,641,6.85,1.2,2.0,0.68,1.11,0.68,13.0,5.0,2.0,0.28,214.0,75.9,30.0,53.6,5.0,1.0,2.0,40.0,2.0,40.0,35.0,43.8,9.0,39.1,409.0,9.0,3.0,10.0,14.0,10.0,17.0,21.0,1.0,9.0,1.0,7.0,9.09,3.0,0.0,3.0,,,,4.0,26.0,,,,,,
1289961,Cagliari,Adam Obert,DF / FW / Center Back / CB / Left Back / LB / Left Midfielder / LM,1674,6.88,5.5,0.0,0.73,0.31,0.73,3.0,1.0,2.0,1.26,626.0,82.0,32.0,44.4,10.0,3.0,8.0,34.8,6.0,54.5,70.0,50.0,18.0,46.2,1149.0,14.0,5.0,6.0,40.0,30.0,30.0,86.0,3.0,9.0,2.0,23.0,26.87,7.0,0.0,12.0,,,,,82.0,,,,,,
1435689,Cagliari (on loan),Semih Kilicsoy,FW / Left Winger / LW / Striker / ST,686,6.53,14.7,4.0,1.67,2.63,1.67,12.0,5.0,0.0,0.15,131.0,76.6,9.0,100.0,8.0,,1.0,100.0,8.0,50.0,28.0,30.4,6.0,18.2,289.0,27.0,18.0,12.0,2.0,,12.0,19.0,3.0,,0.0,10.0,8.35,1.0,0.0,1.0,,,,1.0,,,,,,,
1030212,Cagliari (on loan),Sebastiano Esposito,FW / Attacking Midfielder / AM / Striker / ST / Left Winger / LW,1631,7.07,10.4,3.0,2.19,2.53,2.19,30.0,8.0,4.0,2.67,449.0,75.1,34.0,60.7,41.0,8.0,18.0,24.0,13.0,46.4,97.0,51.1,15.0,57.7,957.0,34.0,18.0,33.0,36.0,7.0,33.0,53.0,4.0,19.0,1.0,20.0,24.01,4.0,0.0,3.0,,,,1.0,14.0,,,,,,
231176,Cagliari,Leonardo Pavoletti,FW / Striker / ST,75,6.11,354.0,,,,,,,,,,,,,,,,,,,,,,,,,,,,,,,,,,,,,,,,,,,,,,,,,
1861022,Cagliari,Yael Trepy,FW,6,,125.0,,,,,,,,,,,,,,,,,,,,,,,,,,,,,,,,,,,,,,,,,,,,,,,,,
1372921,Chelsea,Andrey Santos,MF / Defensive Midfielder / DM / Central Midfielder / CM / Attacking Midfielder / AM,800,6.74,50.0,0.0,1.7,0.63,1.7,8.0,1.0,0.0,0.7,455.0,89.0,8.0,47.1,7.0,1.0,,,2.0,40.0,51.0,60.7,10.0,45.5,642.0,15.0,2.0,15.0,24.0,16.0,10.0,34.0,6.0,7.0,1.0,9.0,12.26,4.0,0.0,4.0,,,,1.0,14.0,,,,,,
1580774,Chelsea,Estevao,FW / Right Wing-Back / RWB / Right Midfielder / RM / Right Winger / RW / Attacking Midfielder / AM / Left Winger / LW / Striker / ST,743,6.77,83.8,2.0,2.83,3.68,2.83,26.0,7.0,2.0,2.18,202.0,81.1,4.0,57.1,15.0,4.0,5.0,41.7,26.0,41.9,46.0,35.9,3.0,21.4,443.0,67.0,15.0,7.0,10.0,3.0,11.0,33.0,5.0,10.0,0.0,8.0,8.16,3.0,0.0,,,1.0,,1.0,5.0,,,,,,
1096353,Chelsea,Cole Palmer,FW / MF / Right Winger / RW / Attacking Midfielder / AM / Left Winger / LW,1005,7.22,99.7,8.0,7.67,7.28,3.73,34.0,15.0,1.0,0.97,360.0,82.0,21.0,58.3,11.0,2.0,1.0,4.8,14.0,40.0,48.0,47.1,,,640.0,55.0,18.0,21.0,13.0,9.0,9.0,43.0,9.0,6.0,2.0,15.0,17.93,3.0,0.0,,5.0,,,,7.0,,,,,,
1137705,Chelsea,Enzo Fernández,FW / MF / Defensive Midfielder / DM / Central Midfielder / CM / Attacking Midfielder / AM,2149,7.33,82.0,8.0,9.79,10.31,8.22,52.0,22.0,2.0,5.14,1175.0,86.1,62.0,57.4,45.0,9.0,9.0,16.4,8.0,23.5,104.0,45.0,22.0,51.2,1771.0,84.0,31.0,30.0,44.0,12.0,26.0,95.0,7.0,24.0,5.0,27.0,31.31,6.0,0.0,1.0,2.0,,,9.0,25.0,,,,,,
1021382,Chelsea,Joao Pedro,FW / Attacking Midfielder / AM / Left Winger / LW / Striker / ST,1902,7.21,71.6,10.0,8.89,9.27,8.89,45.0,19.0,4.0,1.68,404.0,78.1,10.0,52.6,24.0,5.0,1.0,8.3,25.0,46.3,133.0,47.2,52.0,48.6,905.0,105.0,39.0,39.0,18.0,5.0,25.0,56.0,11.0,4.0,3.0,20.0,26.43,3.0,0.0,5.0,,3.0,,12.0,24.0,,,,,,
843040,Chelsea,Pedro Neto,FW / Right Winger / RW / Left Winger / LW / Striker / ST,1992,7.12,66.1,5.0,4.15,3.71,4.15,37.0,11.0,3.0,5.0,596.0,86.3,26.0,70.3,39.0,9.0,29.0,19.9,34.0,43.6,74.0,40.0,6.0,22.2,1146.0,80.0,20.0,19.0,15.0,6.0,7.0,67.0,12.0,19.0,5.0,19.0,27.21,2.0,0.0,,,,,3.0,11.0,,,,,,
1113903,Chelsea,Liam Delap,FW / Striker / ST,715,6.39,48.4,1.0,3.56,2.72,3.56,26.0,10.0,0.0,0.17,92.0,70.2,1.0,50.0,2.0,,,,7.0,77.8,41.0,41.8,18.0,42.9,250.0,45.0,13.0,14.0,2.0,,14.0,16.0,4.0,4.0,0.0,12.0,10.34,2.0,0.0,,,1.0,,6.0,7.0,,,,,,
789646,Leeds United,Jayden Bogle,DF / FW / Right Back / RB / Right Wing-Back / RWB / Right Midfielder / RM,2029,6.6,14.4,1.0,1.82,0.99,1.82,11.0,3.0,1.0,1.15,494.0,76.8,22.0,34.4,10.0,2.0,10.0,20.8,12.0,30.0,98.0,45.4,18.0,43.9,1131.0,53.0,25.0,21.0,47.0,25.0,25.0,101.0,11.0,18.0,2.0,38.0,30.56,4.0,0.0,4.0,,1.0,,,50.0,,,,,,
780432,Leeds United,Ethan Ampadu,FW / MF / Center Back / CB / Defensive Midfielder / DM / Central Midfielder / CM,2048,7.13,22.3,1.0,1.64,1.74,1.64,15.0,4.0,1.0,1.35,973.0,85.5,48.0,50.0,10.0,1.0,6.0,30.0,8.0,72.7,112.0,62.6,33.0,63.5,1541.0,14.0,9.0,22.0,51.0,33.0,29.0,115.0,8.0,10.0,2.0,38.0,32.61,7.0,0.0,11.0,,,,1.0,52.0,,,,,,
1080983,Leeds United,Ilia Gruev,FW / MF / Defensive Midfielder / DM / Central Midfielder / CM,1031,6.82,11.8,0.0,0.36,0.2,0.36,4.0,1.0,3.0,0.8,427.0,90.3,17.0,77.3,10.0,2.0,4.0,26.7,6.0,85.7,44.0,53.0,11.0,45.8,594.0,9.0,3.0,8.0,20.0,12.0,8.0,47.0,4.0,14.0,2.0,21.0,21.18,2.0,0.0,4.0,,,,1.0,11.0,,,,,,
952322,Leeds United,Brenden Aaronson,FW / MF / Central Midfielder / CM / Right Winger / RW / Attacking Midfielder / AM / Left Winger / LW / Striker / ST,1662,6.79,17.6,4.0,3.41,4.05,3.41,33.0,14.0,3.0,2.84,388.0,81.7,5.0,31.2,23.0,7.0,7.0,25.9,20.0,37.0,110.0,42.8,16.0,39.0,898.0,68.0,51.0,35.0,39.0,10.0,14.0,92.0,8.0,26.0,1.0,25.0,25.51,1.0,0.0,3.0,,,1.0,1.0,8.0,,,,,,
861197,Leeds United,Lukas Nmecha,FW / Striker / ST,690,6.46,6.7,6.0,5.7,6.61,3.33,20.0,12.0,1.0,0.8,86.0,65.2,3.0,75.0,3.0,1.0,,,1.0,20.0,38.0,37.6,20.0,38.5,264.0,34.0,13.0,12.0,6.0,3.0,14.0,18.0,4.0,2.0,0.0,16.0,14.51,0.0,0.0,1.0,2.0,,,5.0,8.0,,,,,,
915797,Leeds United,Noah Okafor,FW / Attacking Midfielder / AM / Left Winger / LW / Striker / ST,1279,6.78,17.4,4.0,4.21,4.65,4.21,26.0,9.0,0.0,0.97,189.0,75.6,19.0,79.2,14.0,2.0,6.0,18.8,33.0,44.0,78.0,42.6,12.0,41.4,556.0,61.0,20.0,13.0,20.0,10.0,16.0,46.0,7.0,11.0,0.0,24.0,22.39,3.0,0.0,,,,,1.0,11.0,,,,,,
717176,Leeds United,Daniel James,FW / Left Midfielder / LM / Right Winger / RW / Attacking Midfielder / AM,374,6.33,16.2,0.0,0.7,0.47,0.7,10.0,2.0,0.0,0.58,46.0,61.3,1.0,25.0,7.0,1.0,4.0,14.8,3.0,30.0,15.0,48.4,2.0,50.0,160.0,18.0,2.0,6.0,4.0,1.0,1.0,13.0,3.0,4.0,0.0,13.0,10.45,0.0,0.0,,,,,,2.0,,,,,,
820024,Leeds United,Sean Longstaff,MF / Defensive Midfielder / DM / Central Midfielder / CM / Attacking Midfielder / AM,941,7.04,18.2,1.0,0.85,0.7,0.85,13.0,2.0,2.0,1.33,352.0,85.6,13.0,44.8,21.0,6.0,23.0,48.9,,,62.0,53.4,8.0,44.4,606.0,12.0,10.0,17.0,37.0,10.0,10.0,38.0,5.0,20.0,1.0,18.0,13.56,2.0,0.0,5.0,,,,,10.0,,,,,,
950474,Everton,James Garner,MF / Right Back / RB / Left Back / LB / Defensive Midfielder / DM / Central Midfielder / CM / Right Winger / RW,2339,7.45,28.2,2.0,1.73,0.9,1.73,39.0,10.0,3.0,4.03,1069.0,88.2,45.0,51.7,34.0,9.0,32.0,23.9,16.0,55.2,142.0,62.8,19.0,65.5,1806.0,20.0,11.0,27.0,80.0,39.0,24.0,133.0,10.0,27.0,9.0,30.0,38.27,6.0,0.0,8.0,,,,,62.0,,,,,,
965764,Everton,Iliman Ndiaye,FW / Right Winger / RW / Attacking Midfielder / AM / Left Winger / LW / Striker / ST,1710,7.27,42.4,5.0,4.47,6.3,2.89,26.0,14.0,2.0,3.66,475.0,82.5,3.0,23.1,20.0,5.0,7.0,19.4,37.0,45.7,117.0,44.8,7.0,26.9,984.0,69.0,42.0,26.0,47.0,9.0,20.0,119.0,15.0,19.0,4.0,24.0,25.06,2.0,0.0,1.0,2.0,,,1.0,10.0,,,,,,
886016,Everton,Kiernan Dewsbury-Hall,FW / MF / Defensive Midfielder / DM / Central Midfielder / CM / Right Winger / RW / Attacking Midfielder / AM / Left Winger / LW,1567,7.16,29.6,5.0,2.35,2.83,2.35,22.0,7.0,2.0,3.3,515.0,84.2,18.0,47.4,23.0,6.0,14.0,18.2,15.0,57.7,89.0,53.3,13.0,44.8,956.0,51.0,28.0,32.0,30.0,8.0,21.0,66.0,12.0,6.0,4.0,20.0,22.4,5.0,0.0,,,,1.0,1.0,22.0,,,,,,
1424875,Everton (on loan),Tyrique George,FW / Right Winger / RW / Left Winger / LW / Striker / ST,226,5.91,26.7,0.0,0.4,1.08,0.4,4.0,2.0,0.0,0.11,48.0,78.7,,,,,1.0,100.0,2.0,33.3,6.0,22.2,1.0,50.0,97.0,8.0,7.0,1.0,2.0,1.0,8.0,7.0,3.0,1.0,0.0,3.0,2.34,2.0,0.0,,,,,1.0,,,,,,,
1398392,Everton,Thierno Barry,FW / Defensive Midfielder / DM / Striker / ST,1504,6.46,28.8,5.0,5.23,3.16,5.23,31.0,9.0,0.0,0.37,158.0,60.1,1.0,33.3,9.0,2.0,1.0,50.0,8.0,34.8,111.0,38.0,95.0,45.5,502.0,70.0,15.0,6.0,2.0,4.0,31.0,23.0,8.0,10.0,0.0,20.0,24.06,2.0,0.0,2.0,,,,11.0,18.0,,,,,,
1079485,Everton,Beto,FW / Striker / ST,888,6.2,21.5,3.0,5.16,4.34,5.16,24.0,8.0,0.0,0.15,74.0,60.7,,,3.0,1.0,,,4.0,16.7,83.0,39.5,62.0,47.7,328.0,58.0,18.0,7.0,10.0,1.0,23.0,17.0,7.0,2.0,0.0,13.0,15.97,2.0,0.0,1.0,,,,12.0,23.0,,,,,,
1559637,Everton,Harrison Armstrong,MF / Defensive Midfielder / DM / Central Midfielder / CM / Right Winger / RW / Attacking Midfielder / AM,417,6.63,2.8,0.0,0.7,0.72,0.7,4.0,1.0,0.0,0.16,117.0,80.1,5.0,62.5,3.0,,,,1.0,16.7,30.0,52.6,5.0,41.7,220.0,9.0,7.0,14.0,10.0,4.0,6.0,19.0,4.0,3.0,1.0,6.0,7.55,0.0,0.0,1.0,,,,2.0,8.0,,,,,,
1526689,AFC Bournemouth (on loan),Alex Jimenez,DF / Right Back / RB / Right Wing-Back / RWB / Left Wing-Back / LWB / Right Midfielder / RM / Central Midfielder / CM / Right Winger / RW,1593,6.91,22.7,1.0,0.96,1.14,0.96,14.0,4.0,0.0,0.72,440.0,80.1,26.0,48.1,7.0,1.0,6.0,18.8,28.0,53.8,99.0,51.0,11.0,39.3,949.0,33.0,14.0,13.0,47.0,16.0,22.0,85.0,7.0,18.0,1.0,32.0,28.91,8.0,0.0,8.0,,,,,27.0,,,,,,
1233655,AFC Bournemouth,Alex Scott,MF / Defensive Midfielder / DM / Central Midfielder / CM / Attacking Midfielder / AM,1875,7.01,29.2,2.0,2.43,1.55,2.43,29.0,7.0,1.0,1.25,714.0,83.6,26.0,33.8,14.0,2.0,6.0,12.5,17.0,51.5,117.0,56.0,23.0,56.1,1239.0,32.0,15.0,42.0,36.0,28.0,27.0,119.0,9.0,17.0,2.0,33.0,30.7,2.0,0.0,7.0,,,1.0,3.0,56.0,,,,,,
1449690,AFC Bournemouth,Alex Toth,MF / Defensive Midfielder / DM / Central Midfielder / CM / Left Midfielder / LM / Right Winger / RW / Attacking Midfielder / AM / Left Winger / LW,90,6.85,7.2,0.0,0.06,,0.06,1.0,,0.0,0.08,19.0,82.6,,,2.0,,,,,,2.0,33.3,,,37.0,3.0,0.0,1.0,1.0,1.0,,5.0,1.0,2.0,0.0,1.0,2.34,0.0,0.0,,,,,,1.0,,,,,,
1478295,AFC Bournemouth,Rayan,FW / Right Midfielder / RM / Right Winger / RW / Striker / ST / Left Winger / LW,90,9.0,20.2,2.0,,,,3.0,3.0,0.0,,12.0,66.7,1.0,100.0,,,,,1.0,50.0,8.0,72.7,3.0,60.0,30.0,7.0,0.0,4.0,,,1.0,,,,0.0,2.0,,0.0,0.0,,,,,,1.0,,,,,,
439369,AFC Bournemouth,Ryan Christie,FW / MF / Defensive Midfielder / DM / Right Midfielder / RM / Right Winger / RW / Left Winger / LW,456,6.47,10.9,1.0,1.39,1.94,1.39,14.0,5.0,0.0,0.4,210.0,78.9,11.0,47.8,7.0,1.0,3.0,23.1,11.0,47.8,35.0,45.5,4.0,44.4,387.0,18.0,8.0,10.0,10.0,4.0,13.0,26.0,8.0,4.0,0.0,10.0,9.76,1.0,0.0,1.0,,,,,9.0,,,,,,
1079557,AFC Bournemouth,Amine Adli,FW / Right Winger / RW / Attacking Midfielder / AM / Left Winger / LW / Striker / ST,840,6.77,24.6,3.0,2.49,3.17,2.49,17.0,8.0,1.0,1.44,239.0,76.4,2.0,22.2,13.0,1.0,1.0,3.0,6.0,37.5,78.0,53.1,22.0,51.2,525.0,34.0,8.0,20.0,30.0,5.0,26.0,44.0,4.0,6.0,0.0,14.0,12.95,2.0,0.0,2.0,,1.0,,4.0,16.0,,,,,,
1098096,AFC Bournemouth,Evanilson,FW / Attacking Midfielder / AM / Striker / ST,1826,6.74,29.0,5.0,7.23,6.29,7.23,50.0,18.0,0.0,0.92,234.0,76.7,2.0,40.0,23.0,2.0,,,9.0,42.9,73.0,37.2,34.0,35.1,546.0,95.0,28.0,23.0,7.0,3.0,16.0,48.0,8.0,7.0,1.0,33.0,24.69,1.0,0.0,2.0,,1.0,,17.0,19.0,,,,,,
1460534,AFC Bournemouth,Eli Junior Kroupi,FW / Left Midfielder / LM / Attacking Midfielder / AM / Left Winger / LW / Striker / ST,881,6.85,19.5,8.0,4.43,5.54,4.43,25.0,14.0,0.0,0.59,167.0,70.8,6.0,54.5,10.0,1.0,1.0,16.7,7.0,38.9,24.0,32.0,4.0,23.5,398.0,43.0,11.0,7.0,6.0,5.0,11.0,33.0,9.0,5.0,0.0,17.0,13.5,3.0,0.0,,,,,2.0,20.0,,,,,,
464486,AFC Bournemouth,Enes Ünal,FW / Striker / ST,32,6.05,9.8,,,,,,,,,,,,,,,,,,,,,,,,,,,,,,,,,,,,,,,,,,,,,,,,,
674014,AFC Bournemouth,David Brooks,FW / Defensive Midfielder / DM / Right Midfielder / RM / Left Midfielder / LM / Right Winger / RW / Attacking Midfielder / AM / Left Winger / LW / Striker / ST,956,6.78,14.3,1.0,4.41,2.75,4.41,39.0,12.0,2.0,2.7,266.0,76.9,9.0,47.4,20.0,6.0,10.0,21.7,15.0,46.9,46.0,43.4,4.0,30.8,571.0,65.0,5.0,12.0,15.0,3.0,11.0,44.0,6.0,18.0,0.0,17.0,14.18,7.0,0.0,,,,,7.0,12.0,,,,,,
894803,Tottenham Hotspur,Djed Spence,DF / Right Back / RB / Left Back / LB / Right Wing-Back / RWB / Left Wing-Back / LWB / Left Midfielder / LM / Left Winger / LW,1601,6.72,43.1,0.0,0.82,0.69,0.82,9.0,6.0,0.0,1.39,600.0,82.0,30.0,42.9,8.0,4.0,9.0,22.5,24.0,42.9,86.0,47.5,19.0,52.8,1190.0,26.0,19.0,14.0,29.0,11.0,18.0,91.0,7.0,10.0,6.0,23.0,26.69,4.0,0.0,3.0,,,,1.0,42.0,,,,,,
966027,Tottenham Hotspur,Conor Gallagher,FW / MF / Defensive Midfielder / DM / Central Midfielder / CM / Left Midfielder / LM,415,7.0,43.6,0.0,0.56,0.53,0.56,5.0,2.0,1.0,0.45,158.0,81.9,7.0,77.8,7.0,,4.0,36.4,5.0,71.4,26.0,48.1,2.0,22.2,277.0,15.0,5.0,12.0,7.0,8.0,9.0,25.0,2.0,7.0,0.0,9.0,9.89,0.0,0.0,1.0,,,,1.0,3.0,,,,,,
724306,Tottenham Hotspur,Yves Bissouma,FW / MF / Defensive Midfielder / DM / Central Midfielder / CM / Right Winger / RW / Attacking Midfielder / AM,250,6.49,18.5,0.0,0.28,0.14,0.28,4.0,2.0,0.0,0.07,132.0,91.0,1.0,50.0,,,,,2.0,100.0,17.0,68.0,2.0,40.0,187.0,2.0,1.0,3.0,10.0,5.0,3.0,10.0,,1.0,0.0,7.0,6.2,1.0,0.0,2.0,,,,,6.0,,,,,,
1107280,Tottenham Hotspur,Pape Sarr,FW / MF / Defensive Midfielder / DM / Right Midfielder / RM / Central Midfielder / CM / Attacking Midfielder / AM / Left Winger / LW,930,6.78,44.5,2.0,1.09,1.96,1.09,8.0,5.0,3.0,0.94,367.0,85.7,12.0,66.7,6.0,2.0,1.0,14.3,6.0,42.9,52.0,41.6,19.0,43.2,597.0,18.0,11.0,7.0,20.0,8.0,23.0,51.0,4.0,7.0,3.0,11.0,18.3,1.0,0.0,6.0,,,,4.0,35.0,,,,,,
1341387,Tottenham Hotspur,Wilson Odobert,FW / Right Winger / RW / Attacking Midfielder / AM / Left Winger / LW,981,6.56,27.7,0.0,1.9,1.46,1.9,22.0,8.0,2.0,1.22,276.0,84.9,6.0,66.7,20.0,2.0,8.0,28.6,24.0,58.5,49.0,47.1,5.0,29.4,539.0,41.0,21.0,10.0,10.0,1.0,2.0,54.0,7.0,3.0,0.0,13.0,14.4,0.0,0.0,,,,,3.0,13.0,,,,,,
591734,Tottenham Hotspur,Dominic Solanke,FW / Striker / ST,411,6.25,43.5,2.0,1.21,1.36,1.21,9.0,4.0,0.0,0.16,40.0,78.4,2.0,40.0,3.0,,,,5.0,45.5,25.0,41.0,7.0,30.4,140.0,28.0,8.0,3.0,10.0,1.0,6.0,7.0,,,0.0,8.0,8.39,1.0,0.0,,,,,2.0,9.0,,,,,,
1173787,Tottenham Hotspur,Xavi Simons,FW / MF / Central Midfielder / CM / Left Midfielder / LM / Right Winger / RW / Attacking Midfielder / AM / Left Winger / LW / Striker / ST,1378,7.01,79.9,1.0,2.06,1.78,2.06,31.0,7.0,4.0,3.25,530.0,82.4,28.0,63.6,26.0,6.0,12.0,28.6,22.0,43.1,96.0,50.0,11.0,36.7,994.0,39.0,20.0,34.0,29.0,13.0,15.0,74.0,18.0,16.0,1.0,25.0,24.32,4.0,1.0,1.0,,,,2.0,7.0,,,,,,
1288111,Tottenham Hotspur,Mathys Tel,FW / Left Winger / LW / Right Winger / RW / Striker / ST,626,6.63,49.7,3.0,1.63,2.18,1.63,21.0,5.0,0.0,0.61,122.0,76.2,10.0,62.5,9.0,,8.0,23.5,16.0,55.2,47.0,42.7,8.0,23.5,328.0,36.0,13.0,12.0,11.0,,8.0,40.0,6.0,4.0,0.0,12.0,9.54,0.0,0.0,,,,,2.0,5.0,,,,,,
823825,Tottenham Hotspur (on loan),Randal Kolo Muani,FW / Right Winger / RW / Attacking Midfielder / AM / Left Winger / LW / Striker / ST,1029,6.27,36.3,0.0,1.33,0.98,1.33,11.0,2.0,0.0,1.24,131.0,71.2,2.0,40.0,13.0,,4.0,57.1,15.0,35.7,61.0,35.7,17.0,34.7,381.0,44.0,21.0,10.0,19.0,2.0,20.0,39.0,8.0,10.0,0.0,19.0,16.24,2.0,0.0,,,,,4.0,10.0,,,,,,
860975,Newcastle United,Joseph Willock,FW / MF / Central Midfielder / CM / Right Winger / RW / Attacking Midfielder / AM / Left Winger / LW,452,6.43,15.9,0.0,0.71,0.01,0.71,6.0,1.0,0.0,0.36,140.0,83.8,5.0,71.4,5.0,1.0,1.0,12.5,4.0,40.0,27.0,42.9,2.0,22.2,273.0,25.0,9.0,6.0,15.0,3.0,8.0,27.0,5.0,6.0,0.0,9.0,8.46,1.0,0.0,1.0,,,,,2.0,,,,,,
850354,Newcastle United,Bruno Guimaraes,FW / MF / Defensive Midfielder / DM / Central Midfielder / CM / Attacking Midfielder / AM,2020,7.63,80.1,9.0,4.82,7.26,3.25,32.0,17.0,4.0,3.65,1018.0,86.5,66.0,60.6,38.0,5.0,17.0,27.4,13.0,37.1,126.0,49.6,11.0,34.4,1633.0,45.0,33.0,52.0,50.0,12.0,33.0,108.0,16.0,22.0,6.0,31.0,26.1,5.0,0.0,1.0,2.0,2.0,,5.0,29.0,,,,,,
1021929,Newcastle United,Jacob Ramsey,FW / MF / Defensive Midfielder / DM / Central Midfielder / CM / Attacking Midfielder / AM / Left Winger / LW,716,6.68,44.3,1.0,0.79,0.9,0.79,9.0,2.0,0.0,0.67,324.0,90.8,4.0,66.7,9.0,,3.0,60.0,9.0,50.0,41.0,56.2,6.0,46.2,468.0,31.0,4.0,10.0,16.0,5.0,9.0,49.0,10.0,6.0,0.0,17.0,13.26,3.0,0.0,2.0,,,1.0,1.0,4.0,,,,,,
1050166,Newcastle United,Anthony Elanga,FW / Left Midfielder / LM / Right Winger / RW / Left Winger / LW / Striker / ST,924,6.34,48.9,0.0,1.25,0.7,1.25,11.0,3.0,1.0,1.35,251.0,81.0,4.0,57.1,13.0,2.0,11.0,16.2,8.0,25.8,40.0,37.7,7.0,31.8,539.0,41.0,15.0,15.0,10.0,2.0,5.0,21.0,2.0,8.0,0.0,20.0,13.18,0.0,0.0,,,,,,4.0,,,,,,
906937,Newcastle United,Anthony Gordon,FW / Left Midfielder / LM / Attacking Midfielder / AM / Left Winger / LW / Striker / ST,1316,6.94,48.4,3.0,5.59,3.68,4.01,34.0,11.0,2.0,3.12,334.0,81.7,14.0,66.7,21.0,5.0,15.0,22.4,27.0,47.4,74.0,47.1,6.0,31.6,735.0,63.0,17.0,27.0,14.0,2.0,12.0,41.0,8.0,12.0,1.0,21.0,16.12,3.0,1.0,,2.0,,,4.0,9.0,,,,,,
760359,Newcastle United,Harvey Barnes,FW / Attacking Midfielder / AM / Left Winger / LW / Right Winger / RW,1384,6.68,44.2,5.0,5.72,4.85,5.72,43.0,16.0,0.0,2.03,314.0,80.3,6.0,46.2,15.0,3.0,13.0,22.0,11.0,32.4,42.0,38.2,4.0,40.0,661.0,96.0,20.0,17.0,10.0,2.0,12.0,50.0,7.0,10.0,2.0,21.0,18.4,0.0,0.0,,,,,3.0,13.0,,,,,,
521148,Newcastle United,Jacob Murphy,FW / Right Wing-Back / RWB / Right Midfielder / RM / Right Winger / RW / Attacking Midfielder / AM / Striker / ST,1091,6.68,14.2,2.0,2.85,1.4,2.85,34.0,10.0,1.0,2.42,246.0,73.7,14.0,58.3,18.0,9.0,20.0,21.7,15.0,53.6,36.0,42.4,5.0,38.5,607.0,41.0,10.0,7.0,9.0,2.0,3.0,28.0,4.0,16.0,1.0,12.0,13.62,1.0,0.0,1.0,,,1.0,,10.0,,,,,,
867414,Newcastle United,Sandro Tonali,MF / Defensive Midfielder / DM / Central Midfielder / CM / Attacking Midfielder / AM,1779,7.0,59.0,0.0,1.49,1.47,1.49,25.0,6.0,1.0,1.62,922.0,85.3,53.0,53.0,18.0,3.0,13.0,19.1,17.0,65.4,83.0,55.3,10.0,52.6,1429.0,18.0,14.0,32.0,26.0,23.0,17.0,110.0,8.0,18.0,5.0,25.0,22.18,3.0,0.0,6.0,,,,,25.0,,,,,,
1106563,Newcastle United,Nick Woltemade,FW / Attacking Midfielder / AM / Left Winger / LW / Right Winger / RW / Striker / ST,1426,6.67,80.9,7.0,6.26,6.98,5.47,30.0,12.0,2.0,0.78,182.0,74.6,4.0,50.0,11.0,2.0,,,9.0,37.5,73.0,38.8,32.0,40.0,477.0,73.0,31.0,16.0,16.0,3.0,16.0,33.0,6.0,7.0,1.0,21.0,17.87,0.0,0.0,2.0,1.0,,,12.0,18.0,,,,,,
1258092,Newcastle United,William Osula,FW / Striker / ST,252,6.15,19.8,1.0,0.65,1.03,0.65,7.0,3.0,0.0,0.04,25.0,80.6,,,1.0,,,,4.0,50.0,11.0,26.2,5.0,29.4,78.0,11.0,3.0,1.0,1.0,,13.0,8.0,2.0,1.0,1.0,6.0,4.09,0.0,0.0,1.0,,,,1.0,,,,,,,
760320,West Ham United,Aaron Wan-Bissaka,DF / Right Back / RB / Left Back / LB / Right Wing-Back / RWB / Left Wing-Back / LWB / Right Midfielder / RM / Right Winger / RW,1463,6.96,25.3,0.0,,,,0.0,,2.0,0.74,403.0,77.6,17.0,35.4,15.0,1.0,15.0,50.0,13.0,44.8,65.0,50.8,17.0,54.8,965.0,12.0,11.0,12.0,23.0,29.0,17.0,45.0,1.0,7.0,1.0,31.0,26.49,2.0,0.0,5.0,,,,,74.0,,,,,,
1451265,West Ham United,Malick Diouf,DF / Left Back / LB / Left Wing-Back / LWB / Right Midfielder / RM / Left Midfielder / LM / Left Winger / LW,1872,6.73,32.6,0.0,0.39,0.01,0.39,12.0,2.0,4.0,1.0,433.0,74.9,34.0,33.7,11.0,2.0,11.0,18.3,12.0,46.2,73.0,48.0,22.0,46.8,1039.0,14.0,13.0,14.0,25.0,20.0,18.0,62.0,1.0,10.0,1.0,32.0,28.03,4.0,0.0,6.0,,,1.0,1.0,83.0,,,,,,
1356312,West Ham United,Mateus Fernandes,MF / Defensive Midfielder / DM / Right Midfielder / RM / Central Midfielder / CM / Attacking Midfielder / AM / Left Winger / LW / Striker / ST,1959,7.27,22.6,3.0,1.15,0.98,1.15,18.0,4.0,3.0,1.9,847.0,88.3,60.0,63.2,26.0,2.0,10.0,27.0,19.0,61.3,130.0,56.0,13.0,54.2,1342.0,12.0,25.0,31.0,67.0,25.0,29.0,123.0,13.0,25.0,1.0,34.0,31.96,4.0,0.0,10.0,,,,1.0,28.0,,,,,,
1206287,West Ham United,Freddie Potts,MF / Defensive Midfielder / DM / Central Midfielder / CM / Attacking Midfielder / AM,1106,6.69,7.2,0.0,0.21,0.46,0.21,3.0,1.0,1.0,1.06,413.0,82.8,24.0,45.3,7.0,2.0,6.0,17.6,2.0,25.0,63.0,60.0,20.0,62.5,687.0,8.0,5.0,14.0,27.0,15.0,13.0,37.0,,7.0,0.0,23.0,20.19,1.0,0.0,3.0,,,,,29.0,,,,,,
523825,West Ham United,Jarrod Bowen,FW / Right Midfielder / RM / Right Winger / RW / Attacking Midfielder / AM / Striker / ST,2330,7.07,43.4,8.0,5.81,6.36,5.02,61.0,23.0,3.0,2.47,407.0,75.7,10.0,34.5,18.0,5.0,10.0,12.3,40.0,47.6,134.0,45.1,24.0,39.3,1088.0,122.0,56.0,39.0,31.0,17.0,13.0,105.0,15.0,15.0,2.0,47.0,42.05,4.0,0.0,3.0,1.0,,,6.0,22.0,,,,,,
524437,West Ham United,Tomás Soucek,FW / MF / Defensive Midfielder / DM / Central Midfielder / CM / Left Midfielder / LM / Right Winger / RW / Attacking Midfielder / AM,1172,6.76,14.0,3.0,3.15,3.54,3.15,14.0,9.0,0.0,0.37,370.0,75.5,13.0,33.3,7.0,1.0,,,1.0,25.0,74.0,50.3,41.0,56.2,680.0,32.0,5.0,11.0,21.0,11.0,24.0,39.0,3.0,11.0,2.0,26.0,23.61,1.0,1.0,7.0,,,,4.0,51.0,,,,,,
941213,West Ham United,Crysencio Summerville,FW / Left Midfielder / LM / Right Winger / RW / Attacking Midfielder / AM / Left Winger / LW / Striker / ST,1595,6.95,25.8,4.0,3.49,3.45,3.49,34.0,12.0,1.0,1.25,338.0,83.7,7.0,70.0,16.0,1.0,8.0,26.7,28.0,45.2,97.0,48.5,3.0,27.3,760.0,74.0,22.0,41.0,25.0,11.0,32.0,72.0,9.0,9.0,1.0,29.0,24.92,3.0,0.0,3.0,,1.0,,1.0,22.0,,,,,,
823658,West Ham United,Valentin Castellanos,FW / Striker / ST,478,6.7,25.0,1.0,1.87,1.44,1.87,15.0,6.0,0.0,0.21,56.0,64.4,,,4.0,,,,,,15.0,29.4,8.0,33.3,156.0,24.0,3.0,4.0,3.0,1.0,12.0,12.0,2.0,,0.0,6.0,6.67,2.0,0.0,1.0,,,,4.0,8.0,,,,,,
184321,West Ham United,Callum Wilson,FW / Attacking Midfielder / AM / Striker / ST,923,6.48,6.3,5.0,4.93,5.23,4.93,27.0,11.0,1.0,0.17,70.0,61.9,1.0,33.3,5.0,,1.0,33.3,11.0,57.9,41.0,36.3,15.0,28.3,271.0,56.0,11.0,12.0,3.0,3.0,10.0,22.0,7.0,5.0,0.0,18.0,17.68,0.0,0.0,2.0,,,,7.0,2.0,,,,,,
1315319,West Ham United U21,Ollie Scarles,DF / Right Back / RB / Left Back / LB / Left Wing-Back / LWB / Right Midfielder / RM / Left Midfielder / LM / Left Winger / LW,668,6.72,13.4,0.0,0.18,,0.18,3.0,,0.0,0.31,218.0,80.7,18.0,42.9,4.0,3.0,3.0,8.8,2.0,22.2,45.0,61.6,7.0,50.0,493.0,7.0,0.0,7.0,29.0,13.0,6.0,35.0,2.0,9.0,0.0,16.0,13.22,1.0,0.0,1.0,,1.0,,1.0,29.0,,,,,,
493647,West Ham United,Adama Traoré,FW / Right Midfielder / RM / Right Winger / RW / Attacking Midfielder / AM / Left Winger / LW,276,6.17,5.5,0.0,0.35,0.18,0.35,6.0,1.0,0.0,0.56,65.0,79.3,1.0,33.3,3.0,1.0,3.0,18.8,8.0,57.1,18.0,40.0,1.0,9.1,156.0,17.0,7.0,8.0,1.0,,6.0,12.0,1.0,1.0,0.0,9.0,5.88,1.0,0.0,,,,,1.0,1.0,,,,,,
1292810,Manchester United,Kobbie Mainoo,MF / Defensive Midfielder / DM / Attacking Midfielder / AM,686,6.78,61.4,0.0,0.17,0.01,0.17,6.0,1.0,2.0,0.58,395.0,89.6,11.0,61.1,13.0,,3.0,42.9,9.0,52.9,44.0,48.4,9.0,37.5,580.0,13.0,14.0,10.0,16.0,4.0,6.0,36.0,8.0,5.0,2.0,12.0,9.44,0.0,0.0,3.0,,,,,13.0,,,,,,
1070052,Manchester United,Amad,FW / MF / Right Wing-Back / RWB / Right Midfielder / RM / Right Winger / RW / Attacking Midfielder / AM,1653,7.48,48.5,2.0,4.05,2.56,4.05,35.0,12.0,2.0,3.22,585.0,88.1,20.0,69.0,32.0,5.0,10.0,25.6,31.0,50.8,101.0,52.9,9.0,39.1,1058.0,101.0,17.0,31.0,30.0,12.0,14.0,79.0,8.0,15.0,3.0,23.0,20.77,2.0,0.0,1.0,,1.0,,2.0,24.0,,,,,,
422685,Manchester United,Bruno Fernandes,FW / MF / Defensive Midfielder / DM / Central Midfielder / CM / Attacking Midfielder / AM / Right Winger / RW,1988,7.98,41.5,6.0,8.15,6.56,4.99,58.0,15.0,12.0,6.68,1085.0,83.3,93.0,58.5,78.0,18.0,33.0,31.4,11.0,44.0,93.0,48.9,15.0,38.5,1746.0,53.0,18.0,30.0,38.0,12.0,16.0,119.0,10.0,25.0,3.0,33.0,28.1,2.0,0.0,5.0,2.0,,,2.0,36.0,,,,,,
923312,Manchester United,Bryan Mbeumo,FW / Right Wing-Back / RWB / Right Winger / RW / Attacking Midfielder / AM / Striker / ST,1812,7.3,63.3,9.0,7.33,7.89,7.33,53.0,29.0,2.0,3.83,474.0,79.0,13.0,56.5,32.0,3.0,27.0,35.5,13.0,31.0,60.0,31.2,9.0,13.8,982.0,101.0,22.0,22.0,16.0,5.0,15.0,68.0,16.0,10.0,0.0,29.0,25.49,3.0,0.0,1.0,,1.0,,6.0,6.0,,,,,,
863098,Manchester United,Matheus Cunha,FW / Right Winger / RW / Attacking Midfielder / AM / Left Winger / LW / Striker / ST,1637,7.17,61.3,6.0,5.26,4.39,5.26,62.0,24.0,2.0,2.25,473.0,81.6,16.0,55.2,23.0,3.0,6.0,20.0,31.0,51.7,108.0,45.0,15.0,31.2,1010.0,87.0,42.0,37.0,26.0,12.0,12.0,81.0,16.0,16.0,1.0,23.0,21.94,1.0,0.0,1.0,,,,6.0,13.0,,,,,,
1073977,Manchester United,Benjamin Sesko,FW / Striker / ST,1101,6.72,74.7,6.0,5.85,6.51,5.85,44.0,23.0,1.0,0.21,144.0,66.7,4.0,80.0,8.0,,,,6.0,26.1,60.0,39.0,45.0,51.1,404.0,68.0,23.0,4.0,5.0,3.0,13.0,24.0,3.0,1.0,1.0,22.0,17.48,1.0,0.0,2.0,,,,18.0,12.0,,,,,,
950830,Manchester United,Joshua Zirkzee,FW / Right Winger / RW / Attacking Midfielder / AM / Striker / ST / Left Winger / LW,492,6.64,32.3,2.0,2.04,1.45,2.04,18.0,6.0,1.0,0.3,145.0,75.5,,,8.0,2.0,1.0,25.0,3.0,50.0,32.0,41.0,17.0,41.5,309.0,35.0,10.0,4.0,8.0,1.0,8.0,15.0,2.0,1.0,0.0,7.0,6.99,1.0,0.0,2.0,,,,7.0,8.0,,,,,,
787350,Aston Villa (on loan),Douglas Luiz,MF / Defensive Midfielder / DM / Central Midfielder / CM / Attacking Midfielder / AM,569,6.98,28.9,0.0,0.22,0.39,0.22,8.0,2.0,0.0,1.05,354.0,88.9,15.0,50.0,13.0,2.0,7.0,25.0,4.0,44.4,35.0,62.5,5.0,55.6,527.0,12.0,2.0,10.0,16.0,11.0,8.0,36.0,3.0,3.0,0.0,9.0,6.94,2.0,0.0,2.0,,,1.0,1.0,4.0,,,,,,
846381,Aston Villa (on loan),Jadon Sancho,FW / Right Midfielder / RM / Right Winger / RW / Left Winger / LW,581,6.56,18.6,0.0,0.52,0.52,0.52,9.0,3.0,1.0,1.23,200.0,85.1,1.0,50.0,13.0,2.0,1.0,7.7,10.0,50.0,18.0,40.0,3.0,50.0,338.0,38.0,6.0,1.0,4.0,2.0,3.0,14.0,,5.0,0.0,4.0,8.22,0.0,0.0,,,,,,9.0,,,,,,
610184,Aston Villa,Emiliano Buendia,FW / Central Midfielder / CM / Left Midfielder / LM / Attacking Midfielder / AM / Left Winger / LW,1151,6.82,15.1,5.0,2.57,3.47,2.57,35.0,9.0,2.0,1.5,361.0,80.4,14.0,48.3,22.0,1.0,,,7.0,30.4,80.0,41.9,16.0,34.0,703.0,58.0,25.0,24.0,33.0,5.0,26.0,77.0,10.0,15.0,0.0,11.0,17.73,3.0,0.0,3.0,,,,3.0,15.0,,,,,,
883080,Aston Villa,Morgan Rogers,FW / MF / Right Midfielder / RM / Left Midfielder / LM / Right Winger / RW / Attacking Midfielder / AM / Left Winger / LW / Striker / ST,2322,7.08,59.7,8.0,4.9,6.4,4.9,57.0,24.0,5.0,2.89,545.0,75.3,25.0,55.6,33.0,10.0,1.0,2.9,29.0,33.0,111.0,34.9,19.0,31.7,1252.0,131.0,60.0,34.0,29.0,11.0,33.0,92.0,16.0,15.0,7.0,27.0,35.73,5.0,0.0,1.0,,,1.0,3.0,24.0,,,,,,
540088,Aston Villa,Ollie Watkins,FW / Striker / ST,1911,6.86,61.1,8.0,9.15,8.8,9.15,51.0,22.0,1.0,1.06,234.0,70.9,3.0,50.0,13.0,1.0,1.0,20.0,19.0,45.2,83.0,40.9,29.0,38.2,613.0,121.0,29.0,20.0,15.0,4.0,21.0,36.0,12.0,2.0,3.0,23.0,29.83,1.0,0.0,,,,,10.0,10.0,,,,,,
215384,Aston Villa,Ross Barkley,MF / Attacking Midfielder / AM,31,6.47,2.5,,,,,,,,,,,,,,,,,,,,,,,,,,,,,,,,,,,,,,,,,,,,,,,,,
671331,Aston Villa,Leon Bailey,FW / Defensive Midfielder / DM / Right Midfielder / RM / Right Winger / RW / Attacking Midfielder / AM / Left Winger / LW / Striker / ST,90,6.47,16.2,,,,,,,,,,,,,,,,,,,,,,,,,,,,,,,,,,,,,,,,,,,,,,,,,
1656860,Aston Villa,Alysson Edward,FW / Defensive Midfielder / DM / Right Midfielder / RM / Right Winger / RW / Attacking Midfielder / AM / Left Winger / LW / Striker / ST,90,6.25,7.5,,,,,,,,,,,,,,,,,,,,,,,,,,,,,,,,,,,,,,,,,,,,,,,,,
749661,Aston Villa,Tammy Abraham,FW / Striker / ST,111,6.15,14.8,0.0,0.64,0.24,0.64,3.0,1.0,0.0,0.08,10.0,55.6,,,1.0,,,,,,4.0,50.0,3.0,42.9,29.0,11.0,0.0,,1.0,,,2.0,1.0,,0.0,1.0,0.84,0.0,0.0,,,,,,1.0,,,,,,
774448,Brighton & Hove Albion,Ferdi Kadioglu,DF / Right Back / RB / Left Back / LB / Left Wing-Back / LWB / Right Wing-Back / RWB / Right Winger / RW / Left Winger / LW,2056,6.92,27.3,0.0,1.35,1.29,1.35,16.0,8.0,0.0,2.25,764.0,86.4,31.0,48.4,15.0,,20.0,24.1,10.0,71.4,96.0,54.5,19.0,44.2,1337.0,31.0,14.0,24.0,44.0,14.0,13.0,94.0,6.0,28.0,5.0,29.0,31.71,4.0,0.0,7.0,,,,1.0,47.0,,,,,,
167008,Brighton & Hove Albion,Pascal Gross,FW / MF / Defensive Midfielder / DM / Central Midfielder / CM / Right Winger / RW,556,7.12,2.3,1.0,0.61,1.55,0.61,7.0,2.0,0.0,1.23,297.0,85.1,10.0,45.5,13.0,2.0,15.0,31.9,3.0,60.0,23.0,50.0,5.0,33.3,470.0,16.0,2.0,6.0,9.0,6.0,6.0,28.0,5.0,3.0,0.0,5.0,7.29,2.0,0.0,2.0,,,,1.0,10.0,,,,,,
1352713,Brighton & Hove Albion,Carlos Baleba,FW / MF / Center Back / CB / Defensive Midfielder / DM / Central Midfielder / CM / Left Midfielder / LM,1196,6.55,69.9,0.0,0.33,,0.33,12.0,,0.0,0.3,446.0,85.4,21.0,53.8,4.0,,,,9.0,56.2,66.0,48.5,15.0,50.0,726.0,3.0,12.0,15.0,27.0,22.0,25.0,68.0,5.0,11.0,1.0,16.0,16.22,5.0,0.0,2.0,,,1.0,,21.0,,,,,,
1251334,Brighton & Hove Albion,Jack Hinshelwood,DF / FW / Right Back / RB / Left Back / LB / Defensive Midfielder / DM / Central Midfielder / CM / Striker / ST,759,6.52,4.1,1.0,0.83,0.52,0.83,12.0,3.0,1.0,0.48,325.0,86.9,8.0,42.1,4.0,,,,2.0,66.7,21.0,37.5,6.0,40.0,471.0,14.0,4.0,3.0,10.0,3.0,18.0,37.0,2.0,4.0,0.0,14.0,16.67,0.0,0.0,5.0,,,,5.0,18.0,,,,,,
1354561,Brighton & Hove Albion,Diego Gomez,FW / MF / Defensive Midfielder / DM / Right Midfielder / RM / Central Midfielder / CM / Right Winger / RW / Attacking Midfielder / AM / Left Winger / LW,1530,6.8,1.6,3.0,4.51,3.78,4.51,28.0,11.0,0.0,1.2,419.0,79.1,13.0,50.0,17.0,3.0,4.0,28.6,12.0,42.9,109.0,49.3,31.0,57.4,840.0,45.0,22.0,9.0,58.0,10.0,29.0,69.0,10.0,24.0,0.0,22.0,22.78,6.0,0.0,1.0,,,1.0,3.0,21.0,,,,,,
113836,Brighton & Hove Albion,Danny Welbeck,FW / Attacking Midfielder / AM / Striker / ST,1453,6.66,4.7,8.0,8.43,6.4,6.07,34.0,15.0,0.0,0.74,247.0,78.4,3.0,50.0,13.0,1.0,,,7.0,41.2,43.0,35.5,14.0,36.8,492.0,69.0,16.0,6.0,16.0,5.0,21.0,33.0,8.0,9.0,0.0,20.0,21.08,4.0,0.0,,1.0,,,8.0,17.0,,,,,,
862608,Brighton & Hove Albion,Kaoru Mitoma,FW / Left Wing-Back / LWB / Left Midfielder / LM / Left Winger / LW,1189,6.81,32.7,2.0,2.19,2.0,2.19,15.0,6.0,1.0,2.04,306.0,81.0,7.0,70.0,22.0,3.0,7.0,22.6,20.0,40.8,52.0,36.9,10.0,40.0,610.0,56.0,19.0,12.0,10.0,6.0,15.0,42.0,5.0,12.0,0.0,14.0,16.45,2.0,0.0,,,,,2.0,9.0,,,,,,
1561249,Brighton & Hove Albion,Charalampos Kostoulas,MF / Attacking Midfielder / AM / Striker / ST,294,6.25,29.8,2.0,1.72,1.93,1.72,15.0,6.0,1.0,0.24,71.0,73.2,1.0,25.0,6.0,2.0,,,8.0,34.8,41.0,44.1,15.0,44.1,217.0,30.0,10.0,7.0,11.0,1.0,6.0,22.0,5.0,3.0,0.0,7.0,4.64,2.0,0.0,,,,,3.0,4.0,,,,,,
1446616,Brighton & Hove Albion U21,Harry Howell,MF / Right Midfielder / RM / Central Midfielder / CM / Right Winger / RW / Attacking Midfielder / AM,90,5.93,330.0,0.0,,,,0.0,,0.0,0.03,23.0,85.2,2.0,50.0,,,,,2.0,66.7,4.0,36.4,2.0,50.0,43.0,1.0,2.0,,,,,2.0,,2.0,0.0,2.0,1.0,0.0,0.0,,,,,,2.0,,,,,,
1400227,Brighton & Hove Albion,Yankuba Minteh,FW / Right Wing-Back / RWB / Right Midfielder / RM / Left Midfielder / LM / Right Winger / RW / Attacking Midfielder / AM / Left Winger / LW / Striker / ST,1640,7.06,58.7,1.0,2.9,2.5,2.9,33.0,8.0,4.0,2.83,276.0,65.4,10.0,43.5,30.0,6.0,19.0,22.9,49.0,51.6,114.0,48.3,14.0,40.0,881.0,136.0,23.0,17.0,34.0,10.0,18.0,69.0,13.0,14.0,1.0,26.0,25.46,0.0,0.0,,,1.0,,2.0,11.0,,,,,,
955529,Manchester City,Matheus Nunes,DF / Right Back / RB / Right Winger / RW,1912,7.46,45.9,1.0,0.26,0.57,0.26,5.0,1.0,4.0,1.42,1286.0,88.8,38.0,48.7,14.0,4.0,9.0,29.0,17.0,51.5,107.0,59.1,25.0,53.2,1930.0,19.0,10.0,21.0,44.0,25.0,11.0,119.0,5.0,17.0,8.0,19.0,22.45,4.0,0.0,5.0,,1.0,1.0,,72.0,,,,,,
933845,Manchester City,Rayan Ait Nouri,DF / Right Back / RB / Left Back / LB / Left Wing-Back / LWB / Left Midfielder / LM / Left Winger / LW,477,6.96,47.9,0.0,0.31,0.15,0.31,5.0,1.0,0.0,0.71,216.0,88.9,2.0,22.2,4.0,,,,5.0,29.4,34.0,50.7,4.0,50.0,389.0,8.0,6.0,6.0,19.0,9.0,6.0,20.0,1.0,5.0,2.0,4.0,6.41,1.0,0.0,,,,,,13.0,,,,,,
488139,Manchester City,Bernardo Silva,FW / MF / Defensive Midfielder / DM / Central Midfielder / CM / Left Midfielder / LM / Right Winger / RW / Attacking Midfielder / AM / Left Winger / LW,1916,7.05,24.6,1.0,1.12,0.53,1.12,10.0,2.0,4.0,2.73,1159.0,90.0,43.0,63.2,27.0,7.0,11.0,29.7,12.0,37.5,61.0,36.5,2.0,12.5,1575.0,42.0,25.0,18.0,29.0,16.0,30.0,99.0,15.0,18.0,3.0,20.0,24.56,7.0,0.0,5.0,,,,1.0,22.0,,,,,,
675088,Manchester City,Rodri,FW / MF / Defensive Midfielder / DM / Central Midfielder / CM,977,7.3,96.0,0.0,0.27,0.02,0.27,6.0,1.0,0.0,1.32,818.0,89.8,53.0,72.6,15.0,1.0,1.0,50.0,4.0,57.1,69.0,68.3,22.0,81.5,1056.0,9.0,7.0,17.0,26.0,11.0,8.0,65.0,6.0,9.0,1.0,9.0,12.57,2.0,0.0,2.0,,,,1.0,21.0,,,,,,
1300526,Manchester City,Nico O'Reilly,DF / FW / Left Back / LB / Defensive Midfielder / DM / Attacking Midfielder / AM / Left Winger / LW,1884,7.1,41.6,2.0,2.67,1.6,2.67,23.0,5.0,3.0,1.56,829.0,86.9,8.0,21.6,17.0,5.0,7.0,25.0,17.0,41.5,121.0,49.4,33.0,53.2,1483.0,58.0,24.0,13.0,58.0,15.0,31.0,77.0,5.0,16.0,8.0,18.0,24.88,4.0,0.0,6.0,,,,6.0,54.0,,,,,,
815006,Manchester City,Phil Foden,FW / MF / Defensive Midfielder / DM / Right Midfielder / RM / Right Winger / RW / Attacking Midfielder / AM / Left Winger / LW / Striker / ST,1718,7.48,69.6,7.0,5.38,5.04,5.38,48.0,15.0,3.0,3.6,852.0,88.1,37.0,61.7,42.0,7.0,33.0,32.4,20.0,58.8,76.0,48.4,5.0,27.8,1335.0,69.0,26.0,25.0,26.0,7.0,16.0,81.0,9.0,13.0,7.0,14.0,20.73,4.0,0.0,2.0,,,,2.0,12.0,,,,,,
737066,Manchester City,Erling Haaland,FW / Striker / ST,2150,7.71,150.9,22.0,20.3,18.34,17.14,92.0,47.0,6.0,1.79,176.0,64.9,4.0,50.0,19.0,7.0,,,10.0,47.6,97.0,54.8,57.0,64.0,552.0,152.0,16.0,18.0,12.0,3.0,17.0,28.0,11.0,4.0,6.0,23.0,28.02,1.0,0.0,1.0,3.0,,,25.0,32.0,,,,,,
933576,Manchester City,Antoine Semenyo,FW / Right Winger / RW / Left Winger / LW / Striker / ST,2249,7.38,56.8,13.0,8.32,9.93,6.75,59.0,33.0,4.0,2.21,479.0,76.5,22.0,47.8,29.0,5.0,4.0,11.4,34.0,41.5,137.0,39.6,54.0,49.5,1182.0,110.0,46.0,16.0,33.0,9.0,47.0,112.0,17.0,16.0,7.0,43.0,37.4,6.0,0.0,3.0,1.0,,1.0,2.0,23.0,,,,,,
839204,Manchester City,Omar Marmoush,FW / Right Winger / RW / Attacking Midfielder / AM / Left Winger / LW / Striker / ST,388,6.78,78.0,1.0,1.54,0.91,1.54,13.0,4.0,1.0,0.6,95.0,88.8,1.0,100.0,8.0,2.0,,,6.0,42.9,29.0,50.0,2.0,50.0,202.0,30.0,9.0,14.0,8.0,2.0,7.0,12.0,3.0,3.0,0.0,3.0,4.22,1.0,0.0,1.0,,,,1.0,1.0,,,,,,
868344,Manchester City,Tijjani Reijnders,MF / Defensive Midfielder / DM / Central Midfielder / CM / Attacking Midfielder / AM,1465,7.0,75.1,5.0,3.96,3.35,3.96,40.0,14.0,2.0,1.98,635.0,88.7,11.0,52.4,16.0,4.0,8.0,24.2,18.0,43.9,44.0,40.0,3.0,42.9,975.0,65.0,16.0,14.0,9.0,8.0,18.0,50.0,13.0,6.0,2.0,16.0,17.09,2.0,0.0,1.0,,,,2.0,17.0,,,,,,
1280132,Manchester City,Nico González,MF / Defensive Midfielder / DM / Central Midfielder / CM / Attacking Midfielder / AM,1387,7.17,55.5,1.0,0.57,0.26,0.57,12.0,2.0,0.0,1.0,1035.0,89.8,29.0,55.8,8.0,1.0,1.0,50.0,11.0,68.8,93.0,54.7,29.0,52.7,1383.0,15.0,13.0,17.0,36.0,21.0,28.0,79.0,11.0,8.0,4.0,14.0,16.7,6.0,0.0,6.0,,,,,40.0,,,,,,
1104053,Manchester City,Rayan Cherki,FW / Right Winger / RW / Attacking Midfielder / AM / Left Winger / LW / Striker / ST,1077,7.27,63.3,3.0,2.09,2.32,2.09,28.0,7.0,7.0,5.54,625.0,84.5,15.0,41.7,34.0,14.0,17.0,35.4,28.0,43.1,76.0,45.8,1.0,14.3,1049.0,94.0,23.0,26.0,21.0,7.0,8.0,66.0,15.0,16.0,2.0,11.0,14.67,1.0,0.0,1.0,,,,,5.0,,,,,,
773991,Fulham,Ryan Sessegnon,DF / Left Back / LB / Left Wing-Back / LWB / Right Winger / RW,1421,6.54,18.8,2.0,0.93,0.88,0.93,9.0,3.0,1.0,1.67,417.0,77.2,15.0,35.7,10.0,3.0,4.0,10.3,5.0,29.4,59.0,40.4,15.0,41.7,971.0,46.0,17.0,3.0,36.0,15.0,27.0,57.0,3.0,12.0,3.0,27.0,21.43,0.0,0.0,7.0,,,1.0,,52.0,,,,,,
604785,Fulham,Alex Iwobi,FW / MF / Defensive Midfielder / DM / Central Midfielder / CM / Left Midfielder / LM / Right Winger / RW / Attacking Midfielder / AM / Left Winger / LW / Striker / ST,1697,6.85,33.2,2.0,0.88,1.25,0.88,21.0,8.0,2.0,3.14,824.0,85.9,49.0,59.8,28.0,2.0,17.0,30.4,11.0,32.4,40.0,40.8,4.0,40.0,1221.0,26.0,16.0,6.0,20.0,9.0,4.0,82.0,5.0,9.0,0.0,33.0,27.1,2.0,0.0,1.0,,,,1.0,12.0,,,,,,
494417,Fulham,Harry Wilson,FW / Right Midfielder / RM / Central Midfielder / CM / Right Winger / RW / Attacking Midfielder / AM / Left Winger / LW / Striker / ST,1938,7.16,16.3,8.0,4.29,8.27,4.29,54.0,20.0,4.0,3.69,464.0,81.3,29.0,60.4,27.0,5.0,22.0,26.8,11.0,52.4,62.0,49.2,3.0,15.8,914.0,78.0,16.0,28.0,20.0,10.0,11.0,59.0,7.0,11.0,2.0,29.0,28.59,6.0,0.0,1.0,,,,1.0,32.0,,,,,,
889534,Fulham,Emile Smith Rowe,FW / MF / Left Midfielder / LM / Attacking Midfielder / AM / Left Winger / LW,1272,6.69,29.1,3.0,3.53,3.73,3.53,25.0,7.0,0.0,0.89,589.0,90.8,5.0,55.6,13.0,1.0,1.0,10.0,9.0,39.1,41.0,43.6,5.0,35.7,854.0,47.0,23.0,9.0,18.0,18.0,4.0,51.0,6.0,3.0,0.0,20.0,22.73,1.0,0.0,1.0,,,,3.0,11.0,,,,,,
688300,Fulham (on loan),Samuel Chukwueze,FW / Defensive Midfielder / DM / Right Midfielder / RM / Right Winger / RW / Left Winger / LW / Striker / ST,640,7.17,13.2,3.0,1.55,2.6,1.55,16.0,5.0,4.0,2.55,183.0,75.0,9.0,64.3,16.0,4.0,4.0,19.0,17.0,56.7,35.0,50.7,3.0,42.9,390.0,42.0,12.0,9.0,6.0,5.0,5.0,35.0,3.0,1.0,0.0,15.0,11.06,0.0,0.0,,,,,,5.0,,,,,,
292313,Fulham,Raul Jiménez,FW / Striker / ST / Left Winger / LW,1718,6.83,4.3,6.0,8.42,7.74,6.85,57.0,15.0,3.0,0.72,260.0,64.0,11.0,57.9,20.0,2.0,1.0,25.0,7.0,33.3,117.0,40.1,65.0,39.6,713.0,87.0,22.0,20.0,25.0,7.0,35.0,43.0,6.0,12.0,2.0,24.0,27.64,4.0,0.0,2.0,2.0,1.0,,17.0,24.0,,,,,,
1128945,Fulham,Rodrigo Muniz,FW / Striker / ST,400,6.4,6.1,1.0,1.1,0.7,1.1,13.0,3.0,1.0,0.02,15.0,34.9,1.0,16.7,5.0,1.0,,,3.0,37.5,35.0,44.3,22.0,44.9,125.0,24.0,4.0,6.0,4.0,,10.0,8.0,3.0,,0.0,6.0,5.95,1.0,0.0,,,,,6.0,9.0,,,,,,
1422593,Fulham,Josh King,MF / Defensive Midfielder / DM / Central Midfielder / CM / Attacking Midfielder / AM / Striker / ST,919,6.45,16.1,0.0,1.36,1.04,1.36,18.0,7.0,1.0,0.41,188.0,80.3,2.0,40.0,8.0,,,,11.0,44.0,53.0,52.5,2.0,14.3,414.0,43.0,13.0,20.0,20.0,2.0,8.0,40.0,3.0,4.0,0.0,15.0,12.9,3.0,0.0,2.0,,,,1.0,11.0,,,,,,
1318400,Fulham,Kevin,FW / Left Midfielder / LM / Attacking Midfielder / AM / Left Winger / LW,860,6.59,36.9,1.0,0.99,1.84,0.99,21.0,9.0,1.0,1.39,221.0,77.0,17.0,77.3,13.0,1.0,12.0,30.0,35.0,48.6,75.0,43.4,7.0,35.0,564.0,52.0,20.0,15.0,18.0,9.0,12.0,35.0,4.0,16.0,0.0,15.0,13.33,1.0,0.0,,,1.0,,3.0,6.0,,,,,,
1113790,Fulham,Oscar Bobb,FW / Right Midfielder / RM / Central Midfielder / CM / Right Winger / RW / Attacking Midfielder / AM,495,6.83,38.6,0.0,0.55,,0.55,5.0,,1.0,1.18,197.0,89.5,2.0,66.7,11.0,,2.0,40.0,16.0,61.5,37.0,52.1,3.0,37.5,332.0,42.0,10.0,9.0,9.0,5.0,5.0,23.0,5.0,4.0,1.0,6.0,4.95,1.0,0.0,,,,,,,,,,,,
795371,Nottingham Forest,Ibrahim Sangaré,MF / Defensive Midfielder / DM / Central Midfielder / CM / Attacking Midfielder / AM,1323,6.91,24.6,2.0,1.01,1.73,1.01,13.0,4.0,2.0,1.3,532.0,87.5,23.0,57.5,6.0,1.0,,,5.0,50.0,72.0,50.3,18.0,46.2,817.0,13.0,10.0,12.0,37.0,14.0,25.0,58.0,3.0,11.0,5.0,17.0,21.98,3.0,0.0,11.0,,,2.0,1.0,34.0,,,,,,
1089691,Nottingham Forest,Elliot Anderson,MF / Defensive Midfielder / DM / Central Midfielder / CM / Attacking Midfielder / AM / Left Winger / LW,2347,7.47,49.9,1.0,2.13,1.44,1.34,27.0,7.0,2.0,3.0,1487.0,85.8,94.0,58.8,38.0,2.0,36.0,26.1,35.0,54.7,212.0,55.8,46.0,58.2,2387.0,47.0,42.0,59.0,74.0,30.0,38.0,220.0,16.0,27.0,6.0,38.0,38.61,4.0,0.0,11.0,1.0,,1.0,2.0,28.0,,,,,,
1215652,Nottingham Forest,Omari Hutchinson,FW / Left Midfielder / LM / Right Winger / RW / Attacking Midfielder / AM / Left Winger / LW,1034,6.77,26.3,1.0,1.66,1.96,1.66,19.0,7.0,3.0,3.06,287.0,83.4,6.0,33.3,25.0,6.0,21.0,20.8,27.0,50.0,56.0,38.9,1.0,5.0,664.0,54.0,16.0,12.0,16.0,6.0,16.0,55.0,8.0,11.0,3.0,15.0,16.05,0.0,0.0,,,1.0,,,5.0,,,,,,
789502,Nottingham Forest,Morgan Gibbs-White,FW / MF / Central Midfielder / CM / Right Winger / RW / Attacking Midfielder / AM / Striker / ST,2218,6.94,60.3,6.0,6.64,8.19,5.85,55.0,17.0,2.0,2.03,742.0,81.4,26.0,56.5,36.0,3.0,6.0,22.2,17.0,48.6,91.0,41.2,32.0,35.6,1280.0,87.0,24.0,30.0,14.0,10.0,19.0,75.0,13.0,13.0,6.0,35.0,37.44,0.0,0.0,2.0,1.0,1.0,,10.0,24.0,,,,,,
846383,Nottingham Forest,Callum Hudson-Odoi,FW / Left Midfielder / LM / Right Winger / RW / Attacking Midfielder / AM / Left Winger / LW,1475,6.78,40.0,3.0,2.25,2.11,2.25,26.0,9.0,1.0,1.97,473.0,89.9,18.0,69.2,32.0,4.0,9.0,11.8,25.0,48.1,49.0,41.2,3.0,30.0,820.0,48.0,20.0,9.0,12.0,7.0,10.0,53.0,7.0,8.0,2.0,23.0,25.99,0.0,0.0,2.0,,,,,11.0,,,,,,
1212630,Nottingham Forest (on loan),Lorenzo Lucca,FW / Striker / ST,108,6.47,32.7,1.0,0.72,0.24,0.72,3.0,1.0,0.0,0.0,3.0,42.9,,,,,,,,,5.0,45.5,3.0,50.0,21.0,4.0,2.0,2.0,,,1.0,1.0,,,0.0,0.0,0.67,0.0,0.0,,,,,2.0,2.0,,,,,,
1022649,Nottingham Forest,Dan Ndoye,FW / Right Midfielder / RM / Right Winger / RW / Attacking Midfielder / AM / Left Winger / LW / Striker / ST,1093,6.58,49.0,1.0,1.0,0.93,1.0,14.0,4.0,1.0,1.52,210.0,78.4,6.0,54.5,13.0,2.0,8.0,21.1,12.0,38.7,58.0,43.9,10.0,47.6,507.0,49.0,19.0,15.0,21.0,10.0,14.0,47.0,3.0,12.0,0.0,16.0,14.85,1.0,0.0,2.0,,,,3.0,10.0,,,,,,
1082102,Nottingham Forest,Igor Jesus,FW / Striker / ST,1439,6.33,25.7,2.0,4.27,2.04,4.27,47.0,10.0,1.0,0.86,182.0,71.7,7.0,87.5,6.0,3.0,2.0,25.0,6.0,24.0,113.0,40.8,64.0,41.0,546.0,93.0,26.0,27.0,17.0,1.0,28.0,32.0,8.0,4.0,1.0,27.0,26.5,0.0,0.0,1.0,,,,22.0,19.0,,,,,,
1192166,Wolverhampton Wanderers,Rodrigo Gomes,MF / Right Wing-Back / RWB / Left Wing-Back / LWB / Right Midfielder / RM / Central Midfielder / CM / Left Midfielder / LM / Left Winger / LW,565,6.52,19.7,1.0,1.12,0.68,1.12,12.0,4.0,0.0,0.31,129.0,80.6,2.0,33.3,3.0,,2.0,11.1,3.0,21.4,28.0,47.5,5.0,35.7,307.0,31.0,4.0,7.0,13.0,7.0,4.0,21.0,5.0,3.0,0.0,10.0,7.36,0.0,0.0,1.0,,,,2.0,11.0,,,,,,
848667,Wolverhampton Wanderers (on loan),Angel Gomes,MF / Defensive Midfielder / DM / Central Midfielder / CM / Attacking Midfielder / AM,182,7.16,17.4,0.0,0.05,0.01,0.05,2.0,1.0,0.0,0.08,59.0,90.8,5.0,83.3,3.0,,1.0,33.3,2.0,100.0,8.0,61.5,,,88.0,1.0,0.0,2.0,4.0,1.0,3.0,7.0,,2.0,0.0,3.0,5.42,0.0,0.0,2.0,,,,,2.0,,,,,,
1174672,Wolverhampton Wanderers,Joao Gomes,MF / Defensive Midfielder / DM / Central Midfielder / CM / Attacking Midfielder / AM,2027,6.91,50.3,0.0,0.82,1.24,0.82,12.0,5.0,0.0,1.3,925.0,85.9,30.0,60.0,13.0,1.0,9.0,37.5,28.0,62.2,155.0,49.4,22.0,53.7,1492.0,27.0,34.0,30.0,75.0,29.0,52.0,141.0,9.0,37.0,1.0,39.0,32.25,8.0,0.0,5.0,,,,,35.0,,,,,,
1609213,Wolverhampton Wanderers U18,Mateus Mané,FW / MF / Right Midfielder / RM / Central Midfielder / CM / Attacking Midfielder / AM / Right Winger / RW / Striker / ST,899,6.72,836.5,2.0,1.21,2.01,1.21,27.0,12.0,1.0,1.3,154.0,77.8,3.0,23.1,10.0,2.0,14.0,36.8,16.0,35.6,61.0,43.9,4.0,23.5,453.0,22.0,17.0,25.0,16.0,2.0,14.0,33.0,4.0,7.0,2.0,15.0,15.86,0.0,0.0,1.0,,1.0,,,13.0,,,,,,
1072864,Wolverhampton Wanderers,Tolu Arokodare,FW / Striker / ST / Left Winger / LW,1026,6.6,27.3,2.0,2.93,2.0,2.93,31.0,9.0,0.0,0.32,128.0,63.4,1.0,20.0,9.0,,,,17.0,56.7,96.0,48.0,65.0,50.8,425.0,70.0,15.0,9.0,5.0,3.0,13.0,20.0,4.0,1.0,1.0,22.0,16.68,1.0,0.0,1.0,,,,18.0,24.0,,,,,,
519835,Wolverhampton Wanderers,Adam Armstrong,FW / Right Midfielder / RM / Attacking Midfielder / AM / Left Winger / LW / Right Winger / RW / Striker / ST,180,6.58,9.9,0.0,,,,0.0,,1.0,0.38,20.0,83.3,,,3.0,1.0,,,2.0,66.7,4.0,36.4,2.0,66.7,44.0,3.0,3.0,,,,2.0,2.0,,,1.0,3.0,6.17,1.0,0.0,1.0,,,,,2.0,,,,,,
1210943,Wolverhampton Wanderers,Jackson Tchatchoua,MF / Right Back / RB / Right Wing-Back / RWB / Left Wing-Back / LWB / Right Midfielder / RM / Left Midfielder / LM / Right Winger / RW,1284,6.39,17.3,0.0,0.26,,0.26,1.0,,0.0,1.03,286.0,75.9,12.0,42.9,13.0,2.0,14.0,23.3,3.0,27.3,47.0,50.5,18.0,47.4,669.0,17.0,4.0,4.0,22.0,10.0,5.0,44.0,3.0,9.0,2.0,25.0,17.39,3.0,0.0,7.0,,,,,41.0,,,,,,
769166,Wolverhampton Wanderers,Jean-Ricner Bellegarde,MF / Defensive Midfielder / DM / Left Wing-Back / LWB / Right Midfielder / RM / Central Midfielder / CM / Attacking Midfielder / AM / Right Winger / RW / Left Winger / LW,734,6.31,20.9,1.0,0.78,1.04,0.78,17.0,4.0,0.0,0.66,208.0,80.3,16.0,64.0,6.0,1.0,4.0,21.1,12.0,60.0,56.0,55.4,4.0,26.7,442.0,17.0,14.0,21.0,19.0,7.0,12.0,22.0,4.0,,0.0,21.0,13.47,2.0,0.0,2.0,,,,,12.0,,,,,,
466672,Crystal Palace,Jefferson Lerma,DF / MF / Center Back / CB / Defensive Midfielder / DM / Central Midfielder / CM / Attacking Midfielder / AM,1164,6.76,5.9,0.0,1.0,1.0,1.0,13.0,6.0,2.0,0.94,475.0,79.7,29.0,43.3,10.0,2.0,3.0,33.3,2.0,33.3,78.0,52.7,46.0,60.5,821.0,35.0,6.0,12.0,18.0,16.0,19.0,65.0,,11.0,4.0,15.0,14.35,6.0,0.0,2.0,,,,3.0,46.0,,,,,,
621515,Crystal Palace,Daichi Kamada,MF / Defensive Midfielder / DM / Central Midfielder / CM / Attacking Midfielder / AM / Right Winger / RW / Left Winger / LW,1259,6.98,11.4,0.0,1.33,1.07,1.33,15.0,4.0,0.0,1.97,415.0,82.2,21.0,52.5,11.0,2.0,6.0,23.1,9.0,56.2,79.0,55.2,11.0,55.0,728.0,27.0,14.0,17.0,43.0,8.0,19.0,74.0,9.0,16.0,1.0,14.0,14.65,1.0,0.0,1.0,,1.0,,2.0,15.0,,,,,,
771294,Crystal Palace,Ismaila Sarr,FW / MF / Right Winger / RW / Attacking Midfielder / AM / Left Winger / LW / Striker / ST,1370,6.94,42.8,5.0,6.31,4.96,5.52,27.0,10.0,1.0,0.6,216.0,72.5,4.0,33.3,14.0,3.0,1.0,10.0,7.0,43.8,54.0,37.8,15.0,27.8,538.0,56.0,30.0,21.0,11.0,8.0,9.0,50.0,7.0,5.0,5.0,16.0,18.21,1.0,0.0,1.0,1.0,,,3.0,21.0,,,,,,
1087966,Crystal Palace (on loan),Evann Guessand,FW / Right Winger / RW / Attacking Midfielder / AM / Left Winger / LW / Striker / ST,682,6.43,35.3,0.0,1.25,0.89,1.25,9.0,5.0,2.0,0.67,101.0,80.8,1.0,50.0,5.0,2.0,,,10.0,33.3,54.0,44.6,9.0,50.0,289.0,28.0,22.0,13.0,22.0,2.0,12.0,32.0,3.0,4.0,0.0,13.0,9.3,0.0,0.0,3.0,,,,4.0,6.0,,,,,,
821100,Crystal Palace,Jørgen Strand Larsen,FW / Striker / ST,1597,6.18,47.3,3.0,3.87,4.18,2.3,27.0,11.0,1.0,0.51,200.0,65.4,4.0,44.4,7.0,1.0,,,5.0,38.5,74.0,33.9,50.0,40.0,521.0,68.0,18.0,13.0,6.0,4.0,36.0,22.0,3.0,9.0,1.0,29.0,23.11,3.0,0.0,5.0,1.0,,,7.0,24.0,,,,,,
1076756,Crystal Palace,Brennan Johnson,FW / Right Midfielder / RM / Right Winger / RW / Attacking Midfielder / AM / Left Winger / LW / Striker / ST,1058,6.59,44.5,2.0,1.72,1.59,1.72,15.0,5.0,0.0,0.7,161.0,67.6,6.0,25.0,10.0,1.0,7.0,17.5,5.0,26.3,38.0,47.5,11.0,57.9,429.0,44.0,6.0,6.0,17.0,3.0,8.0,30.0,8.0,7.0,2.0,12.0,17.47,4.0,0.0,1.0,,,,3.0,19.0,,,,,,
1047676,Crystal Palace,Yéremi Pino,MF / Right Midfielder / RM / Left Midfielder / LM / Attacking Midfielder / AM / Left Winger / LW / Right Winger / RW / Striker / ST,1639,6.78,46.1,2.0,3.57,3.4,3.57,34.0,9.0,1.0,4.71,460.0,73.1,27.0,50.0,37.0,9.0,13.0,21.3,16.0,44.4,84.0,39.8,18.0,34.6,963.0,68.0,27.0,20.0,30.0,7.0,24.0,75.0,14.0,26.0,1.0,20.0,21.86,4.0,0.0,1.0,,,,1.0,16.0,,,,,,
1580704,Crystal Palace (on loan),Christantus Uche,FW / Left Midfielder / LM / Attacking Midfielder / AM / Striker / ST,90,6.02,20.8,,,,,,,,,,,,,,,,,,,,,,,,,,,,,,,,,,,,,,,,,,,,,,,,,
523193,Burnley,Josh Laurent,DF / MF / Center Back / CB / Defensive Midfielder / DM / Central Midfielder / CM / Attacking Midfielder / AM,1265,6.33,1.6,1.0,0.52,0.53,0.52,11.0,3.0,0.0,0.3,373.0,76.9,12.0,23.1,6.0,,3.0,23.1,3.0,37.5,64.0,48.1,22.0,52.4,685.0,16.0,10.0,6.0,33.0,21.0,19.0,42.0,1.0,16.0,1.0,30.0,27.82,5.0,0.0,7.0,,,,1.0,36.0,,,,,,
1200631,Burnley,Lesley Ugochukwu,MF / Defensive Midfielder / DM / Right Midfielder / RM / Central Midfielder / CM / Attacking Midfielder / AM,1752,6.56,26.4,3.0,2.12,2.4,2.12,18.0,7.0,1.0,0.26,482.0,81.8,21.0,55.3,8.0,,1.0,20.0,7.0,33.3,90.0,47.9,18.0,40.9,867.0,32.0,24.0,23.0,42.0,16.0,23.0,78.0,4.0,14.0,1.0,36.0,38.34,1.0,1.0,17.0,,,1.0,4.0,19.0,,,,,,
1113785,Burnley,Hannibal Mejbri,MF / Defensive Midfielder / DM / Right Midfielder / RM / Central Midfielder / CM / Attacking Midfielder / AM / Left Winger / LW / Striker / ST,643,6.54,18.5,1.0,0.4,0.55,0.4,9.0,2.0,1.0,1.03,190.0,77.6,6.0,33.3,10.0,3.0,6.0,28.6,10.0,71.4,56.0,54.4,3.0,13.6,413.0,10.0,15.0,29.0,14.0,3.0,10.0,38.0,4.0,4.0,0.0,16.0,15.93,5.0,0.0,2.0,,,1.0,,3.0,,,,,,
637744,Burnley,Marcus Edwards,FW / Right Midfielder / RM / Right Winger / RW / Attacking Midfielder / AM / Striker / ST,783,6.7,12.9,1.0,1.23,0.51,1.23,16.0,5.0,3.0,1.65,211.0,83.1,3.0,50.0,18.0,5.0,4.0,25.0,12.0,38.7,31.0,32.3,1.0,14.3,416.0,40.0,21.0,11.0,7.0,1.0,6.0,31.0,3.0,15.0,0.0,14.0,15.54,0.0,0.0,,,,,1.0,4.0,,,,,,
1171140,Burnley,Jaidon Anthony,FW / Left Midfielder / LM / Right Winger / RW / Attacking Midfielder / AM / Left Winger / LW / Striker / ST,1682,6.86,18.8,6.0,3.08,5.14,3.08,30.0,13.0,1.0,1.7,399.0,77.8,14.0,48.3,24.0,2.0,7.0,15.6,20.0,40.0,91.0,45.3,10.0,37.0,917.0,67.0,28.0,35.0,29.0,10.0,16.0,92.0,16.0,19.0,1.0,36.0,35.95,4.0,0.0,5.0,,1.0,1.0,2.0,18.0,,,,,,
873559,Burnley,Zian Flemming,FW / Striker / ST,833,6.53,10.8,5.0,3.96,4.14,2.38,27.0,11.0,0.0,0.18,97.0,63.4,6.0,60.0,3.0,,1.0,33.3,2.0,25.0,61.0,41.5,37.0,43.5,304.0,37.0,10.0,16.0,6.0,1.0,21.0,17.0,1.0,3.0,0.0,15.0,16.82,3.0,0.0,2.0,2.0,,,10.0,17.0,,,,,,
655575,Burnley,Jacob Bruun Larsen,FW / Right Midfielder / RM / Right Winger / RW / Left Winger / LW,915,6.33,7.0,0.0,1.25,0.88,1.25,15.0,4.0,1.0,1.07,209.0,81.0,3.0,30.0,10.0,2.0,7.0,20.0,9.0,26.5,29.0,33.7,8.0,32.0,442.0,29.0,9.0,,12.0,6.0,1.0,28.0,4.0,5.0,0.0,23.0,20.54,0.0,0.0,1.0,,,,,11.0,,,,,,
881500,Burnley,Lyle Foster,FW / Left Winger / LW / Right Winger / RW / Striker / ST,1040,6.29,11.3,3.0,2.24,2.26,2.24,15.0,4.0,1.0,0.38,135.0,66.5,5.0,55.6,8.0,1.0,,,8.0,61.5,51.0,32.7,23.0,28.8,374.0,40.0,22.0,10.0,11.0,3.0,18.0,30.0,6.0,5.0,0.0,22.0,20.99,3.0,0.0,3.0,,,,1.0,13.0,,,,,,
279490,Burnley (on loan),James Ward-Prowse,MF / Defensive Midfielder / DM / Central Midfielder / CM / Attacking Midfielder / AM,423,6.64,7.6,0.0,0.12,,0.12,2.0,,0.0,0.93,174.0,89.2,10.0,71.4,12.0,3.0,11.0,44.0,,,12.0,46.2,4.0,44.4,259.0,1.0,0.0,3.0,5.0,5.0,4.0,9.0,2.0,4.0,0.0,11.0,7.65,0.0,0.0,1.0,,,,,3.0,,,,,,
1359649,Sunderland,Noah Sadiki,MF / Defensive Midfielder / DM / Central Midfielder / CM / Attacking Midfielder / AM,1851,6.89,24.5,0.0,0.34,0.13,0.34,7.0,1.0,0.0,0.87,640.0,86.1,27.0,52.9,10.0,,4.0,28.6,15.0,55.6,75.0,54.3,6.0,31.6,1025.0,13.0,14.0,23.0,31.0,26.0,18.0,68.0,6.0,9.0,5.0,24.0,25.03,5.0,0.0,7.0,,,,,31.0,,,,,,
1049999,Sunderland,Enzo Le Fee,MF / Left Wing-Back / LWB / Central Midfielder / CM / Left Midfielder / LM / Attacking Midfielder / AM / Left Winger / LW / Striker / ST,2035,6.98,22.0,3.0,3.73,3.3,1.37,22.0,5.0,4.0,2.73,621.0,81.4,22.0,53.7,31.0,4.0,18.0,28.1,8.0,25.8,102.0,44.0,14.0,27.5,1180.0,38.0,18.0,22.0,58.0,20.0,22.0,97.0,14.0,30.0,5.0,27.0,32.06,5.0,0.0,11.0,2.0,,,2.0,26.0,,,,,,
1067763,Sunderland,Trai Hume,DF / FW / Right Back / RB / Center Back / CB / Left Back / LB / Right Wing-Back / RWB / Left Wing-Back / LWB / Right Midfielder / RM / Right Winger / RW,2138,6.83,23.5,0.0,1.48,0.98,1.48,22.0,5.0,1.0,0.94,533.0,73.8,26.0,36.6,17.0,1.0,10.0,15.2,3.0,20.0,128.0,53.3,52.0,50.5,1203.0,33.0,7.0,26.0,47.0,18.0,20.0,74.0,8.0,22.0,7.0,27.0,33.61,7.0,0.0,8.0,,,1.0,7.0,73.0,,,,,,
1285866,Sunderland,Habib Diarra,FW / MF / Defensive Midfielder / DM / Right Midfielder / RM / Central Midfielder / CM / Attacking Midfielder / AM,683,6.7,44.1,1.0,0.92,0.71,0.92,10.0,3.0,0.0,0.39,203.0,85.3,2.0,28.6,2.0,,1.0,7.1,3.0,30.0,22.0,45.8,5.0,55.6,327.0,21.0,5.0,8.0,6.0,3.0,8.0,21.0,3.0,2.0,2.0,6.0,8.07,3.0,0.0,,,1.0,,,10.0,,,,,,
1287010,Sunderland,Nilson Angulo,FW / Left Wing-Back / LWB / Right Wing-Back / RWB / Right Midfielder / RM / Left Midfielder / LM / Right Winger / RW / Left Winger / LW / Striker / ST,120,6.8,5.3,0.0,0.21,0.88,0.21,2.0,2.0,0.0,0.04,13.0,76.5,,,2.0,,1.0,50.0,2.0,40.0,4.0,30.8,1.0,33.3,40.0,3.0,0.0,,1.0,1.0,3.0,1.0,,1.0,0.0,2.0,2.45,0.0,0.0,,,,,1.0,2.0,,,,,,
940446,Sunderland,Brian Brobbey,FW / Striker / ST,1148,6.55,25.7,5.0,2.64,4.0,2.64,20.0,10.0,1.0,0.31,106.0,69.3,1.0,33.3,6.0,1.0,,,1.0,20.0,73.0,45.6,43.0,45.7,307.0,44.0,16.0,23.0,7.0,,14.0,31.0,2.0,3.0,0.0,15.0,18.86,2.0,0.0,4.0,,1.0,,5.0,8.0,,,,,,
1123947,Sunderland,Romaine Mundle,FW / Left Midfielder / LM / Left Winger / LW / Right Winger / RW,357,6.21,8.6,0.0,0.44,0.1,0.44,5.0,2.0,0.0,0.28,72.0,83.7,1.0,33.3,1.0,,2.0,18.2,7.0,50.0,23.0,41.1,5.0,62.5,179.0,14.0,10.0,7.0,5.0,1.0,6.0,17.0,1.0,7.0,0.0,8.0,6.9,1.0,0.0,,,,,,5.0,,,,,,
1368654,Sunderland,Chemsdine Talbi,FW / Left Midfielder / LM / Right Winger / RW / Left Winger / LW,1086,6.59,27.7,3.0,1.33,2.23,1.33,17.0,6.0,1.0,0.57,236.0,83.4,11.0,61.1,10.0,,6.0,18.8,13.0,56.5,22.0,37.9,1.0,10.0,439.0,35.0,6.0,1.0,7.0,2.0,2.0,43.0,2.0,9.0,2.0,9.0,14.44,0.0,0.0,,,,,,12.0,,,,,,
887703,Sunderland,Wilson Isidor,FW / Striker / ST,1028,6.31,19.2,4.0,3.6,3.53,3.6,36.0,14.0,0.0,0.09,58.0,58.0,,,,,,,6.0,30.0,38.0,27.9,20.0,26.3,233.0,55.0,13.0,4.0,8.0,,13.0,17.0,3.0,4.0,1.0,14.0,16.74,1.0,0.0,1.0,,,,3.0,13.0,,,,,,
831489,Liverpool,Alexis Mac Allister,MF / Defensive Midfielder / DM / Central Midfielder / CM / Left Midfielder / LM / Attacking Midfielder / AM,1738,6.84,117.6,0.0,2.15,1.3,2.15,33.0,8.0,2.0,1.15,832.0,86.6,32.0,48.5,20.0,2.0,9.0,47.4,7.0,38.9,71.0,45.5,10.0,35.7,1241.0,37.0,18.0,22.0,32.0,12.0,16.0,69.0,6.0,24.0,5.0,24.0,21.03,4.0,0.0,5.0,,,,6.0,25.0,,,,,,
292462,Liverpool,Mohamed Salah,FW / Right Winger / RW / Attacking Midfielder / AM / Striker / ST,1538,7.1,49.0,4.0,6.04,4.57,5.25,49.0,13.0,6.0,3.57,387.0,76.0,10.0,35.7,41.0,9.0,12.0,16.2,12.0,24.5,40.0,29.6,8.0,36.4,868.0,137.0,32.0,15.0,5.0,3.0,9.0,50.0,13.0,3.0,4.0,27.0,22.64,1.0,0.0,1.0,1.0,,,2.0,6.0,,,,,,
1152455,Liverpool,Florian Wirtz,FW / MF / Right Midfielder / RM / Right Winger / RW / Attacking Midfielder / AM / Left Winger / LW / Striker / ST,1862,7.19,114.4,4.0,5.41,6.12,5.41,41.0,15.0,2.0,4.13,940.0,84.2,28.0,51.9,44.0,4.0,5.0,17.2,34.0,56.7,85.0,41.9,6.0,15.4,1479.0,124.0,27.0,17.0,28.0,8.0,18.0,85.0,13.0,15.0,2.0,23.0,23.61,1.0,0.0,1.0,,,,1.0,10.0,,,,,,
806552,Liverpool,Cody Gakpo,FW / Left Midfielder / LM / Left Winger / LW / Striker / ST,1748,7.27,77.3,5.0,5.14,3.88,5.14,55.0,12.0,3.0,4.08,439.0,80.1,13.0,68.4,38.0,8.0,10.0,12.7,26.0,57.8,110.0,53.4,37.0,56.9,942.0,131.0,16.0,31.0,16.0,8.0,25.0,59.0,11.0,9.0,5.0,25.0,18.94,1.0,0.0,2.0,,1.0,,7.0,16.0,,,,,,
1197030,Liverpool,Hugo Ekitike,FW / Left Winger / LW / Striker / ST,1520,7.03,89.2,10.0,8.57,7.85,8.57,57.0,17.0,2.0,1.97,256.0,76.2,2.0,50.0,16.0,2.0,1.0,12.5,30.0,53.6,74.0,37.8,27.0,38.6,620.0,112.0,22.0,8.0,9.0,1.0,29.0,31.0,11.0,3.0,1.0,20.0,22.07,0.0,0.0,2.0,,,,10.0,24.0,,,,,,
933768,Liverpool,Curtis Jones,MF / Right Back / RB / Defensive Midfielder / DM / Central Midfielder / CM / Left Midfielder / LM / Attacking Midfielder / AM / Left Winger / LW,1111,6.89,49.0,0.0,1.12,0.85,1.12,15.0,4.0,1.0,2.27,924.0,92.1,33.0,67.3,17.0,3.0,1.0,14.3,15.0,68.2,62.0,52.1,7.0,30.4,1185.0,28.0,14.0,18.0,22.0,7.0,9.0,80.0,6.0,11.0,1.0,21.0,17.83,1.0,0.0,3.0,,,,,10.0,,,,,,
784510,Liverpool,Federico Chiesa,FW / Right Winger / RW / Striker / ST,240,6.38,20.1,2.0,1.25,1.68,1.25,13.0,3.0,1.0,0.5,67.0,71.3,1.0,25.0,2.0,2.0,,,2.0,20.0,18.0,40.9,3.0,42.9,183.0,30.0,3.0,5.0,8.0,4.0,8.0,6.0,,3.0,0.0,6.0,4.76,2.0,0.0,2.0,,,,2.0,6.0,,,,,,
1157236,Brentford,Yehor Yarmoliuk,MF / Defensive Midfielder / DM / Central Midfielder / CM / Attacking Midfielder / AM,1886,6.81,29.4,1.0,1.18,0.77,1.18,15.0,4.0,2.0,1.08,748.0,83.9,46.0,50.5,11.0,1.0,5.0,27.8,11.0,34.4,83.0,42.6,14.0,45.2,1200.0,14.0,14.0,8.0,50.0,19.0,32.0,133.0,8.0,28.0,3.0,30.0,29.09,5.0,0.0,9.0,,,,2.0,24.0,,,,,,
1250253,Brentford,Dango Ouattara,FW / Right Midfielder / RM / Right Winger / RW / Left Winger / LW / Striker / ST,1374,6.9,37.0,5.0,4.77,3.96,4.77,31.0,10.0,1.0,1.45,172.0,60.1,9.0,36.0,12.0,5.0,6.0,10.3,15.0,25.9,92.0,41.4,39.0,54.2,650.0,74.0,20.0,25.0,13.0,16.0,21.0,56.0,5.0,14.0,0.0,19.0,19.13,4.0,0.0,,,4.0,,12.0,35.0,,,,,,
650616,Brentford,Mathias Jensen,FW / MF / Defensive Midfielder / DM / Central Midfielder / CM / Right Winger / RW / Attacking Midfielder / AM,1207,6.66,12.5,2.0,1.84,0.9,1.84,18.0,4.0,1.0,3.19,451.0,81.6,38.0,57.6,17.0,6.0,17.0,24.6,14.0,63.6,46.0,39.7,4.0,20.0,817.0,30.0,17.0,5.0,23.0,6.0,12.0,60.0,7.0,17.0,0.0,16.0,18.71,2.0,0.0,1.0,,,,,17.0,,,,,,
1010426,Brentford,Keane Lewis-Potter,DF / FW / Left Back / LB / Left Wing-Back / LWB / Left Midfielder / LM / Right Winger / RW / Attacking Midfielder / AM / Left Winger / LW / Striker / ST,1096,6.62,27.8,3.0,1.98,1.93,1.98,18.0,6.0,1.0,0.99,207.0,77.2,10.0,28.6,10.0,3.0,7.0,21.2,6.0,31.6,47.0,44.8,6.0,33.3,481.0,43.0,15.0,20.0,15.0,7.0,11.0,45.0,4.0,7.0,3.0,18.0,19.15,1.0,0.0,1.0,,,,3.0,18.0,,,,,,
1302005,Brentford,Igor Thiago,FW / Striker / ST,2204,7.18,25.2,17.0,14.54,16.43,9.02,61.0,34.0,1.0,1.06,294.0,70.2,8.0,53.3,14.0,4.0,4.0,57.1,20.0,55.6,123.0,36.3,64.0,34.2,809.0,110.0,30.0,19.0,21.0,6.0,46.0,61.0,11.0,9.0,5.0,33.0,34.95,5.0,0.0,3.0,6.0,,,13.0,42.0,,,,,,
888912,Brentford,Mikkel Damsgaard,MF / Central Midfielder / CM / Left Midfielder / LM / Attacking Midfielder / AM / Left Winger / LW / Striker / ST,1303,6.89,38.1,1.0,1.12,1.09,1.12,14.0,6.0,3.0,3.69,403.0,75.3,20.0,39.2,29.0,9.0,25.0,30.9,11.0,32.4,70.0,40.5,10.0,35.7,864.0,51.0,24.0,14.0,36.0,16.0,11.0,85.0,16.0,28.0,1.0,22.0,19.79,0.0,0.0,3.0,,,,1.0,10.0,,,,,,
1084981,Arsenal,Noni Madueke,FW / Right Winger / RW / Left Winger / LW,772,6.73,49.9,2.0,0.83,1.73,0.83,15.0,5.0,1.0,1.92,190.0,73.4,8.0,53.3,15.0,4.0,12.0,20.3,21.0,51.2,53.0,45.3,8.0,53.3,484.0,81.0,11.0,9.0,15.0,4.0,11.0,19.0,7.0,15.0,0.0,6.0,8.27,0.0,0.0,1.0,,,,2.0,6.0,,,,,,
818975,Arsenal,Eberechi Eze,FW / MF / Central Midfielder / CM / Attacking Midfielder / AM / Left Winger / LW / Striker / ST,1132,6.91,75.0,4.0,2.56,2.98,2.56,33.0,12.0,2.0,1.7,336.0,85.7,7.0,36.8,9.0,3.0,1.0,10.0,20.0,60.6,61.0,52.6,5.0,25.0,580.0,43.0,12.0,23.0,13.0,7.0,12.0,45.0,7.0,4.0,0.0,7.0,6.82,1.0,0.0,1.0,,,,,8.0,,,,,,
318615,Arsenal,Leandro Trossard,FW / Right Winger / RW / Left Winger / LW / Striker / ST,1507,7.22,19.9,5.0,4.41,3.95,4.41,37.0,10.0,5.0,2.49,434.0,76.0,26.0,45.6,28.0,4.0,12.0,22.6,14.0,41.2,65.0,46.1,4.0,33.3,884.0,85.0,24.0,28.0,19.0,7.0,11.0,56.0,6.0,14.0,2.0,12.0,10.13,1.0,0.0,2.0,,,,2.0,11.0,,,,,,
664500,Arsenal,Viktor Gyökeres,FW / Striker / ST / Left Winger / LW,1586,6.74,74.8,8.0,8.0,5.3,6.42,37.0,14.0,0.0,1.29,122.0,61.0,1.0,33.3,13.0,2.0,2.0,33.3,5.0,18.5,50.0,31.2,21.0,30.9,428.0,103.0,18.0,20.0,5.0,1.0,21.0,35.0,11.0,5.0,4.0,8.0,11.06,4.0,0.0,1.0,2.0,,,10.0,15.0,,,,,,
534670,Arsenal,Martin Ødegaard,MF / Right Midfielder / RM / Central Midfielder / CM / Right Winger / RW,1065,6.98,77.5,1.0,1.01,1.08,1.01,20.0,7.0,4.0,2.91,531.0,85.0,30.0,54.5,29.0,4.0,5.0,25.0,9.0,45.0,35.0,44.9,2.0,28.6,763.0,31.0,10.0,7.0,17.0,7.0,7.0,50.0,13.0,10.0,2.0,11.0,12.07,0.0,0.0,,,,,,6.0,,,,,,
961995,Arsenal,Bukayo Saka,FW / Right Midfielder / RM / Right Winger / RW,1570,7.47,103.5,4.0,5.58,4.61,4.79,50.0,21.0,3.0,5.11,429.0,79.3,10.0,33.3,43.0,9.0,30.0,30.6,38.0,52.8,121.0,55.5,16.0,48.5,968.0,123.0,17.0,41.0,26.0,6.0,19.0,81.0,18.0,12.0,5.0,13.0,10.45,1.0,0.0,,1.0,,,4.0,6.0,,,,,,
1021586,Arsenal,Gabriel Martinelli,FW / Left Winger / LW / Right Winger / RW / Striker / ST,620,6.56,50.2,1.0,2.85,2.16,2.85,21.0,8.0,2.0,0.77,99.0,69.2,1.0,14.3,6.0,2.0,5.0,26.3,15.0,62.5,40.0,50.0,7.0,41.2,294.0,46.0,12.0,11.0,8.0,,6.0,25.0,6.0,4.0,0.0,3.0,5.72,2.0,0.0,1.0,,,,3.0,8.0,,,,,,
708457,Elche,Léo Pétrot,DF / Right Back / RB / Center Back / CB / Left Back / LB / Attacking Midfielder / AM,928,6.72,720.4,0.0,0.42,,0.42,5.0,,0.0,0.21,483.0,86.2,15.0,51.7,2.0,1.0,2.0,16.7,2.0,50.0,48.0,60.8,17.0,60.7,756.0,8.0,5.0,3.0,26.0,8.0,9.0,48.0,2.0,4.0,1.0,15.0,18.64,1.0,0.0,8.0,,,,2.0,42.0,,,,,,
801213,Elche,Tete Morente,FW / Left Wing-Back / LWB / Right Winger / RW / Left Winger / LW,142,5.82,1.6,0.0,0.07,,0.07,1.0,,0.0,0.01,11.0,64.7,1.0,33.3,,,,,,,3.0,27.3,,,39.0,3.0,3.0,1.0,2.0,,3.0,4.0,,,0.0,0.0,0.74,1.0,0.0,,,,,,,,,,,,
1280756,Elche,Lucas Cepeda,FW / Left Wing-Back / LWB / Left Midfielder / LM / Right Winger / RW / Attacking Midfielder / AM / Left Winger / LW / Striker / ST,113,6.53,1.9,0.0,0.44,0.52,0.44,5.0,2.0,0.0,0.19,39.0,79.6,2.0,100.0,2.0,,3.0,37.5,1.0,33.3,7.0,58.3,,,82.0,4.0,0.0,3.0,3.0,,1.0,3.0,,1.0,0.0,1.0,2.38,0.0,0.0,,,,,,,,,,,,
1392232,Elche,Marc Aguado,FW / MF / Defensive Midfielder / DM / Central Midfielder / CM,1659,6.84,1.8,0.0,0.04,,0.04,1.0,,1.0,0.39,764.0,90.1,12.0,33.3,3.0,,2.0,100.0,,,60.0,64.5,6.0,40.0,1054.0,3.0,5.0,19.0,36.0,32.0,12.0,58.0,6.0,7.0,0.0,22.0,32.29,2.0,0.0,15.0,,,,,29.0,,,,,,
671686,Elche,Aleix Febas,FW / MF / Defensive Midfielder / DM / Central Midfielder / CM / Attacking Midfielder / AM,2061,7.3,1.9,2.0,1.61,1.73,1.61,17.0,8.0,1.0,2.1,1237.0,90.4,36.0,70.6,18.0,1.0,1.0,5.9,38.0,67.9,154.0,60.4,2.0,13.3,1753.0,34.0,33.0,71.0,43.0,14.0,20.0,116.0,11.0,19.0,6.0,30.0,35.03,6.0,0.0,2.0,,,,,13.0,,,,,,
1102708,Elche,Germán Valera,FW / MF / Left Back / LB / Left Wing-Back / LWB / Defensive Midfielder / DM / Right Midfielder / RM / Central Midfielder / CM / Left Midfielder / LM / Right Winger / RW / Left Winger / LW,1805,7.15,2.4,4.0,2.27,2.58,2.27,19.0,7.0,3.0,3.2,676.0,88.3,17.0,51.5,27.0,6.0,11.0,18.6,22.0,46.8,114.0,55.3,6.0,31.6,1203.0,66.0,19.0,48.0,38.0,11.0,26.0,87.0,11.0,9.0,2.0,30.0,37.8,2.0,0.0,6.0,,,,1.0,23.0,,,,,,
388523,Elche,André Silva,FW / Striker / ST,1031,6.8,1.9,5.0,5.34,5.59,5.34,30.0,13.0,0.0,0.83,233.0,81.5,2.0,40.0,18.0,1.0,,,12.0,57.1,52.0,38.0,12.0,27.3,468.0,64.0,20.0,23.0,5.0,2.0,14.0,27.0,6.0,12.0,2.0,20.0,21.21,1.0,0.0,1.0,,,,6.0,10.0,,,,,,
1327406,Elche,Álvaro Rodriguez,FW / Striker / ST,1347,6.97,6.9,5.0,6.11,6.01,6.11,48.0,17.0,4.0,2.29,226.0,66.7,8.0,66.7,26.0,6.0,3.0,37.5,27.0,52.9,140.0,50.4,71.0,55.0,669.0,87.0,29.0,31.0,11.0,2.0,22.0,25.0,5.0,6.0,1.0,24.0,31.02,0.0,0.0,1.0,,,1.0,20.0,15.0,,,,,,
1226189,Elche,Martim Neto,MF / Central Midfielder / CM / Attacking Midfielder / AM,1079,6.78,3.7,2.0,0.84,1.33,0.84,12.0,4.0,4.0,1.54,425.0,88.9,8.0,50.0,20.0,3.0,5.0,25.0,18.0,66.7,43.0,45.3,5.0,45.5,665.0,26.0,13.0,7.0,13.0,2.0,14.0,53.0,3.0,11.0,1.0,17.0,19.96,1.0,0.0,1.0,,,,1.0,11.0,,,,,,
640492,Elche (on loan),Rafa Mir,FW / Left Winger / LW / Right Winger / RW / Striker / ST,1324,6.81,1.7,6.0,5.71,5.91,4.92,50.0,24.0,0.0,0.94,268.0,82.5,10.0,66.7,6.0,1.0,2.0,14.3,5.0,27.8,40.0,30.5,14.0,32.6,524.0,54.0,19.0,12.0,9.0,5.0,31.0,30.0,10.0,6.0,2.0,14.0,19.3,1.0,0.0,1.0,,,,4.0,15.0,,,,,,
1137497,Elche,Yago Santiago,MF / Left Midfielder / LM / Left Winger / LW,277,6.23,1.1,0.0,0.12,,0.12,2.0,,0.0,0.21,87.0,85.3,1.0,33.3,2.0,,2.0,33.3,4.0,40.0,10.0,34.5,2.0,28.6,152.0,11.0,2.0,2.0,2.0,1.0,3.0,12.0,3.0,3.0,0.0,5.0,7.25,1.0,0.0,,,,,,5.0,,,,,,
384413,Osasuna,Rubén Garcia,FW / Defensive Midfielder / DM / Right Midfielder / RM / Central Midfielder / CM / Right Winger / RW / Attacking Midfielder / AM / Striker / ST / Left Winger / LW,1358,6.92,1.5,2.0,1.36,0.6,1.36,19.0,5.0,5.0,3.55,405.0,78.3,24.0,49.0,26.0,7.0,35.0,38.0,7.0,36.8,79.0,44.9,15.0,33.3,813.0,25.0,14.0,21.0,36.0,11.0,22.0,53.0,11.0,21.0,0.0,17.0,20.77,4.0,0.0,,,,,,17.0,,,,,,
1553105,Osasuna,Victor Munoz,FW / Right Midfielder / RM / Left Midfielder / LM / Right Winger / RW / Attacking Midfielder / AM / Left Winger / LW / Striker / ST,1829,6.74,80.0,4.0,3.02,4.36,3.02,47.0,19.0,1.0,1.33,300.0,80.4,3.0,33.3,14.0,,10.0,15.2,52.0,40.6,109.0,38.4,7.0,25.9,877.0,86.0,44.0,34.0,17.0,6.0,21.0,65.0,16.0,16.0,2.0,19.0,25.67,2.0,0.0,,,,,5.0,17.0,,,,,,
1054786,Osasuna,Aimar Oroz,FW / MF / Defensive Midfielder / DM / Right Midfielder / RM / Central Midfielder / CM / Left Midfielder / LM / Attacking Midfielder / AM / Striker / ST / Left Winger / LW,1338,6.96,15.1,0.0,0.98,0.38,0.98,19.0,3.0,2.0,2.0,416.0,78.2,20.0,66.7,23.0,3.0,5.0,31.2,19.0,47.5,101.0,51.0,15.0,42.9,828.0,40.0,31.0,36.0,31.0,7.0,17.0,91.0,14.0,8.0,1.0,14.0,17.99,4.0,0.0,1.0,,,,,11.0,,,,,,
251269,Osasuna,Ante Budimir,FW / Striker / ST,1794,6.88,4.5,11.0,9.04,10.69,5.89,59.0,23.0,0.0,0.8,154.0,59.0,3.0,50.0,8.0,1.0,,,3.0,25.0,120.0,46.7,78.0,51.0,545.0,105.0,19.0,26.0,14.0,3.0,36.0,36.0,7.0,2.0,2.0,21.0,25.21,1.0,0.0,4.0,3.0,1.0,,25.0,27.0,,,,,,
921825,Osasuna,Jon Moncayola,MF / Right Back / RB / Right Wing-Back / RWB / Defensive Midfielder / DM / Left Wing-Back / LWB / Right Midfielder / RM / Central Midfielder / CM / Left Midfielder / LM / Attacking Midfielder / AM,1847,7.08,7.2,0.0,1.65,0.2,1.65,16.0,3.0,4.0,2.27,718.0,79.0,65.0,52.4,26.0,7.0,15.0,17.9,10.0,66.7,63.0,45.0,14.0,56.0,1282.0,16.0,6.0,8.0,32.0,15.0,25.0,101.0,9.0,31.0,5.0,24.0,26.25,5.0,0.0,3.0,,,,1.0,33.0,,,,,,
1169596,Osasuna,Raul Moro,FW / Left Midfielder / LM / Right Winger / RW / Left Winger / LW,564,6.61,9.0,0.0,0.96,1.0,0.96,9.0,5.0,1.0,2.25,143.0,81.2,4.0,80.0,16.0,4.0,5.0,12.5,5.0,25.0,14.0,34.1,1.0,33.3,293.0,37.0,0.0,2.0,6.0,4.0,3.0,21.0,3.0,7.0,0.0,9.0,8.27,1.0,0.0,,,,,,1.0,,,,,,
1094778,Osasuna,Raul Garcia,FW / Striker / ST,698,6.46,3.9,4.0,4.29,4.6,4.29,23.0,14.0,0.0,0.71,109.0,70.3,6.0,100.0,5.0,,1.0,20.0,9.0,42.9,59.0,51.3,28.0,52.8,300.0,52.0,13.0,10.0,12.0,6.0,5.0,19.0,5.0,1.0,1.0,12.0,10.95,1.0,0.0,1.0,,,,7.0,9.0,,,,,,
659272,Borussia Dortmund,Julian Ryerson,FW / MF / Right Back / RB / Center Back / CB / Left Back / LB / Right Wing-Back / RWB / Left Wing-Back / LWB / Right Midfielder / RM,1336,7.28,22.6,0.0,0.57,,0.57,8.0,,11.0,5.0,467.0,83.4,19.0,51.4,32.0,14.0,33.0,24.6,13.0,30.2,62.0,41.1,8.0,44.4,1016.0,29.0,22.0,15.0,27.0,10.0,14.0,76.0,11.0,15.0,4.0,12.0,15.98,4.0,0.0,2.0,,,,,24.0,,,,,,
1287373,Borussia Dortmund,Jobe Bellingham,FW / MF / Defensive Midfielder / DM / Central Midfielder / CM / Attacking Midfielder / AM,921,6.74,38.2,0.0,0.69,0.56,0.69,11.0,3.0,1.0,0.71,478.0,85.8,25.0,65.8,4.0,1.0,,,6.0,40.0,52.0,53.1,11.0,52.4,736.0,11.0,14.0,14.0,21.0,27.0,9.0,59.0,7.0,5.0,2.0,11.0,12.66,1.0,1.0,4.0,,,,,15.0,,,,,,
966019,Borussia Dortmund,Felix Nmecha,FW / MF / Defensive Midfielder / DM / Central Midfielder / CM,1674,7.39,43.2,2.0,1.67,1.71,1.67,25.0,5.0,3.0,3.53,706.0,86.5,31.0,58.5,17.0,2.0,1.0,20.0,27.0,58.7,91.0,57.2,21.0,58.3,1086.0,35.0,6.0,15.0,28.0,21.0,19.0,82.0,7.0,9.0,5.0,20.0,20.34,0.0,0.0,3.0,,,,3.0,19.0,,,,,,
1209228,Borussia Dortmund,Daniel Svensson,FW / MF / Center Back / CB / Left Back / LB / Left Wing-Back / LWB / Central Midfielder / CM / Left Midfielder / LM / Left Winger / LW,1700,7.07,25.2,1.0,0.91,1.54,0.91,6.0,2.0,1.0,3.9,530.0,84.3,8.0,30.8,22.0,3.0,24.0,26.4,11.0,55.0,65.0,50.0,16.0,45.7,1032.0,42.0,7.0,13.0,26.0,12.0,22.0,60.0,7.0,8.0,8.0,17.0,20.86,0.0,0.0,6.0,,,,3.0,55.0,,,,,,
516846,Borussia Dortmund,Julian Brandt,FW / MF / Central Midfielder / CM / Attacking Midfielder / AM / Striker / ST / Left Winger / LW,1080,7.42,14.7,6.0,4.55,5.21,4.55,25.0,14.0,2.0,2.87,387.0,79.3,12.0,50.0,20.0,4.0,3.0,17.6,13.0,52.0,41.0,48.8,13.0,52.0,662.0,56.0,11.0,4.0,11.0,3.0,4.0,42.0,10.0,4.0,3.0,13.0,14.1,0.0,0.0,,,,,3.0,8.0,,,,,,
448540,Borussia Dortmund,Serhou Guirassy,FW / Striker / ST,1642,7.33,45.6,11.0,10.88,11.77,8.51,57.0,26.0,1.0,2.67,309.0,75.4,6.0,60.0,15.0,1.0,,,11.0,55.0,108.0,48.6,70.0,56.5,669.0,102.0,20.0,25.0,2.0,,31.0,40.0,9.0,4.0,6.0,15.0,19.02,2.0,0.0,1.0,1.0,2.0,1.0,18.0,27.0,,,,,,
1047667,Borussia Dortmund,Maximilian Beier,FW / MF / Left Wing-Back / LWB / Right Winger / RW / Attacking Midfielder / AM / Left Winger / LW / Striker / ST,1136,7.04,34.9,7.0,4.7,7.0,4.7,29.0,15.0,3.0,2.59,239.0,71.1,5.0,45.5,15.0,4.0,1.0,7.7,11.0,36.7,54.0,38.8,18.0,42.9,581.0,70.0,21.0,12.0,13.0,6.0,12.0,42.0,14.0,9.0,1.0,9.0,13.25,2.0,0.0,2.0,,1.0,,6.0,13.0,,,,,,
1089685,Borussia Dortmund,Carney Chukwuemeka,MF / Defensive Midfielder / DM / Attacking Midfielder / AM,634,6.8,20.8,2.0,1.71,0.99,1.71,14.0,2.0,0.0,1.6,234.0,85.4,2.0,66.7,10.0,,,,19.0,48.7,49.0,47.6,5.0,31.2,447.0,27.0,12.0,10.0,15.0,6.0,7.0,36.0,3.0,4.0,0.0,4.0,6.73,1.0,0.0,,,,,2.0,5.0,,,,,,
1050158,Borussia Dortmund,Fabio Silva,FW / Attacking Midfielder / AM / Striker / ST,454,6.79,31.8,0.0,1.01,0.69,1.01,12.0,3.0,5.0,1.35,115.0,74.7,,,12.0,3.0,2.0,33.3,9.0,50.0,26.0,35.6,8.0,32.0,242.0,26.0,11.0,7.0,2.0,2.0,9.0,17.0,4.0,1.0,0.0,4.0,6.37,2.0,0.0,1.0,,,,5.0,,,,,,,
215151,Borussia Dortmund,Marcel Sabitzer,MF / Defensive Midfielder / DM / Central Midfielder / CM / Left Midfielder / LM / Attacking Midfielder / AM / Left Winger / LW,941,6.93,5.7,1.0,0.84,1.09,0.84,13.0,3.0,1.0,1.05,347.0,83.6,16.0,50.0,8.0,2.0,7.0,41.2,1.0,50.0,26.0,46.4,7.0,43.8,545.0,14.0,3.0,6.0,12.0,12.0,10.0,37.0,6.0,8.0,3.0,10.0,11.75,2.0,0.0,1.0,,,,3.0,23.0,,,,,,
959594,Borussia Dortmund,Karim Adeyemi,MF / Right Midfielder / RM / Left Midfielder / LM / Right Winger / RW / Attacking Midfielder / AM / Striker / ST,919,6.98,43.1,5.0,3.42,4.49,3.42,22.0,11.0,2.0,2.26,172.0,72.6,3.0,33.3,11.0,4.0,2.0,28.6,22.0,39.3,55.0,41.0,6.0,42.9,473.0,59.0,16.0,23.0,4.0,4.0,16.0,29.0,8.0,6.0,0.0,8.0,9.7,3.0,0.0,,,1.0,,1.0,1.0,,,,,,
240537,Mainz 05,Danny da Costa,DF / FW / Center Back / CB / Right Wing-Back / RWB / Right Midfielder / RM,1840,6.8,896.4,1.0,0.73,1.0,0.73,8.0,4.0,1.0,1.85,581.0,74.6,55.0,34.0,12.0,3.0,13.0,36.1,8.0,61.5,91.0,54.8,38.0,54.3,1218.0,14.0,7.0,17.0,29.0,21.0,19.0,73.0,3.0,13.0,2.0,36.0,39.76,3.0,0.0,12.0,,,,2.0,114.0,,,,,,
614449,Mainz 05,Nadiem Amiri,FW / MF / Defensive Midfielder / DM / Central Midfielder / CM / Right Winger / RW / Attacking Midfielder / AM,1561,7.59,21.4,9.0,6.88,8.06,1.36,36.0,14.0,2.0,5.01,694.0,80.5,51.0,47.2,43.0,11.0,28.0,29.8,18.0,48.6,74.0,48.4,11.0,52.4,1252.0,48.0,23.0,19.0,26.0,15.0,17.0,88.0,13.0,11.0,1.0,26.0,25.77,6.0,0.0,3.0,7.0,1.0,,,8.0,,,,,,
1033111,Mainz 05,Kaishu Sano,FW / MF / Defensive Midfielder / DM / Central Midfielder / CM,1987,7.29,25.5,1.0,0.89,1.04,0.89,13.0,3.0,1.0,1.79,652.0,78.3,34.0,39.5,15.0,2.0,1.0,10.0,19.0,70.4,131.0,64.5,60.0,66.7,1174.0,29.0,15.0,19.0,34.0,50.0,7.0,132.0,6.0,12.0,2.0,37.0,40.49,1.0,0.0,7.0,,,,1.0,36.0,,,,,,
523749,Mainz 05,Jae-Sung Lee,FW / MF / Defensive Midfielder / DM / Right Midfielder / RM / Central Midfielder / CM / Left Midfielder / LM / Attacking Midfielder / AM / Striker / ST / Left Winger / LW,1651,6.81,1.5,2.0,1.89,2.37,1.89,21.0,6.0,2.0,2.6,377.0,76.3,17.0,53.1,19.0,7.0,4.0,23.5,3.0,30.0,92.0,46.0,41.0,41.8,784.0,51.0,17.0,18.0,30.0,19.0,15.0,67.0,6.0,15.0,1.0,31.0,32.72,2.0,0.0,,,1.0,,8.0,27.0,,,,,,
275034,Mainz 05,Silvan Widmer,FW / MF / Right Back / RB / Left Back / LB / Right Wing-Back / RWB / Left Wing-Back / LWB / Right Midfielder / RM / Left Midfielder / LM,1171,6.78,623.3,2.0,2.26,2.42,2.26,17.0,3.0,0.0,0.93,261.0,71.1,16.0,45.7,3.0,2.0,2.0,11.8,2.0,33.3,58.0,55.2,22.0,50.0,696.0,36.0,3.0,7.0,28.0,10.0,12.0,39.0,3.0,6.0,0.0,19.0,20.03,5.0,0.0,7.0,,,,2.0,43.0,,,,,,
959404,Mainz 05,Silas Katompa Mvumpa,FW / Attacking Midfielder / AM / Striker / ST / Left Winger / LW,253,6.64,3.1,1.0,1.67,1.52,1.67,7.0,6.0,0.0,0.13,31.0,73.8,,,1.0,,,,6.0,54.5,15.0,37.5,3.0,23.1,102.0,7.0,7.0,4.0,2.0,,1.0,11.0,3.0,2.0,0.0,5.0,4.25,0.0,0.0,1.0,,,,1.0,,,,,,,
686315,Mainz 05,Phillip Tietz,FW / Striker / ST,788,6.53,3.9,2.0,3.23,3.16,2.45,22.0,12.0,2.0,1.13,138.0,57.7,2.0,50.0,8.0,1.0,1.0,100.0,5.0,33.3,62.0,39.7,43.0,46.2,401.0,50.0,14.0,11.0,3.0,1.0,18.0,29.0,6.0,3.0,1.0,12.0,14.95,3.0,0.0,1.0,,1.0,,11.0,20.0,,,,,,
495222,Mainz 05 (on loan),Sheraldo Becker,FW / Right Midfielder / RM / Right Winger / RW / Attacking Midfielder / AM / Left Winger / LW,120,6.04,1.5,,,,,,,,,,,,,,,,,,,,,,,,,,,,,,,,,,,,,,,,,,,,,,,,,
1175939,Mainz 05,Paul Nebel,MF / Central Midfielder / CM / Left Midfielder / LM / Right Winger / RW / Attacking Midfielder / AM / Left Winger / LW,1146,6.6,21.1,1.0,2.42,1.0,2.42,14.0,1.0,0.0,1.93,354.0,76.6,8.0,44.4,21.0,2.0,16.0,20.5,11.0,37.9,49.0,36.3,5.0,14.7,748.0,35.0,14.0,11.0,22.0,8.0,16.0,61.0,10.0,10.0,1.0,24.0,22.86,2.0,2.0,1.0,,,,1.0,12.0,,,,,,
1367614,Mainz 05,Nelson Weiper,FW / Striker / ST / Left Winger / LW,463,6.05,19.2,0.0,2.04,2.04,2.04,9.0,5.0,0.0,0.28,72.0,64.3,4.0,100.0,5.0,,,,3.0,30.0,34.0,35.4,27.0,41.5,192.0,25.0,10.0,2.0,2.0,1.0,5.0,12.0,2.0,2.0,0.0,9.0,10.05,1.0,0.0,1.0,,,,4.0,3.0,,,,,,
1343374,Pisa (on loan),Felipe Loyola,MF / Right Back / RB / Defensive Midfielder / DM / Central Midfielder / CM / Attacking Midfielder / AM,214,6.85,9.1,1.0,0.3,0.26,0.3,2.0,1.0,0.0,0.05,78.0,85.7,5.0,55.6,2.0,,,,1.0,100.0,5.0,33.3,,,127.0,1.0,4.0,1.0,3.0,5.0,5.0,12.0,2.0,1.0,0.0,3.0,3.67,0.0,0.0,,,,1.0,,6.0,,,,,,
792756,Pisa (on loan),Michel Aebischer,MF / Defensive Midfielder / DM / Central Midfielder / CM / Attacking Midfielder / AM,1999,6.96,6.7,1.0,0.41,0.6,0.41,12.0,1.0,1.0,1.7,895.0,85.1,76.0,52.1,25.0,5.0,10.0,40.0,7.0,43.8,92.0,54.4,10.0,40.0,1340.0,10.0,10.0,27.0,48.0,25.0,26.0,110.0,9.0,18.0,4.0,29.0,31.25,4.0,0.0,5.0,,,,,23.0,,,,,,
506776,Pisa,Stefano Moreo,FW / Attacking Midfielder / AM / Right Winger / RW / Striker / ST / Left Winger / LW,1319,6.87,1.3,5.0,3.66,5.23,2.87,35.0,12.0,1.0,0.98,183.0,61.2,8.0,50.0,14.0,3.0,2.0,14.3,5.0,38.5,82.0,50.3,54.0,52.9,512.0,60.0,4.0,11.0,12.0,13.0,16.0,45.0,7.0,7.0,1.0,28.0,24.97,2.0,0.0,4.0,1.0,,,18.0,35.0,,,,,,
864006,Pisa,Matteo Tramoni,FW / MF / Central Midfielder / CM / Attacking Midfielder / AM / Right Winger / RW / Striker / ST / Left Winger / LW,1227,6.64,5.9,2.0,2.77,1.62,1.98,24.0,7.0,2.0,2.14,195.0,72.2,11.0,42.3,25.0,4.0,18.0,30.5,5.0,20.0,46.0,41.8,8.0,53.3,517.0,40.0,9.0,10.0,23.0,9.0,15.0,54.0,16.0,14.0,0.0,24.0,22.05,3.0,0.0,,1.0,,1.0,3.0,8.0,,,,,,
1079080,Pisa,Filip Stojilkovic,FW / Attacking Midfielder / AM / Striker / ST,1527,7.03,1.8,7.0,8.19,7.55,8.19,47.0,15.0,2.0,1.31,113.0,60.4,2.0,22.2,12.0,2.0,3.0,33.3,8.0,42.1,35.0,39.3,17.0,51.5,353.0,81.0,10.0,5.0,5.0,3.0,13.0,27.0,8.0,6.0,3.0,18.0,17.74,3.0,0.0,,,,,9.0,13.0,,,,,,
1368061,Pisa (on loan),Samuel Iling-Junior,FW / Left Back / LB / Left Wing-Back / LWB / Right Wing-Back / RWB / Right Winger / RW / Left Winger / LW / Striker / ST,1290,6.48,11.2,1.0,2.54,1.86,2.54,30.0,6.0,0.0,1.74,304.0,75.8,8.0,36.4,16.0,4.0,12.0,18.8,15.0,48.4,62.0,42.2,17.0,42.5,715.0,44.0,17.0,17.0,13.0,10.0,18.0,53.0,5.0,11.0,0.0,26.0,14.3,1.0,0.0,4.0,,,,5.0,27.0,,,,,,
1481909,Pisa (on loan),Ebenezer Akinsanmiro,MF / Defensive Midfielder / DM / Central Midfielder / CM / Attacking Midfielder / AM,933,6.98,6.4,0.0,0.62,0.1,0.62,11.0,3.0,1.0,1.14,263.0,87.1,18.0,60.0,12.0,2.0,3.0,27.3,16.0,53.3,63.0,50.0,7.0,41.2,498.0,11.0,12.0,18.0,22.0,16.0,23.0,75.0,7.0,7.0,2.0,16.0,16.91,2.0,0.0,3.0,,,,,11.0,,,,,,
1305763,Pisa,Rafiu Durosinmi,FW / Center Back / CB / Attacking Midfielder / AM / Striker / ST / Left Winger / LW,163,6.43,6.5,1.0,0.22,0.73,0.22,4.0,2.0,1.0,0.06,20.0,55.6,1.0,100.0,1.0,,,,1.0,50.0,12.0,35.3,10.0,47.6,69.0,7.0,4.0,1.0,,1.0,8.0,5.0,,,0.0,7.0,4.59,0.0,0.0,,,,,4.0,5.0,,,,,,
1595629,Milan,Zachary Athekame,DF / FW / Right Back / RB / Right Midfielder / RM,215,6.62,10.9,0.0,0.14,,0.14,5.0,,0.0,0.49,76.0,82.6,5.0,55.6,4.0,1.0,3.0,16.7,1.0,100.0,10.0,55.6,1.0,20.0,166.0,10.0,1.0,3.0,5.0,2.0,5.0,10.0,,,0.0,5.0,3.7,1.0,0.0,1.0,,,,,6.0,,,,,,
954621,Milan,Youssouf Fofana,FW / MF / Defensive Midfielder / DM / Central Midfielder / CM,1441,6.83,31.2,1.0,2.32,2.27,2.32,29.0,10.0,2.0,1.96,435.0,84.8,15.0,53.6,21.0,2.0,2.0,28.6,5.0,21.7,52.0,40.3,7.0,26.9,729.0,52.0,14.0,11.0,29.0,8.0,16.0,62.0,12.0,11.0,3.0,13.0,18.78,4.0,0.0,1.0,,,1.0,4.0,11.0,,,,,,
31097,Milan,Luka Modric,FW / MF / Defensive Midfielder / DM / Central Midfielder / CM,1917,7.72,2.2,2.0,1.25,2.46,1.25,12.0,7.0,3.0,3.41,1338.0,90.7,113.0,73.4,38.0,4.0,23.0,29.1,11.0,47.8,78.0,54.9,9.0,47.4,1801.0,16.0,10.0,23.0,35.0,29.0,14.0,128.0,7.0,20.0,7.0,17.0,25.04,3.0,0.0,9.0,,,,,26.0,,,,,,
352879,Milan,Adrien Rabiot,FW / MF / Defensive Midfielder / DM / Central Midfielder / CM / Attacking Midfielder / AM / Left Winger / LW,94,7.23,19.6,0.0,0.04,,0.04,1.0,,0.0,0.51,39.0,95.1,,,4.0,,3.0,33.3,,,1.0,20.0,,,59.0,6.0,0.0,1.0,,,2.0,2.0,,,0.0,1.0,1.47,1.0,0.0,,,,,,1.0,,,,,,
1385856,Milan,Davide Bartesaghi,FW / MF / Center Back / CB / Left Back / LB / Left Wing-Back / LWB / Left Midfielder / LM / Left Winger / LW,1476,7.1,4.8,2.0,0.85,0.99,0.85,14.0,6.0,0.0,2.64,530.0,85.2,28.0,50.9,28.0,2.0,26.0,28.9,8.0,42.1,69.0,53.5,16.0,48.5,1032.0,19.0,14.0,8.0,37.0,8.0,12.0,35.0,1.0,7.0,6.0,13.0,21.55,2.0,0.0,4.0,,,2.0,1.0,35.0,,,,,,
604982,Milan,Ruben Loftus-Cheek,FW / MF / Defensive Midfielder / DM / Central Midfielder / CM / Attacking Midfielder / AM / Striker / ST,1016,6.7,8.3,3.0,3.18,2.79,3.18,29.0,6.0,1.0,0.93,300.0,84.5,3.0,30.0,9.0,3.0,2.0,22.2,9.0,40.9,67.0,46.5,30.0,52.6,542.0,67.0,15.0,17.0,11.0,4.0,20.0,34.0,4.0,4.0,0.0,8.0,8.21,1.0,0.0,1.0,,,,13.0,15.0,,,,,,
704523,Milan,Christopher Nkunku,FW / Right Winger / RW / Attacking Midfielder / AM / Left Winger / LW / Striker / ST,884,6.97,37.7,5.0,6.97,5.51,4.61,20.0,11.0,2.0,0.72,174.0,89.2,4.0,100.0,9.0,2.0,2.0,50.0,4.0,33.3,35.0,47.3,12.0,35.3,314.0,44.0,5.0,15.0,4.0,1.0,5.0,12.0,4.0,1.0,1.0,7.0,13.27,0.0,0.0,,3.0,2.0,,3.0,6.0,,,,,,
276791,Milan (on loan),Niclas Füllkrug,FW / Striker / ST,415,6.12,8.4,0.0,0.92,0.39,0.92,9.0,3.0,0.0,0.23,57.0,61.3,1.0,50.0,7.0,,,,,,21.0,30.4,18.0,36.0,144.0,23.0,6.0,1.0,2.0,2.0,11.0,10.0,2.0,1.0,0.0,11.0,8.67,0.0,0.0,1.0,,,,6.0,4.0,,,,,,
848844,Milan,Rafael Leao,FW / Attacking Midfielder / AM / Left Winger / LW / Striker / ST,1091,7.11,70.5,7.0,5.3,6.14,3.73,33.0,16.0,2.0,1.87,276.0,82.1,9.0,90.0,10.0,6.0,1.0,20.0,12.0,41.4,54.0,45.0,16.0,47.1,521.0,65.0,15.0,22.0,4.0,3.0,14.0,24.0,6.0,4.0,2.0,11.0,17.73,1.0,0.0,,2.0,,,5.0,6.0,,,,,,
688295,Milan,Christian Pulisic,FW / Central Midfielder / CM / Right Winger / RW / Attacking Midfielder / AM / Left Winger / LW / Striker / ST,892,7.26,46.2,8.0,5.78,6.14,4.99,30.0,17.0,2.0,2.06,312.0,86.9,4.0,36.4,23.0,5.0,8.0,34.8,13.0,36.1,47.0,44.8,8.0,36.4,559.0,68.0,11.0,16.0,10.0,3.0,8.0,26.0,7.0,6.0,0.0,6.0,9.67,0.0,0.0,1.0,,,,2.0,8.0,,,,,,
1233931,Rennes,Quentin Merlin,DF / MF / Left Back / LB / Left Wing-Back / LWB / Right Midfielder / RM / Central Midfielder / CM / Left Midfielder / LM / Attacking Midfielder / AM,1455,6.99,16.5,1.0,1.07,0.65,1.07,18.0,5.0,3.0,2.87,557.0,79.1,24.0,32.0,24.0,5.0,19.0,16.8,8.0,44.4,58.0,51.3,9.0,52.9,1175.0,29.0,17.0,19.0,23.0,22.0,8.0,72.0,10.0,12.0,2.0,28.0,27.72,0.0,0.0,7.0,,,,,33.0,,,,,,
770321,Rennes,Mahdi Camara,MF / Defensive Midfielder / DM / Right Midfielder / RM / Central Midfielder / CM / Right Winger / RW / Attacking Midfielder / AM,1603,7.09,10.1,1.0,1.34,1.45,1.34,13.0,5.0,1.0,1.89,596.0,88.6,9.0,56.2,17.0,3.0,4.0,17.4,14.0,41.2,82.0,52.6,16.0,59.3,942.0,47.0,10.0,19.0,34.0,20.0,25.0,59.0,8.0,11.0,4.0,26.0,26.61,3.0,1.0,3.0,,1.0,,2.0,26.0,,,,,,
813055,Rennes,Mousa Tamari,FW / MF / Right Midfielder / RM / Left Midfielder / LM / Attacking Midfielder / AM / Left Winger / LW / Right Winger / RW / Striker / ST,1367,6.93,3.6,3.0,2.85,2.91,2.85,35.0,15.0,3.0,2.91,318.0,82.0,8.0,47.1,21.0,4.0,11.0,17.5,20.0,33.3,56.0,38.1,1.0,16.7,742.0,67.0,22.0,17.0,18.0,8.0,14.0,78.0,15.0,10.0,3.0,17.0,22.79,4.0,0.0,1.0,,,,1.0,4.0,,,,,,
765466,Rennes,Sebastian Szymanski,FW / MF / Defensive Midfielder / DM / Right Midfielder / RM / Central Midfielder / CM / Right Winger / RW / Attacking Midfielder / AM / Left Winger / LW,440,6.51,13.4,1.0,0.83,1.1,0.83,9.0,3.0,0.0,1.29,155.0,82.9,7.0,50.0,11.0,3.0,3.0,11.1,2.0,16.7,20.0,46.5,1.0,20.0,296.0,30.0,3.0,9.0,8.0,3.0,5.0,28.0,6.0,2.0,1.0,2.0,3.15,0.0,0.0,,,,,1.0,4.0,,,,,,
770340,Rennes (on loan),Arnaud Nordin,FW / MF / Right Wing-Back / RWB / Right Midfielder / RM / Attacking Midfielder / AM / Striker / ST / Left Winger / LW,468,6.64,4.7,0.0,0.79,0.46,0.79,13.0,2.0,0.0,0.5,132.0,82.5,5.0,50.0,3.0,,3.0,16.7,4.0,40.0,29.0,52.7,2.0,16.7,298.0,19.0,3.0,13.0,10.0,4.0,4.0,25.0,4.0,3.0,0.0,11.0,11.6,0.0,0.0,1.0,,,,1.0,6.0,,,,,,
1280225,Rennes,Esteban Lepaul,FW / Striker / ST,1679,7.05,13.8,11.0,8.89,10.76,8.89,53.0,23.0,3.0,0.52,222.0,75.3,8.0,50.0,12.0,2.0,1.0,11.1,4.0,30.8,45.0,37.5,25.0,40.3,470.0,71.0,10.0,10.0,6.0,1.0,18.0,28.0,10.0,5.0,1.0,24.0,25.26,1.0,0.0,,,,,10.0,13.0,,,,,,
693171,Rennes,Ludovic Blas,MF / Right Midfielder / RM / Central Midfielder / CM / Attacking Midfielder / AM / Left Winger / LW / Right Winger / RW / Striker / ST,832,6.82,15.6,3.0,3.49,3.01,1.91,26.0,8.0,3.0,3.35,320.0,85.8,14.0,60.9,25.0,6.0,13.0,30.2,14.0,50.0,41.0,41.8,1.0,10.0,581.0,33.0,12.0,19.0,7.0,8.0,11.0,46.0,9.0,11.0,0.0,18.0,14.94,0.0,0.0,1.0,2.0,,,,5.0,,,,,,
527103,Rennes,Breel Embolo,FW / Attacking Midfielder / AM / Striker / ST / Left Winger / LW,1317,6.88,12.7,6.0,5.04,5.68,5.04,23.0,11.0,2.0,1.11,180.0,73.5,3.0,50.0,13.0,2.0,1.0,25.0,10.0,31.2,80.0,43.5,16.0,41.0,473.0,73.0,19.0,39.0,15.0,4.0,34.0,42.0,9.0,7.0,2.0,24.0,20.73,3.0,0.0,3.0,,,,8.0,10.0,,,,,,
1553515,Rennes,Djaoui Cisse,MF / Defensive Midfielder / DM / Central Midfielder / CM / Attacking Midfielder / AM,862,6.68,14.0,0.0,0.7,0.77,0.7,22.0,5.0,0.0,0.67,358.0,81.2,18.0,52.9,10.0,,3.0,11.5,8.0,40.0,50.0,50.0,4.0,40.0,640.0,17.0,9.0,8.0,30.0,4.0,16.0,48.0,7.0,7.0,0.0,14.0,15.5,2.0,0.0,5.0,,,,,4.0,,,,,,
1858591,Rennes,Elias Legendre,FW,15,6.16,130.0,,,,,,,,,,,,,,,,,,,,,,,,,,,,,,,,,,,,,,,,,,,,,,,,,
1367615,Paris Saint-Germain,Warren Zaire-Emery,FW / MF / Right Back / RB / Center Back / CB / Defensive Midfielder / DM / Central Midfielder / CM,1785,7.4,69.9,1.0,0.66,0.73,0.66,14.0,4.0,3.0,2.17,1338.0,93.3,25.0,61.0,31.0,6.0,2.0,15.4,22.0,61.1,78.0,48.1,11.0,64.7,1747.0,44.0,24.0,11.0,34.0,10.0,26.0,101.0,10.0,15.0,6.0,18.0,18.44,2.0,0.0,5.0,,,,1.0,13.0,,,,,,
1061249,Paris Saint-Germain,Vitinha,FW / MF / Defensive Midfielder / DM / Central Midfielder / CM,1655,7.78,116.4,1.0,0.8,1.04,0.8,27.0,9.0,7.0,3.26,2034.0,93.9,137.0,75.7,29.0,8.0,6.0,31.6,9.0,69.2,46.0,58.2,2.0,50.0,2366.0,5.0,7.0,18.0,17.0,20.0,11.0,111.0,14.0,12.0,8.0,14.0,16.24,2.0,0.0,4.0,,,,,20.0,,,,,,
1342757,Paris Saint-Germain,Joao Neves,FW / MF / Right Back / RB / Defensive Midfielder / DM / Central Midfielder / CM / Attacking Midfielder / AM,977,7.49,71.8,5.0,2.38,3.45,2.38,21.0,6.0,1.0,1.38,695.0,91.9,25.0,71.4,9.0,2.0,2.0,100.0,6.0,66.7,47.0,56.0,12.0,60.0,899.0,38.0,4.0,8.0,22.0,5.0,12.0,52.0,8.0,11.0,2.0,11.0,10.15,0.0,0.0,5.0,,1.0,,7.0,2.0,,,,,,
1339208,Paris Saint-Germain,Désiré Doué,FW / Central Midfielder / CM / Right Winger / RW / Attacking Midfielder / AM / Left Winger / LW / Striker / ST,708,7.31,103.0,3.0,4.34,4.53,4.34,30.0,11.0,2.0,1.27,356.0,85.2,11.0,55.0,16.0,2.0,6.0,18.2,18.0,39.1,57.0,45.2,,,655.0,71.0,18.0,19.0,20.0,4.0,14.0,31.0,10.0,6.0,0.0,8.0,7.83,0.0,0.0,1.0,,2.0,,,1.0,,,,,,
692984,Paris Saint-Germain,Ousmane Dembélé,FW / Right Winger / RW / Attacking Midfielder / AM / Striker / ST,688,7.51,98.6,8.0,4.58,4.89,2.22,27.0,12.0,4.0,3.45,432.0,84.5,22.0,78.6,32.0,6.0,9.0,23.7,15.0,55.6,24.0,46.2,2.0,33.3,640.0,51.0,9.0,2.0,5.0,,2.0,17.0,7.0,1.0,0.0,6.0,5.57,0.0,0.0,,2.0,,,1.0,,,,,,,
900433,Paris Saint-Germain,Khvicha Kvaratskhelia,FW / Left Winger / LW / Right Winger / RW / Striker / ST,928,7.13,110.5,4.0,3.45,5.14,3.45,38.0,16.0,3.0,3.97,451.0,85.7,11.0,52.4,25.0,7.0,8.0,24.2,25.0,51.0,62.0,47.0,4.0,36.4,777.0,97.0,17.0,17.0,16.0,6.0,13.0,21.0,7.0,9.0,2.0,8.0,7.55,1.0,0.0,2.0,,,,1.0,4.0,,,,,,
1297165,Paris Saint-Germain,Bradley Barcola,FW / Right Winger / RW / Left Winger / LW / Striker / ST,1084,7.42,71.2,7.0,7.19,6.93,7.19,45.0,22.0,1.0,3.06,391.0,84.8,11.0,100.0,26.0,6.0,3.0,21.4,26.0,44.1,59.0,44.0,5.0,45.5,702.0,104.0,13.0,8.0,20.0,7.0,13.0,39.0,14.0,10.0,3.0,8.0,12.21,2.0,0.0,1.0,,1.0,,4.0,4.0,,,,,,
940976,Paris Saint-Germain,Kang-In Lee,MF / Right Midfielder / RM / Central Midfielder / CM / Right Winger / RW / Attacking Midfielder / AM / Striker / ST,950,7.19,24.8,2.0,1.72,1.64,1.72,30.0,11.0,2.0,3.31,590.0,91.8,38.0,67.9,32.0,8.0,24.0,42.9,14.0,51.9,42.0,46.7,4.0,44.4,855.0,32.0,11.0,13.0,12.0,2.0,14.0,39.0,7.0,6.0,0.0,10.0,10.94,2.0,0.0,1.0,,,1.0,,5.0,,,,,,
1682313,Paris Saint-Germain,Dro Fernandez,MF / Attacking Midfielder / AM,90,6.5,6.5,0.0,,,,0.0,,0.0,0.05,40.0,85.1,1.0,100.0,2.0,,,,4.0,100.0,8.0,61.5,2.0,66.7,60.0,3.0,2.0,1.0,1.0,,1.0,3.0,,1.0,0.0,1.0,1.19,0.0,0.0,,,,,,,,,,,,
940087,Paris Saint-Germain,Goncalo Ramos,FW / Striker / ST,918,6.7,41.1,4.0,6.29,6.59,5.5,42.0,20.0,0.0,0.5,186.0,81.6,2.0,66.7,10.0,1.0,1.0,100.0,9.0,45.0,45.0,42.5,14.0,42.4,377.0,69.0,9.0,13.0,9.0,3.0,18.0,19.0,7.0,9.0,2.0,9.0,10.57,2.0,0.0,,1.0,,,15.0,3.0,,,,,,
1305618,Monaco,Maghnes Akliouche,FW / Right Midfielder / RM / Central Midfielder / CM / Right Winger / RW / Attacking Midfielder / AM / Striker / ST,1658,7.15,48.5,4.0,4.7,4.51,4.7,33.0,11.0,2.0,3.45,643.0,84.7,31.0,77.5,26.0,7.0,7.0,28.0,15.0,38.5,73.0,42.7,2.0,12.5,1089.0,65.0,27.0,25.0,31.0,13.0,16.0,112.0,22.0,19.0,3.0,27.0,26.13,2.0,0.0,1.0,,,,,11.0,,,,,,
586388,Monaco,Aleksandr Golovin,FW / Defensive Midfielder / DM / Right Midfielder / RM / Central Midfielder / CM / Left Midfielder / LM / Attacking Midfielder / AM / Left Winger / LW / Striker / ST,1134,7.08,21.4,2.0,2.15,3.3,2.15,21.0,10.0,4.0,1.33,387.0,80.8,14.0,56.0,18.0,2.0,5.0,17.9,13.0,59.1,45.0,41.3,3.0,23.1,709.0,38.0,11.0,10.0,19.0,18.0,21.0,57.0,12.0,14.0,1.0,15.0,14.25,1.0,1.0,4.0,,,,2.0,7.0,,,,,,
1227012,Monaco (on loan),Simon Adingra,FW / Right Midfielder / RM / Left Midfielder / LM / Right Winger / RW / Attacking Midfielder / AM / Left Winger / LW / Striker / ST,658,6.31,28.1,1.0,0.35,0.28,0.35,6.0,2.0,0.0,0.61,122.0,75.8,2.0,33.3,7.0,2.0,5.0,18.5,7.0,26.9,30.0,30.6,9.0,39.1,309.0,16.0,12.0,3.0,11.0,2.0,17.0,20.0,4.0,9.0,0.0,8.0,11.27,2.0,0.0,,,,,,11.0,,,,,,
982677,Monaco,Folarin Balogun,FW / Striker / ST,1249,6.81,20.0,4.0,6.07,4.46,5.28,42.0,17.0,3.0,1.0,174.0,72.2,3.0,75.0,13.0,6.0,,,11.0,50.0,53.0,39.6,14.0,36.8,430.0,101.0,20.0,23.0,5.0,3.0,24.0,35.0,13.0,4.0,2.0,19.0,17.83,3.0,1.0,1.0,1.0,2.0,,9.0,4.0,,,,,,
1524548,Monaco,Mamadou Coulibaly,MF / Defensive Midfielder / DM / Central Midfielder / CM / Attacking Midfielder / AM,891,6.93,1.3,3.0,1.29,1.85,1.29,6.0,4.0,1.0,1.28,415.0,86.6,25.0,65.8,8.0,1.0,1.0,16.7,10.0,47.6,54.0,48.2,7.0,38.9,644.0,11.0,5.0,10.0,27.0,13.0,22.0,59.0,5.0,10.0,1.0,21.0,17.27,5.0,1.0,1.0,,,,,13.0,,,,,,
1086012,Monaco (on loan),Ansu Fati,FW / Attacking Midfielder / AM / Left Winger / LW / Right Winger / RW / Striker / ST,551,6.94,13.7,7.0,7.76,7.47,4.6,23.0,13.0,0.0,0.64,165.0,82.1,10.0,66.7,8.0,1.0,2.0,100.0,7.0,38.9,27.0,44.3,8.0,47.1,304.0,35.0,3.0,4.0,8.0,2.0,6.0,20.0,3.0,6.0,0.0,9.0,10.19,1.0,0.0,,3.0,,,4.0,5.0,,,,,,
1113809,Monaco,Mika Biereth,FW / Attacking Midfielder / AM / Striker / ST,954,6.37,34.3,2.0,3.31,2.56,3.31,19.0,7.0,2.0,1.12,101.0,59.8,1.0,50.0,15.0,4.0,2.0,28.6,3.0,30.0,37.0,31.4,10.0,21.3,312.0,56.0,21.0,13.0,11.0,,14.0,23.0,10.0,7.0,0.0,20.0,16.14,0.0,0.0,2.0,,,,5.0,5.0,,,,,,
837061,Monaco,Krepin Diatta,DF / Right Back / RB / Left Back / LB / Right Wing-Back / RWB / Left Wing-Back / LWB / Right Midfielder / RM / Central Midfielder / CM / Right Winger / RW,817,7.14,4.4,0.0,0.63,0.64,0.63,5.0,1.0,1.0,1.87,275.0,77.7,12.0,40.0,11.0,3.0,7.0,23.3,5.0,62.5,60.0,65.9,20.0,64.5,591.0,17.0,3.0,7.0,28.0,15.0,7.0,45.0,2.0,10.0,1.0,12.0,12.46,1.0,0.0,3.0,,,1.0,1.0,23.0,,,,,,
1299869,Nantes (on loan),Mohamed Kaba,MF / Defensive Midfielder / DM / Central Midfielder / CM / Attacking Midfielder / AM,190,6.78,1.9,0.0,0.05,,0.05,1.0,,1.0,0.14,72.0,85.7,,,3.0,1.0,,,,,7.0,46.7,1.0,33.3,102.0,4.0,2.0,3.0,3.0,1.0,2.0,14.0,4.0,1.0,0.0,5.0,3.04,1.0,0.0,,,,,,,,,,,,
199834,Nantes (on loan),Rémy Cabella,FW / Defensive Midfielder / DM / Right Midfielder / RM / Central Midfielder / CM / Right Winger / RW / Attacking Midfielder / AM / Left Winger / LW,458,7.21,945.0,1.0,2.01,1.69,1.22,5.0,3.0,0.0,0.9,259.0,84.6,10.0,52.6,14.0,1.0,13.0,44.8,4.0,66.7,29.0,55.8,6.0,54.5,406.0,13.0,6.0,9.0,11.0,4.0,5.0,30.0,9.0,6.0,0.0,12.0,5.51,1.0,0.0,,1.0,,,1.0,1.0,,,,,,
1607493,Nantes,Dehmaine Tabibou,FW / MF / Left Wing-Back / LWB / Right Midfielder / RM / Central Midfielder / CM / Right Winger / RW / Attacking Midfielder / AM,886,6.7,650.0,0.0,0.75,0.15,0.75,16.0,2.0,0.0,1.18,222.0,76.8,14.0,36.8,15.0,3.0,14.0,24.1,17.0,60.7,63.0,54.3,8.0,57.1,533.0,23.0,11.0,15.0,23.0,13.0,17.0,49.0,3.0,10.0,0.0,14.0,16.33,3.0,0.0,,,,,,12.0,,,,,,
1250492,Nantes,Matthis Abline,FW / Left Midfielder / LM / Attacking Midfielder / AM / Left Winger / LW / Right Winger / RW / Striker / ST,1784,6.88,24.4,4.0,4.56,4.05,3.77,60.0,16.0,2.0,2.07,205.0,71.2,6.0,50.0,18.0,6.0,3.0,12.0,41.0,43.6,115.0,45.3,20.0,42.6,680.0,107.0,32.0,37.0,18.0,4.0,25.0,56.0,12.0,5.0,2.0,38.0,32.94,5.0,0.0,,,2.0,,3.0,9.0,,,,,,
660327,Nantes,Ibrahima Sissoko,MF / Center Back / CB / Defensive Midfielder / DM / Central Midfielder / CM / Attacking Midfielder / AM,348,7.18,2.5,3.0,1.4,2.15,1.4,4.0,3.0,0.0,0.15,121.0,85.8,6.0,54.5,,,,,2.0,50.0,26.0,55.3,12.0,80.0,203.0,6.0,5.0,5.0,7.0,6.0,9.0,20.0,2.0,2.0,1.0,4.0,6.39,2.0,0.0,,,,,1.0,7.0,,,,,,
863708,Nantes,Ignatius Ganago,FW / Left Midfielder / LM / Left Winger / LW / Striker / ST,90,6.12,1.5,,,,,,,,,,,,,,,,,,,,,,,,,,,,,,,,,,,,,,,,,,,,,,,,,
1180481,Nantes,Johann Lepenant,MF / Defensive Midfielder / DM / Right Midfielder / RM / Central Midfielder / CM / Attacking Midfielder / AM / Right Winger / RW,1211,6.97,9.3,0.0,0.37,0.25,0.37,9.0,2.0,1.0,1.07,416.0,84.0,28.0,59.6,15.0,2.0,10.0,28.6,7.0,41.2,92.0,57.5,8.0,44.4,751.0,14.0,11.0,27.0,51.0,12.0,14.0,80.0,9.0,23.0,1.0,21.0,19.11,2.0,0.0,3.0,,,,,14.0,,,,,,
161291,Nantes,Youssef El Arabi,FW / Striker / ST / Left Winger / LW,765,6.54,360.0,3.0,2.32,2.97,1.53,13.0,8.0,0.0,0.95,135.0,65.2,10.0,52.6,9.0,1.0,,,4.0,25.0,46.0,41.1,18.0,40.0,340.0,34.0,6.0,19.0,6.0,3.0,18.0,36.0,6.0,5.0,0.0,13.0,11.17,0.0,0.0,1.0,,1.0,,3.0,9.0,,,,,,
837089,Espanyol,Edu Exposito,MF / Defensive Midfielder / DM / Right Midfielder / RM / Central Midfielder / CM / Attacking Midfielder / AM,1590,7.09,2.4,0.0,1.63,0.92,1.63,26.0,8.0,5.0,5.26,518.0,77.4,44.0,42.7,55.0,8.0,47.0,27.6,18.0,72.0,89.0,53.0,14.0,51.9,1083.0,25.0,27.0,24.0,33.0,14.0,15.0,71.0,7.0,17.0,0.0,25.0,19.43,4.0,0.0,1.0,,,,,18.0,,,,,,
994403,Espanyol (on loan),Cyril Ngonge,FW / Right Winger / RW / Attacking Midfielder / AM / Striker / ST,90,7.18,6.5,0.0,0.05,,0.05,2.0,,1.0,0.17,27.0,87.1,,,2.0,1.0,2.0,25.0,2.0,28.6,8.0,61.5,1.0,100.0,56.0,2.0,0.0,3.0,2.0,2.0,,6.0,,,0.0,1.0,1.34,0.0,0.0,,,,,,,,,,,,
743720,Espanyol,Charles Pickel,FW / MF / Defensive Midfielder / DM / Central Midfielder / CM / Right Winger / RW,486,6.27,1.4,0.0,0.29,0.38,0.29,7.0,2.0,0.0,0.08,135.0,80.4,4.0,57.1,2.0,,,,4.0,80.0,26.0,44.8,12.0,46.2,235.0,7.0,5.0,1.0,9.0,3.0,8.0,21.0,1.0,4.0,1.0,5.0,6.52,1.0,0.0,2.0,,,,1.0,9.0,,,,,,
593129,Espanyol,Pere Milla,FW / Left Midfielder / LM / Right Winger / RW / Attacking Midfielder / AM / Left Winger / LW / Striker / ST,1521,6.9,1.0,6.0,5.82,7.83,5.82,48.0,17.0,0.0,2.02,294.0,73.5,14.0,48.3,28.0,4.0,3.0,11.1,6.0,42.9,74.0,44.3,19.0,47.5,690.0,59.0,23.0,25.0,26.0,12.0,17.0,50.0,14.0,25.0,1.0,18.0,19.12,4.0,1.0,3.0,,,,14.0,11.0,,,,,,
1252373,Espanyol,Roberto Fernández,FW / Striker / ST,1732,6.64,11.2,5.0,5.63,5.98,4.84,42.0,16.0,2.0,2.32,171.0,69.2,,,16.0,6.0,1.0,16.7,6.0,30.0,84.0,35.6,40.0,32.0,520.0,77.0,22.0,34.0,7.0,4.0,26.0,44.0,15.0,9.0,4.0,26.0,24.94,1.0,0.0,2.0,1.0,1.0,,13.0,20.0,,,,,,
1187767,Espanyol,Urko González,MF / Defensive Midfielder / DM / Central Midfielder / CM / Left Midfielder / LM / Attacking Midfielder / AM,1475,6.61,6.7,0.0,0.48,0.15,0.48,11.0,1.0,1.0,0.37,454.0,82.1,12.0,30.8,7.0,,,,4.0,50.0,76.0,50.0,15.0,57.7,790.0,9.0,15.0,24.0,34.0,19.0,18.0,75.0,5.0,29.0,3.0,24.0,23.72,3.0,0.0,7.0,,,,1.0,36.0,,,,,,
183353,Espanyol,Kike Garcia,FW / Striker / ST,935,6.59,1.1,4.0,4.83,5.06,4.04,34.0,16.0,1.0,2.08,131.0,62.4,2.0,28.6,15.0,3.0,1.0,11.1,8.0,42.1,90.0,47.9,50.0,52.1,415.0,72.0,17.0,25.0,7.0,3.0,21.0,28.0,9.0,6.0,0.0,13.0,13.63,3.0,0.0,1.0,1.0,,,13.0,11.0,,,,,,
1181101,Espanyol,Tyrhys Dolan,FW / Right Midfielder / RM / Right Winger / RW / Attacking Midfielder / AM / Left Winger / LW,1520,6.82,12.6,1.0,1.68,1.27,1.68,23.0,7.0,3.0,2.61,313.0,83.2,3.0,30.0,20.0,4.0,18.0,25.4,22.0,38.6,104.0,49.8,8.0,30.8,782.0,56.0,23.0,33.0,41.0,9.0,24.0,67.0,12.0,13.0,1.0,23.0,22.86,2.0,1.0,,,2.0,,,8.0,,,,,,
1184777,Espanyol,Jofre Carreras,FW / Right Wing-Back / RWB / Defensive Midfielder / DM / Right Midfielder / RM / Right Winger / RW,637,6.45,4.2,0.0,0.7,0.65,0.7,12.0,3.0,0.0,1.22,106.0,73.1,1.0,20.0,10.0,2.0,7.0,25.9,15.0,50.0,43.0,50.0,3.0,37.5,301.0,22.0,6.0,19.0,6.0,4.0,11.0,32.0,2.0,6.0,0.0,12.0,10.3,1.0,0.0,,,,,,6.0,,,,,,
1202587,Espanyol (on loan),Ramon Terrats,MF / Defensive Midfielder / DM / Right Midfielder / RM / Central Midfielder / CM / Left Midfielder / LM / Right Winger / RW / Attacking Midfielder / AM / Striker / ST,457,6.46,2.9,1.0,0.65,0.91,0.65,5.0,1.0,1.0,0.57,87.0,76.3,4.0,50.0,6.0,3.0,5.0,31.2,3.0,37.5,35.0,50.0,6.0,35.3,244.0,8.0,11.0,10.0,16.0,7.0,5.0,17.0,6.0,3.0,0.0,8.0,8.8,0.0,0.0,2.0,,,,1.0,4.0,,,,,,
1310440,Celta Vigo,Javi Rueda,FW / MF / Right Back / RB / Center Back / CB / Left Wing-Back / LWB / Right Wing-Back / RWB / Right Midfielder / RM,876,6.89,2.8,2.0,1.01,0.53,1.01,8.0,3.0,4.0,2.1,248.0,74.3,17.0,45.9,7.0,5.0,2.0,11.8,12.0,52.2,41.0,46.6,5.0,31.2,562.0,29.0,3.0,12.0,12.0,12.0,19.0,36.0,2.0,4.0,1.0,6.0,8.97,4.0,0.0,5.0,,1.0,,,22.0,,,,,,
1359911,Celta Vigo,Miguel Román,FW / MF / Defensive Midfielder / DM / Central Midfielder / CM,1040,6.88,1.1,1.0,0.91,0.65,0.91,8.0,1.0,0.0,1.23,520.0,88.1,37.0,55.2,14.0,4.0,5.0,33.3,2.0,20.0,47.0,48.5,9.0,47.4,734.0,5.0,2.0,10.0,26.0,10.0,20.0,54.0,4.0,11.0,4.0,10.0,14.72,3.0,0.0,6.0,,,,,19.0,,,,,,
1573122,Celta Vigo (on loan),Fer Lopez,FW / MF / Central Midfielder / CM / Attacking Midfielder / AM / Right Winger / RW / Striker / ST,234,6.17,21.3,0.0,0.16,0.17,0.16,5.0,1.0,1.0,0.61,75.0,72.8,1.0,25.0,3.0,1.0,1.0,25.0,3.0,42.9,10.0,31.2,2.0,33.3,156.0,7.0,6.0,4.0,1.0,,6.0,10.0,,2.0,0.0,9.0,4.06,1.0,0.0,,,,,,1.0,,,,,,
1106742,Celta Vigo,Sergio Carreira,FW / MF / Left Back / LB / Right Wing-Back / RWB / Left Wing-Back / LWB / Right Midfielder / RM / Left Midfielder / LM,1646,7.05,1.4,2.0,1.33,0.86,1.33,11.0,4.0,1.0,1.04,793.0,85.9,36.0,48.6,13.0,,2.0,11.1,16.0,50.0,72.0,53.7,7.0,33.3,1316.0,31.0,10.0,24.0,26.0,17.0,12.0,65.0,3.0,10.0,4.0,21.0,22.64,2.0,0.0,1.0,,,1.0,1.0,41.0,,,,,,
1102732,Celta Vigo,Ferrán Jutglà,FW / Left Midfielder / LM / Left Winger / LW / Right Winger / RW / Striker / ST,821,6.66,9.4,3.0,3.36,5.03,3.36,24.0,12.0,1.0,0.92,158.0,77.5,6.0,75.0,9.0,1.0,3.0,30.0,6.0,30.0,33.0,37.5,9.0,31.0,341.0,37.0,11.0,13.0,5.0,3.0,9.0,18.0,2.0,2.0,0.0,11.0,11.94,3.0,0.0,1.0,,,,4.0,8.0,,,,,,
609505,Celta Vigo,Borja Iglesias,FW / Striker / ST,1323,6.96,2.5,10.0,7.99,8.88,5.62,35.0,18.0,2.0,1.3,245.0,74.0,12.0,48.0,16.0,3.0,,,9.0,50.0,44.0,38.9,13.0,46.4,520.0,58.0,16.0,17.0,5.0,,26.0,33.0,7.0,5.0,0.0,18.0,21.15,4.0,0.0,4.0,3.0,1.0,,5.0,15.0,,,,,,
1272740,Celta Vigo,Williot Swedberg,FW / Central Midfielder / CM / Left Midfielder / LM / Attacking Midfielder / AM / Left Winger / LW / Right Winger / RW / Striker / ST,711,6.45,2.1,3.0,2.67,3.51,2.67,16.0,8.0,0.0,0.52,125.0,79.1,2.0,40.0,3.0,,1.0,16.7,6.0,42.9,46.0,43.4,1.0,11.1,293.0,39.0,13.0,23.0,16.0,2.0,21.0,14.0,4.0,10.0,0.0,9.0,8.78,1.0,0.0,1.0,,,,1.0,4.0,,,,,,
1109046,Celta Vigo,Ilaix Moriba,MF / Defensive Midfielder / DM / Central Midfielder / CM / Attacking Midfielder / AM,1585,6.69,11.6,0.0,1.08,0.45,1.08,15.0,3.0,1.0,1.29,550.0,86.5,21.0,67.7,13.0,3.0,,,8.0,38.1,115.0,56.7,13.0,37.1,920.0,36.0,17.0,40.0,54.0,14.0,21.0,60.0,8.0,16.0,5.0,20.0,23.68,4.0,0.0,4.0,,1.0,,1.0,19.0,,,,,,
1322858,Celta Vigo,Pablo Durán,FW / Right Winger / RW / Attacking Midfielder / AM / Striker / ST / Left Winger / LW,921,6.58,4.9,2.0,2.82,1.74,2.82,22.0,9.0,2.0,1.04,156.0,69.3,9.0,45.0,6.0,2.0,,,5.0,25.0,32.0,36.4,10.0,47.6,367.0,50.0,12.0,7.0,10.0,3.0,12.0,32.0,7.0,8.0,1.0,13.0,13.2,0.0,0.0,2.0,,,,3.0,10.0,,,,,,
174472,Celta Vigo,Iago Aspas,FW / Right Midfielder / RM / Central Midfielder / CM / Attacking Midfielder / AM / Right Winger / RW / Striker / ST,779,6.8,1.5,2.0,3.0,3.52,2.21,19.0,9.0,3.0,2.51,367.0,79.1,28.0,60.9,24.0,4.0,5.0,26.3,9.0,60.0,30.0,50.8,3.0,50.0,599.0,33.0,11.0,8.0,10.0,9.0,2.0,35.0,8.0,7.0,0.0,7.0,7.54,3.0,0.0,,1.0,1.0,,2.0,1.0,,,,,,
206322,Celta Vigo,Matias Vecino,MF / Defensive Midfielder / DM / Central Midfielder / CM / Attacking Midfielder / AM,90,0.43,1.3,,,,,,,,,,,,,,,,,,,,,,,,,,,,,,,,,,,,,,,,,,,,,,,,,
1102289,Getafe,Juan Iglesias,DF / MF / Right Back / RB / Center Back / CB / Left Back / LB / Right Wing-Back / RWB / Left Wing-Back / LWB / Right Midfielder / RM / Right Winger / RW,1959,6.89,2.3,1.0,0.88,1.11,0.88,18.0,3.0,2.0,1.18,377.0,65.6,47.0,31.8,9.0,2.0,13.0,22.8,19.0,50.0,152.0,55.1,18.0,40.9,1226.0,18.0,13.0,46.0,69.0,14.0,44.0,69.0,4.0,25.0,5.0,24.0,21.92,2.0,0.0,7.0,,,,2.0,85.0,,,,,,
638090,Getafe,Luis Milla,FW / MF / Defensive Midfielder / DM / Right Midfielder / RM / Central Midfielder / CM / Attacking Midfielder / AM,2025,7.41,2.5,0.0,0.72,0.04,0.72,17.0,1.0,8.0,4.09,737.0,78.8,57.0,49.1,52.0,11.0,44.0,32.1,15.0,53.6,123.0,57.7,33.0,58.9,1353.0,9.0,18.0,37.0,38.0,23.0,18.0,137.0,15.0,20.0,6.0,25.0,23.47,2.0,1.0,6.0,,,,,31.0,,,,,,
421365,Getafe,Djené,DF / FW / Right Back / RB / Center Back / CB / Right Wing-Back / RWB / Defensive Midfielder / DM / Central Midfielder / CM,1760,6.78,1.7,0.0,0.13,,0.13,4.0,,0.0,0.14,462.0,80.1,38.0,41.3,1.0,,,,7.0,100.0,86.0,62.8,38.0,63.3,840.0,10.0,6.0,17.0,26.0,16.0,18.0,66.0,1.0,6.0,5.0,22.0,19.98,6.0,0.0,8.0,,1.0,,,105.0,,,,,,
625340,Getafe,Mauro Arambarri,FW / MF / Defensive Midfielder / DM / Central Midfielder / CM / Left Midfielder / LM / Attacking Midfielder / AM,2144,7.02,12.8,5.0,4.52,4.56,2.94,40.0,13.0,1.0,0.46,406.0,75.7,26.0,54.2,13.0,1.0,2.0,28.6,17.0,50.0,156.0,51.5,42.0,47.2,929.0,66.0,33.0,49.0,48.0,16.0,32.0,104.0,16.0,24.0,6.0,28.0,24.86,3.0,0.0,4.0,2.0,,,12.0,22.0,,,,,,
1215735,Getafe (on loan),Luis Vazquez,FW / Striker / ST,323,7.06,2.0,2.0,0.45,1.48,0.45,7.0,3.0,0.0,0.12,27.0,61.4,2.0,66.7,1.0,,,,,,18.0,46.2,7.0,43.8,99.0,10.0,2.0,10.0,2.0,,5.0,3.0,,,1.0,1.0,2.55,0.0,0.0,,,1.0,,3.0,2.0,,,,,,
1197039,Getafe (on loan),Martin Satriano,FW / Striker / ST,435,7.05,7.4,1.0,0.85,0.47,0.85,11.0,4.0,0.0,0.16,75.0,63.0,3.0,42.9,4.0,1.0,1.0,20.0,6.0,35.3,30.0,38.0,13.0,39.4,214.0,17.0,7.0,5.0,6.0,4.0,9.0,25.0,2.0,2.0,1.0,3.0,4.22,2.0,0.0,,,,,4.0,7.0,,,,,,
616531,Getafe,Javier Munoz,MF / Defensive Midfielder / DM / Right Midfielder / RM / Central Midfielder / CM / Left Midfielder / LM / Right Winger / RW / Attacking Midfielder / AM / Striker / ST,490,6.35,1.3,0.0,0.34,0.25,0.34,12.0,6.0,0.0,0.78,107.0,66.9,7.0,38.9,5.0,,2.0,20.0,4.0,66.7,16.0,41.0,3.0,33.3,246.0,14.0,7.0,2.0,7.0,4.0,6.0,21.0,3.0,2.0,0.0,7.0,6.2,0.0,0.0,1.0,,,,,6.0,,,,,,
1541825,Getafe (on loan),Adrián Liso,FW / Right Midfielder / RM / Left Midfielder / LM / Attacking Midfielder / AM / Striker / ST,1364,6.36,6.7,3.0,1.88,2.45,1.88,22.0,8.0,0.0,0.29,154.0,69.1,2.0,28.6,3.0,,6.0,15.4,13.0,39.4,87.0,35.4,28.0,27.7,532.0,45.0,23.0,31.0,16.0,3.0,31.0,45.0,10.0,13.0,3.0,17.0,14.66,2.0,0.0,2.0,,1.0,,1.0,4.0,,,,,,
1026135,Villarreal,Tajon Buchanan,FW / MF / Right Midfielder / RM / Left Midfielder / LM / Right Winger / RW / Left Winger / LW,1344,6.96,10.5,5.0,1.7,2.06,1.7,21.0,8.0,1.0,1.82,291.0,82.0,9.0,39.1,14.0,4.0,3.0,12.0,19.0,33.3,76.0,45.0,1.0,10.0,677.0,51.0,20.0,32.0,24.0,18.0,14.0,78.0,9.0,12.0,1.0,12.0,14.51,7.0,0.0,1.0,,,,1.0,15.0,,,,,,
75307,Villarreal,Daniel Parejo,FW / MF / Defensive Midfielder / DM / Central Midfielder / CM / Attacking Midfielder / AM,1023,6.79,1.1,0.0,0.17,,0.17,2.0,,0.0,0.93,530.0,87.3,40.0,58.0,18.0,3.0,10.0,34.5,6.0,42.9,60.0,64.5,8.0,100.0,771.0,3.0,7.0,18.0,28.0,10.0,11.0,48.0,1.0,9.0,0.0,16.0,13.86,2.0,0.0,6.0,,,,,11.0,,,,,,
844544,Villarreal,Pape Gueye,FW / MF / Defensive Midfielder / DM / Central Midfielder / CM / Left Midfielder / LM,1149,6.94,25.1,2.0,1.06,0.48,1.06,23.0,5.0,1.0,1.51,463.0,80.8,41.0,49.4,11.0,2.0,1.0,12.5,6.0,40.0,68.0,55.3,15.0,55.6,781.0,23.0,10.0,30.0,17.0,14.0,23.0,58.0,9.0,3.0,1.0,13.0,15.12,6.0,0.0,4.0,,,,2.0,26.0,,,,,,
1807857,Villarreal B,Hugo Lopez,FW / MF / Striker / ST,90,5.98,20.0,0.0,,,,0.0,,0.0,0.0,5.0,100.0,,,,,,,,,1.0,16.7,,,12.0,2.0,1.0,,1.0,1.0,2.0,2.0,,,0.0,2.0,1.19,0.0,0.0,,,,,,,,,,,,
575735,Villarreal,Nicolas Pépé,FW / Right Midfielder / RM / Right Winger / RW / Striker / ST,1343,7.14,6.5,3.0,5.29,3.11,5.29,36.0,12.0,3.0,3.71,410.0,83.2,7.0,43.8,33.0,7.0,13.0,28.9,31.0,46.3,86.0,44.8,9.0,37.5,839.0,89.0,26.0,21.0,25.0,11.0,15.0,61.0,11.0,14.0,2.0,20.0,19.69,2.0,0.0,,,1.0,,4.0,17.0,,,,,,
1338740,Villarreal,Tani Oluwaseyi,FW / Right Midfielder / RM / Striker / ST,619,6.21,6.4,2.0,3.24,3.4,3.24,15.0,7.0,1.0,0.42,49.0,62.0,1.0,50.0,4.0,2.0,1.0,100.0,7.0,50.0,32.0,35.2,15.0,38.5,190.0,36.0,14.0,6.0,4.0,,10.0,11.0,2.0,4.0,0.0,11.0,11.05,1.0,0.0,1.0,,,,2.0,4.0,,,,,,
479020,Villarreal,Ayoze Pérez,FW / Striker / ST,612,6.64,6.7,2.0,2.29,2.21,2.29,9.0,4.0,3.0,0.42,107.0,75.9,1.0,25.0,11.0,2.0,1.0,16.7,9.0,52.9,44.0,45.4,8.0,32.0,265.0,25.0,16.0,12.0,16.0,1.0,9.0,13.0,2.0,3.0,0.0,11.0,8.53,2.0,0.0,,,,,,5.0,,,,,,
1117069,Villarreal,Georges Mikautadze,FW / Left Winger / LW / Striker / ST,1092,6.99,31.2,7.0,4.94,8.22,4.94,34.0,18.0,4.0,1.48,133.0,69.6,7.0,70.0,13.0,5.0,,,15.0,46.9,46.0,41.1,6.0,25.0,381.0,72.0,21.0,24.0,1.0,3.0,9.0,18.0,3.0,3.0,0.0,14.0,14.55,0.0,0.0,1.0,,,,3.0,4.0,,,,,,
72541,Sevilla,César Azpilicueta,DF / FW / Center Back / CB / Left Back / LB,778,6.85,996.3,0.0,,,,0.0,,0.0,0.24,394.0,87.8,18.0,43.9,1.0,,3.0,33.3,1.0,50.0,40.0,50.0,14.0,58.3,624.0,2.0,2.0,6.0,20.0,17.0,18.0,32.0,,10.0,1.0,10.0,12.85,4.0,0.0,7.0,,,,,30.0,,,,,,
1158512,Sevilla,Juanlu Sánchez,FW / MF / Right Back / RB / Right Wing-Back / RWB / Right Midfielder / RM / Central Midfielder / CM / Right Winger / RW / Attacking Midfielder / AM,1338,6.78,18.5,0.0,0.65,0.12,0.65,10.0,1.0,2.0,2.12,435.0,82.2,23.0,57.5,17.0,3.0,12.0,26.1,17.0,50.0,101.0,53.4,14.0,40.0,853.0,43.0,12.0,29.0,41.0,8.0,17.0,76.0,6.0,22.0,0.0,21.0,24.29,1.0,1.0,,,1.0,2.0,1.0,22.0,,,,,,
971790,Sevilla,Lucien Agoume,FW / MF / Defensive Midfielder / DM / Central Midfielder / CM / Attacking Midfielder / AM,1680,6.93,10.5,1.0,0.69,0.77,0.69,11.0,2.0,2.0,1.17,695.0,81.5,45.0,49.5,18.0,5.0,3.0,17.6,7.0,63.6,88.0,49.4,34.0,53.1,1103.0,31.0,12.0,10.0,37.0,28.0,37.0,82.0,7.0,9.0,0.0,29.0,28.17,9.0,0.0,4.0,,,,3.0,27.0,,,,,,
707970,Sevilla,Djibril Sow,FW / MF / Defensive Midfielder / DM / Central Midfielder / CM / Left Midfielder / LM / Left Winger / LW / Striker / ST,1310,6.62,7.2,3.0,1.07,2.55,1.07,13.0,5.0,0.0,0.85,491.0,88.6,21.0,63.6,13.0,1.0,7.0,43.8,5.0,45.5,56.0,47.9,10.0,31.2,724.0,22.0,7.0,17.0,24.0,14.0,25.0,50.0,2.0,4.0,0.0,27.0,26.03,3.0,0.0,1.0,,,,1.0,8.0,,,,,,
659490,Sevilla,Gabriel Suazo,FW / MF / Left Back / LB / Left Wing-Back / LWB / Defensive Midfielder / DM / Left Midfielder / LM,1343,7.12,3.8,0.0,0.42,0.29,0.42,4.0,2.0,1.0,2.65,537.0,83.3,30.0,54.5,29.0,4.0,24.0,31.2,10.0,52.6,84.0,54.2,7.0,31.8,1072.0,24.0,14.0,9.0,58.0,17.0,17.0,73.0,5.0,18.0,3.0,23.0,27.92,4.0,0.0,3.0,,,1.0,,30.0,,,,,,
391064,Sevilla (on loan),Neal Maupay,FW / Striker / ST,256,6.25,8.4,1.0,0.39,0.52,0.39,4.0,1.0,0.0,0.07,41.0,78.8,1.0,100.0,3.0,,,,2.0,50.0,11.0,52.4,3.0,60.0,85.0,7.0,4.0,5.0,1.0,,2.0,9.0,3.0,1.0,0.0,5.0,5.68,0.0,0.0,1.0,,,,,,,,,,,
958640,Sevilla,Akor Adams,FW / Striker / ST,1226,6.63,6.0,6.0,7.66,8.31,6.09,41.0,22.0,2.0,0.29,124.0,61.4,3.0,25.0,5.0,1.0,1.0,9.1,8.0,53.3,48.0,35.0,30.0,40.5,384.0,63.0,18.0,5.0,5.0,,19.0,27.0,8.0,2.0,2.0,24.0,24.81,1.0,0.0,2.0,2.0,,,5.0,17.0,,,,,,
1078729,Sevilla (on loan),Batista Mendy,MF / Defensive Midfielder / DM / Central Midfielder / CM / Attacking Midfielder / AM,109,6.51,10.5,,,,,,,,,,,,,,,,,,,,,,,,,,,,,,,,,,,,,,,,,,,,,,,,,
1130991,Sevilla,Isaac Romero,FW / Right Winger / RW / Striker / ST,989,6.44,7.4,3.0,4.35,4.15,3.56,26.0,11.0,0.0,0.39,154.0,72.6,10.0,76.9,7.0,2.0,,,7.0,23.3,48.0,33.3,14.0,35.9,436.0,52.0,22.0,17.0,11.0,1.0,19.0,34.0,8.0,7.0,0.0,17.0,15.75,3.0,0.0,,,1.0,,4.0,11.0,,,,,,
837270,Sevilla,Chidera Ejuke,FW / Right Winger / RW / Left Winger / LW / Striker / ST,521,6.74,2.4,1.0,1.07,0.39,1.07,13.0,1.0,1.0,0.57,171.0,83.8,7.0,53.8,8.0,1.0,1.0,8.3,34.0,60.7,58.0,59.2,4.0,44.4,379.0,27.0,12.0,9.0,11.0,4.0,1.0,32.0,2.0,,0.0,11.0,8.46,0.0,0.0,,,,,,3.0,,,,,,
1132607,Sevilla,Gerard Fernandez,MF / Right Midfielder / RM / Central Midfielder / CM / Right Winger / RW / Attacking Midfielder / AM / Striker / ST,872,6.69,5.8,2.0,0.97,2.59,0.97,14.0,6.0,1.0,0.72,266.0,81.1,16.0,66.7,15.0,,4.0,14.8,14.0,35.9,81.0,52.9,14.0,50.0,532.0,28.0,14.0,43.0,10.0,1.0,12.0,34.0,1.0,9.0,0.0,12.0,18.53,7.0,0.0,,,,,2.0,2.0,,,,,,
1174300,Deportivo Alaves (on loan),Calebe,FW / MF / Right Midfielder / RM / Central Midfielder / CM / Left Midfielder / LM / Right Winger / RW,707,6.65,1.3,0.0,0.13,0.02,0.13,5.0,1.0,0.0,0.38,252.0,87.2,6.0,60.0,11.0,1.0,2.0,12.5,16.0,41.0,61.0,53.5,2.0,40.0,463.0,21.0,8.0,18.0,25.0,6.0,16.0,49.0,5.0,4.0,0.0,8.0,6.74,2.0,0.0,1.0,,,,,2.0,,,,,,
845998,Deportivo Alaves,Antonio Blanco,FW / MF / Defensive Midfielder / DM / Central Midfielder / CM,1880,7.04,11.0,1.0,0.66,1.12,0.66,23.0,9.0,1.0,0.88,1069.0,85.3,68.0,61.8,12.0,1.0,3.0,15.8,14.0,77.8,123.0,48.4,26.0,52.0,1599.0,7.0,26.0,23.0,62.0,37.0,42.0,134.0,3.0,37.0,2.0,27.0,26.28,5.0,0.0,6.0,,,,1.0,25.0,,,,,,
282281,Deportivo Alaves,Denis Suárez,FW / MF / Central Midfielder / CM / Left Midfielder / LM / Attacking Midfielder / AM,980,6.64,995.2,1.0,0.79,0.96,0.79,5.0,3.0,0.0,0.99,534.0,86.4,18.0,42.9,13.0,1.0,6.0,33.3,14.0,43.8,54.0,43.9,3.0,30.0,789.0,9.0,13.0,19.0,18.0,4.0,15.0,63.0,6.0,16.0,1.0,14.0,14.47,4.0,0.0,3.0,,,,1.0,7.0,,,,,,
637756,Deportivo Alaves,Carles Alena,FW / MF / Left Midfielder / LM / Attacking Midfielder / AM / Left Winger / LW,1466,6.67,3.7,0.0,1.81,0.61,1.81,21.0,4.0,4.0,2.35,552.0,85.2,18.0,41.9,24.0,6.0,26.0,35.1,11.0,45.8,77.0,46.4,11.0,44.0,972.0,25.0,27.0,27.0,28.0,8.0,25.0,61.0,5.0,13.0,0.0,24.0,22.89,3.0,0.0,2.0,,,,1.0,21.0,,,,,,
640123,Deportivo Alaves,Antonio Martinez,FW / Striker / ST,1548,6.74,3.4,5.0,5.48,4.76,5.48,49.0,17.0,2.0,0.8,212.0,58.4,9.0,42.9,12.0,3.0,1.0,14.3,11.0,47.8,157.0,51.0,107.0,54.3,634.0,70.0,24.0,24.0,16.0,4.0,22.0,43.0,7.0,5.0,0.0,21.0,19.22,0.0,0.0,1.0,,,,14.0,27.0,,,,,,
561164,Deportivo Alaves,Lucas Boye,FW / Attacking Midfielder / AM / Striker / ST,1358,6.67,4.8,5.0,5.16,4.19,4.37,40.0,12.0,1.0,0.95,222.0,74.5,4.0,44.4,18.0,3.0,1.0,12.5,28.0,52.8,105.0,38.5,23.0,29.5,671.0,86.0,47.0,29.0,25.0,5.0,36.0,48.0,19.0,8.0,2.0,18.0,16.73,0.0,1.0,3.0,1.0,,,7.0,10.0,,,,,,
1238154,Deportivo Alaves,Pablo Ibánez,MF / Defensive Midfielder / DM / Central Midfielder / CM / Attacking Midfielder / AM,1449,6.7,2.4,1.0,3.53,2.25,3.53,33.0,9.0,1.0,1.03,581.0,85.4,15.0,37.5,12.0,1.0,4.0,16.0,27.0,47.4,117.0,47.2,17.0,44.7,1058.0,34.0,36.0,43.0,30.0,13.0,26.0,73.0,8.0,19.0,2.0,17.0,15.66,4.0,0.0,7.0,,,,3.0,23.0,,,,,,
873827,Deportivo Alaves,Ander Guevara,MF / Defensive Midfielder / DM / Central Midfielder / CM / Attacking Midfielder / AM,499,6.57,2.5,1.0,0.2,0.15,0.2,4.0,1.0,0.0,0.23,269.0,81.0,16.0,50.0,2.0,,2.0,50.0,5.0,62.5,29.0,42.6,14.0,56.0,425.0,5.0,7.0,3.0,7.0,7.0,9.0,30.0,1.0,10.0,0.0,6.0,6.96,2.0,0.0,1.0,,,,,23.0,,,,,,
1563022,Deportivo Alaves,Angel Perez,FW / Right Back / RB / Right Midfielder / RM / Right Winger / RW / Left Winger / LW / Striker / ST,90,6.57,533.5,,,,,,,,,,,,,,,,,,,,,,,,,,,,,,,,,,,,,,,,,,,,,,,,,
678192,Deportivo Alaves,Jon Guridi,MF / Central Midfielder / CM / Attacking Midfielder / AM / Striker / ST,579,6.32,1.9,0.0,1.04,0.24,1.04,6.0,2.0,0.0,0.17,195.0,78.9,8.0,66.7,1.0,,1.0,25.0,4.0,40.0,27.0,38.6,12.0,38.7,328.0,22.0,4.0,3.0,9.0,3.0,8.0,30.0,3.0,6.0,0.0,12.0,8.85,0.0,0.0,,,,,4.0,6.0,,,,,,
743533,Real Madrid,Federico Valverde,FW / MF / Right Back / RB / Defensive Midfielder / DM / Right Midfielder / RM / Central Midfielder / CM / Left Midfielder / LM / Right Winger / RW / Attacking Midfielder / AM,1911,7.57,113.0,1.0,1.65,1.44,1.65,32.0,10.0,6.0,3.41,1161.0,89.2,48.0,58.5,33.0,6.0,4.0,18.2,15.0,62.5,74.0,62.2,19.0,63.3,1612.0,26.0,6.0,6.0,34.0,19.0,10.0,103.0,9.0,9.0,9.0,18.0,23.06,2.0,0.0,6.0,,,,,40.0,,,,,,
1253890,Real Madrid,Arda Güler,FW / MF / Defensive Midfielder / DM / Right Midfielder / RM / Central Midfielder / CM / Right Winger / RW / Attacking Midfielder / AM,1532,7.49,68.3,3.0,4.2,4.24,4.2,39.0,15.0,7.0,5.54,892.0,90.7,49.0,72.1,55.0,11.0,31.0,32.3,18.0,60.0,72.0,53.7,4.0,36.4,1316.0,51.0,11.0,21.0,29.0,8.0,20.0,72.0,7.0,13.0,2.0,13.0,18.27,1.0,0.0,1.0,,,1.0,1.0,8.0,,,,,,
914458,Real Madrid,Aurélien Tchouaméni,FW / MF / Center Back / CB / Defensive Midfielder / DM / Central Midfielder / CM,1770,7.42,68.7,0.0,1.5,0.07,1.5,23.0,3.0,0.0,2.4,1148.0,91.6,37.0,58.7,18.0,4.0,1.0,25.0,,,116.0,69.9,52.0,75.4,1489.0,19.0,1.0,16.0,48.0,24.0,19.0,89.0,6.0,11.0,8.0,16.0,20.53,5.0,0.0,10.0,,,,6.0,38.0,,,,,,
1015185,Real Madrid,Eduardo Camavinga,FW / MF / Left Back / LB / Defensive Midfielder / DM / Central Midfielder / CM / Left Midfielder / LM / Right Winger / RW / Attacking Midfielder / AM,991,7.29,58.9,1.0,1.06,1.25,1.06,10.0,2.0,0.0,1.32,651.0,91.9,32.0,71.1,10.0,1.0,,,12.0,70.6,84.0,64.1,7.0,58.3,899.0,13.0,6.0,21.0,44.0,9.0,22.0,55.0,6.0,9.0,2.0,8.0,11.15,0.0,0.0,5.0,,,,2.0,14.0,,,,,,
1413847,Real Madrid,Gonzalo Garcia,FW / Attacking Midfielder / AM / Right Winger / RW / Striker / ST,515,6.7,18.3,4.0,3.77,3.5,3.77,12.0,7.0,0.0,0.47,115.0,87.1,1.0,100.0,5.0,,,,1.0,12.5,26.0,48.1,14.0,63.6,217.0,24.0,7.0,3.0,8.0,2.0,5.0,16.0,7.0,1.0,0.0,5.0,8.68,1.0,0.0,,,,,5.0,4.0,,,,,,
846033,Real Madrid,Vinicius Junior,FW / Left Midfielder / LM / Left Winger / LW / Right Winger / RW / Striker / ST,1770,7.65,99.1,8.0,8.43,9.53,5.28,63.0,27.0,5.0,3.09,612.0,82.7,27.0,67.5,42.0,6.0,8.0,21.6,54.0,42.5,125.0,49.0,,,1218.0,218.0,25.0,48.0,23.0,1.0,22.0,60.0,14.0,10.0,3.0,18.0,22.79,5.0,0.0,,3.0,4.0,,,1.0,,,,,,
531629,Real Madrid,Dani Ceballos,MF / Defensive Midfielder / DM / Central Midfielder / CM / Left Winger / LW,458,7.03,6.4,0.0,0.04,,0.04,3.0,,0.0,0.68,402.0,92.8,15.0,88.2,9.0,,,,3.0,23.1,37.0,57.8,1.0,25.0,522.0,8.0,1.0,15.0,18.0,6.0,6.0,36.0,2.0,7.0,0.0,4.0,6.77,1.0,0.0,4.0,,,,,5.0,,,,,,
750027,Real Madrid,Brahim Diaz,FW / Right Midfielder / RM / Central Midfielder / CM / Left Midfielder / LM / Right Winger / RW / Left Winger / LW,434,6.6,35.9,0.0,0.42,0.15,0.42,7.0,2.0,4.0,1.42,165.0,90.7,2.0,100.0,12.0,4.0,3.0,42.9,9.0,60.0,23.0,39.0,,,287.0,30.0,17.0,6.0,8.0,1.0,8.0,21.0,5.0,,0.0,1.0,3.85,1.0,0.0,,,1.0,,,2.0,,,,,,
1293912,Real Sociedad,Pablo Marin,FW / MF / Defensive Midfielder / DM / Right Midfielder / RM / Central Midfielder / CM / Left Midfielder / LM / Right Winger / RW / Attacking Midfielder / AM,956,6.28,10.2,0.0,1.15,0.65,1.15,12.0,4.0,0.0,0.59,218.0,80.4,6.0,40.0,6.0,,3.0,30.0,11.0,35.5,40.0,37.0,5.0,29.4,447.0,18.0,15.0,12.0,12.0,5.0,16.0,36.0,3.0,6.0,0.0,21.0,18.7,1.0,0.0,1.0,,,,,8.0,,,,,,
1323827,Real Sociedad,Jon Gorrotxategi,FW / MF / Defensive Midfielder / DM / Central Midfielder / CM,1706,6.9,4.9,1.0,0.7,0.76,0.7,11.0,1.0,3.0,0.44,835.0,85.9,27.0,51.9,12.0,2.0,,,8.0,66.7,84.0,48.3,22.0,43.1,1224.0,5.0,12.0,17.0,37.0,32.0,23.0,105.0,8.0,22.0,1.0,29.0,25.91,5.0,0.0,9.0,,,,2.0,33.0,,,,,,
730901,Real Sociedad,Yangel Herrera,FW / MF / Defensive Midfielder / DM / Central Midfielder / CM / Attacking Midfielder / AM,284,6.28,9.8,0.0,0.39,0.01,0.39,4.0,1.0,0.0,0.17,82.0,79.6,7.0,77.8,,,1.0,50.0,1.0,33.3,28.0,62.2,10.0,58.8,155.0,4.0,1.0,11.0,6.0,1.0,5.0,10.0,2.0,2.0,0.0,13.0,8.18,1.0,0.0,,,1.0,,2.0,10.0,,,,,,
1372179,Real Sociedad (on loan),Wesley,FW / MF / Right Midfielder / RM / Left Midfielder / LM / Right Winger / RW / Left Winger / LW,90,6.24,9.5,0.0,,,,0.0,,0.0,0.01,11.0,64.7,,,,,,,1.0,100.0,3.0,75.0,2.0,100.0,27.0,1.0,0.0,,,,2.0,2.0,1.0,,0.0,4.0,2.28,0.0,0.0,,,,,,1.0,,,,,,
708890,Real Sociedad,Carlos Soler,FW / MF / Defensive Midfielder / DM / Central Midfielder / CM / Attacking Midfielder / AM / Left Winger / LW,1295,6.81,10.3,2.0,1.69,2.73,1.69,21.0,12.0,2.0,2.03,525.0,87.5,27.0,52.9,28.0,4.0,15.0,37.5,7.0,70.0,48.0,46.2,5.0,33.3,798.0,23.0,11.0,12.0,24.0,8.0,23.0,44.0,4.0,9.0,0.0,17.0,20.12,2.0,1.0,6.0,,,,3.0,14.0,,,,,,
678234,Real Sociedad,Mikel Oyarzabal,FW / Left Winger / LW / Right Winger / RW / Striker / ST,1804,7.38,42.2,10.0,10.64,10.58,7.49,61.0,26.0,3.0,2.67,339.0,77.2,11.0,55.0,30.0,9.0,2.0,15.4,23.0,53.5,97.0,41.1,26.0,28.3,775.0,106.0,27.0,30.0,19.0,2.0,15.0,63.0,17.0,12.0,1.0,27.0,28.21,2.0,0.0,2.0,4.0,,,13.0,19.0,,,,,,
536455,Real Sociedad,Goncalo Guedes,FW / Right Midfielder / RM / Left Midfielder / LM / Right Winger / RW / Attacking Midfielder / AM / Left Winger / LW / Striker / ST,1324,6.82,6.2,6.0,2.87,5.6,2.87,32.0,14.0,3.0,1.93,281.0,72.6,15.0,50.0,18.0,4.0,14.0,26.4,15.0,53.6,66.0,45.2,10.0,40.0,658.0,50.0,17.0,22.0,19.0,3.0,14.0,42.0,9.0,23.0,0.0,15.0,19.11,1.0,0.0,,,,,1.0,5.0,,,,,,
1210647,Real Sociedad,Benat Turrientes,MF / Defensive Midfielder / DM / Central Midfielder / CM / Attacking Midfielder / AM,642,6.8,10.2,0.0,0.57,0.54,0.57,13.0,3.0,1.0,0.27,253.0,85.2,15.0,78.9,4.0,1.0,1.0,20.0,11.0,64.7,57.0,60.0,8.0,61.5,423.0,6.0,6.0,12.0,27.0,2.0,16.0,45.0,4.0,5.0,0.0,10.0,11.67,4.0,0.0,4.0,,,,,15.0,,,,,,
1097229,Real Sociedad,Orri Oskarsson,FW / Striker / ST,171,6.36,17.2,2.0,1.52,2.31,1.52,6.0,4.0,0.0,0.11,18.0,54.5,,,1.0,1.0,,,1.0,100.0,9.0,52.9,5.0,55.6,61.0,11.0,2.0,,3.0,1.0,2.0,3.0,,,0.0,2.0,2.68,0.0,0.0,,,,,1.0,5.0,,,,,,
1712125,Real Sociedad B,Dani Diaz,FW / Right Midfielder / RM / Right Winger / RW / Striker / ST,67,5.9,947.7,,,,,,,,,,,,,,,,,,,,,,,,,,,,,,,,,,,,,,,,,,,,,,,,,
693599,Bayer Leverkusen,Exequiel Palacios,MF / Defensive Midfielder / DM / Central Midfielder / CM / Attacking Midfielder / AM,196,6.64,33.1,0.0,0.2,0.18,0.2,3.0,1.0,0.0,0.16,208.0,90.4,3.0,50.0,2.0,,,,1.0,33.3,7.0,43.8,,,265.0,,2.0,3.0,3.0,2.0,,15.0,,5.0,0.0,2.0,2.5,1.0,0.0,,,,,,5.0,,,,,,
642551,Bayer Leverkusen,Aleix Garcia,MF / Defensive Midfielder / DM / Central Midfielder / CM / Attacking Midfielder / AM,1761,7.45,21.5,1.0,1.41,0.74,1.41,18.0,3.0,5.0,4.0,1969.0,93.4,107.0,75.9,31.0,9.0,24.0,29.3,4.0,36.4,37.0,54.4,6.0,50.0,2357.0,12.0,3.0,14.0,14.0,15.0,5.0,85.0,4.0,10.0,3.0,25.0,21.78,3.0,0.0,3.0,,,,,21.0,,,,,,
288406,Bayer Leverkusen,Alejandro Grimaldo,MF / Left Back / LB / Left Wing-Back / LWB / Left Midfielder / LM / Left Winger / LW,1446,7.65,28.0,5.0,4.07,4.48,2.5,31.0,13.0,5.0,3.74,963.0,87.8,34.0,50.7,33.0,8.0,14.0,19.2,16.0,35.6,68.0,47.2,5.0,22.7,1502.0,35.0,11.0,22.0,25.0,11.0,8.0,73.0,7.0,12.0,3.0,21.0,18.34,4.0,0.0,3.0,2.0,,,,30.0,,,,,,
1457626,Bayer Leverkusen,Ibrahim Maza,FW / MF / Defensive Midfielder / DM / Central Midfielder / CM / Attacking Midfielder / AM / Right Winger / RW / Striker / ST / Left Winger / LW,846,7.2,16.4,2.0,1.63,2.53,1.63,21.0,7.0,2.0,1.36,446.0,88.8,10.0,52.6,9.0,4.0,3.0,12.5,20.0,51.3,61.0,56.5,4.0,30.8,712.0,31.0,7.0,18.0,19.0,13.0,7.0,46.0,3.0,5.0,2.0,9.0,8.42,1.0,0.0,1.0,,,,1.0,5.0,,,,,,
1251666,Bayer Leverkusen,Ernest Poku,FW / Right Wing-Back / RWB / Left Wing-Back / LWB / Left Midfielder / LM / Right Winger / RW / Attacking Midfielder / AM / Left Winger / LW,1124,6.93,12.9,5.0,2.74,2.21,2.74,23.0,8.0,4.0,3.25,351.0,84.4,5.0,55.6,21.0,3.0,,,16.0,38.1,43.0,36.4,1.0,7.7,638.0,71.0,24.0,15.0,11.0,6.0,3.0,30.0,3.0,10.0,1.0,15.0,14.32,0.0,0.0,,,,,,9.0,,,,,,
540097,Bayer Leverkusen,Patrik Schick,FW / Attacking Midfielder / AM / Right Winger / RW / Striker / ST,1195,7.1,24.0,7.0,8.43,6.28,6.86,34.0,13.0,2.0,2.07,205.0,79.8,4.0,100.0,5.0,3.0,,,5.0,31.2,57.0,53.3,39.0,63.9,415.0,58.0,8.0,10.0,4.0,1.0,11.0,16.0,6.0,1.0,1.0,17.0,15.25,1.0,0.0,1.0,2.0,,,8.0,14.0,,,,,,
1126058,Bayer Leverkusen,Malik Tillman,MF / Defensive Midfielder / DM / Central Midfielder / CM / Attacking Midfielder / AM / Left Winger / LW,1249,7.28,39.8,4.0,2.65,1.6,2.65,24.0,5.0,0.0,2.08,507.0,85.1,10.0,58.8,22.0,6.0,1.0,10.0,9.0,37.5,80.0,55.6,20.0,69.0,862.0,50.0,19.0,23.0,28.0,12.0,13.0,55.0,11.0,8.0,1.0,17.0,15.97,1.0,0.0,4.0,,1.0,,4.0,11.0,,,,,,
1705081,Bayer Leverkusen,Christian Kofane,FW / Attacking Midfielder / AM / Striker / ST,706,6.78,18.3,3.0,3.79,3.45,3.79,26.0,13.0,1.0,0.42,95.0,84.1,,,10.0,,,,6.0,66.7,39.0,44.3,17.0,44.7,231.0,47.0,9.0,11.0,6.0,2.0,19.0,13.0,3.0,,0.0,6.0,8.38,3.0,0.0,1.0,,1.0,,3.0,13.0,,,,,,
331542,Bayer Leverkusen,Jonas Hofmann,MF / Right Wing-Back / RWB / Attacking Midfielder / AM / Right Winger / RW,878,6.98,1.6,2.0,1.54,2.74,1.54,19.0,6.0,2.0,1.61,403.0,83.1,15.0,60.0,13.0,4.0,2.0,8.7,5.0,55.6,31.0,57.4,4.0,57.1,644.0,27.0,6.0,9.0,13.0,2.0,4.0,31.0,5.0,7.0,2.0,9.0,9.64,2.0,0.0,,,1.0,,1.0,13.0,,,,,,
770136,Bayer Leverkusen,Martin Terrier,MF / Attacking Midfielder / AM / Striker / ST,433,6.66,15.7,3.0,1.35,2.41,1.35,11.0,4.0,0.0,0.64,145.0,85.8,2.0,66.7,6.0,2.0,1.0,25.0,4.0,44.4,26.0,60.5,5.0,45.5,236.0,27.0,3.0,9.0,8.0,,1.0,14.0,2.0,2.0,0.0,9.0,7.59,1.0,0.0,1.0,,,,2.0,,,,,,,
675023,St. Pauli,Danel Sinani,FW / MF / Right Midfielder / RM / Central Midfielder / CM / Attacking Midfielder / AM / Right Winger / RW / Striker / ST,1218,6.92,1.9,4.0,4.13,3.76,1.77,35.0,12.0,2.0,3.3,456.0,74.6,15.0,28.8,27.0,3.0,17.0,20.5,8.0,36.4,45.0,35.2,5.0,17.9,896.0,37.0,18.0,16.0,16.0,7.0,23.0,62.0,9.0,6.0,1.0,27.0,20.13,2.0,0.0,,3.0,,,1.0,7.0,,,,,,
537853,St. Pauli,Mathias Rasmussen,FW / MF / Defensive Midfielder / DM / Central Midfielder / CM / Attacking Midfielder / AM,284,6.35,2.0,0.0,0.25,,0.25,3.0,,0.0,0.32,87.0,77.0,1.0,20.0,2.0,,2.0,50.0,1.0,100.0,13.0,46.4,3.0,42.9,165.0,5.0,5.0,5.0,5.0,2.0,5.0,12.0,1.0,2.0,0.0,7.0,3.6,0.0,0.0,,,,,,3.0,,,,,,
812839,St. Pauli,Martijn Kaars,FW / Central Midfielder / CM / Attacking Midfielder / AM / Striker / ST,945,6.33,2.4,3.0,2.92,2.59,2.13,19.0,8.0,0.0,0.67,188.0,78.0,3.0,50.0,6.0,1.0,1.0,9.1,4.0,50.0,22.0,28.2,11.0,28.9,353.0,41.0,15.0,4.0,3.0,,5.0,20.0,3.0,5.0,0.0,19.0,16.47,0.0,0.0,,1.0,1.0,,3.0,4.0,,,,,,
1092731,St. Pauli,Joel Chima Fujita,MF / Defensive Midfielder / DM / Right Midfielder / RM / Central Midfielder / CM / Attacking Midfielder / AM / Right Winger / RW,1782,7.01,6.5,0.0,0.68,0.35,0.68,21.0,3.0,3.0,3.33,647.0,76.0,27.0,31.8,24.0,5.0,2.0,11.1,25.0,50.0,86.0,44.1,10.0,43.5,1181.0,30.0,21.0,8.0,43.0,24.0,27.0,116.0,13.0,25.0,3.0,35.0,31.22,3.0,0.0,2.0,,,,,13.0,,,,,,
922731,St. Pauli,Taichi Hara,FW / Right Winger / RW / Striker / ST / Left Winger / LW,90,5.96,1.2,,,,,,,,,,,,,,,,,,,,,,,,,,,,,,,,,,,,,,,,,,,,,,,,,
1659893,St. Pauli,Abdoulie Ceesay,FW / Right Midfielder / RM / Striker / ST,54,6.04,559.9,,,,,,,,,,,,,,,,,,,,,,,,,,,,,,,,,,,,,,,,,,,,,,,,,
629805,Eintracht Frankfurt,Ritsu Doan,MF / Right Wing-Back / RWB / Right Midfielder / RM / Right Winger / RW / Attacking Midfielder / AM,1817,7.11,25.7,4.0,2.52,3.92,2.52,30.0,11.0,5.0,4.07,509.0,76.5,18.0,47.4,29.0,10.0,20.0,23.0,29.0,46.8,108.0,44.3,18.0,36.7,1105.0,58.0,39.0,26.0,35.0,15.0,16.0,62.0,14.0,18.0,3.0,36.0,26.06,2.0,0.0,1.0,,,,2.0,12.0,,,,,,
177714,Eintracht Frankfurt,Mario Götze,MF / Defensive Midfielder / DM / Central Midfielder / CM / Right Winger / RW / Attacking Midfielder / AM / Striker / ST / Left Winger / LW,671,6.34,2.2,0.0,0.43,,0.43,3.0,,0.0,1.45,308.0,84.4,11.0,57.9,9.0,2.0,5.0,25.0,3.0,33.3,26.0,34.7,,,482.0,15.0,13.0,12.0,11.0,5.0,6.0,35.0,7.0,11.0,0.0,14.0,10.25,1.0,0.0,2.0,,,,,1.0,,,,,,
1339269,Eintracht Frankfurt,Hugo Larsson,MF / Defensive Midfielder / DM / Central Midfielder / CM / Attacking Midfielder / AM,969,6.79,21.2,1.0,0.8,1.24,0.8,7.0,3.0,2.0,0.94,423.0,82.1,26.0,54.2,9.0,1.0,3.0,50.0,3.0,75.0,21.0,53.8,7.0,58.3,613.0,11.0,4.0,,11.0,12.0,4.0,39.0,1.0,5.0,0.0,20.0,14.41,0.0,0.0,1.0,,,1.0,,13.0,,,,,,
1395447,Eintracht Frankfurt,Nathaniel Brown,MF / Left Back / LB / Left Wing-Back / LWB / Right Midfielder / RM / Left Midfielder / LM / Left Winger / LW,1625,7.13,36.6,3.0,2.09,1.8,2.09,13.0,7.0,4.0,2.13,541.0,82.7,20.0,37.7,20.0,6.0,6.0,22.2,11.0,44.0,89.0,53.9,6.0,28.6,1035.0,40.0,15.0,20.0,52.0,18.0,17.0,70.0,7.0,16.0,3.0,37.0,26.21,3.0,0.0,2.0,,,,,25.0,,,,,,
1680173,Eintracht Frankfurt,Ayoube Amaimouni-Echghouyab,FW / Defensive Midfielder / DM / Right Midfielder / RM / Right Winger / RW,151,6.68,510.3,2.0,0.13,1.46,0.13,4.0,4.0,1.0,0.14,12.0,63.2,,,2.0,,2.0,22.2,4.0,40.0,9.0,31.0,,,67.0,9.0,2.0,4.0,1.0,,4.0,4.0,3.0,4.0,0.0,3.0,3.41,1.0,0.0,1.0,,,,,3.0,,,,,,
1393672,Eintracht Frankfurt,Jean Bahoya,FW / Right Winger / RW / Attacking Midfielder / AM / Left Winger / LW / Striker / ST,833,6.82,27.2,2.0,1.52,1.35,1.52,14.0,4.0,3.0,2.14,210.0,80.2,5.0,33.3,20.0,4.0,6.0,26.1,16.0,57.1,58.0,53.2,4.0,21.1,466.0,41.0,10.0,16.0,22.0,8.0,10.0,39.0,4.0,5.0,1.0,22.0,16.2,0.0,0.0,2.0,,,,2.0,10.0,,,,,,
1095445,Eintracht Frankfurt (on loan),Arnaud Kalimuendo-Muinga,FW / Attacking Midfielder / AM / Striker / ST,90,6.08,33.8,,,,,,,,,,,,,,,,,,,,,,,,,,,,,,,,,,,,,,,,,,,,,,,,,
1175708,Eintracht Frankfurt,Ansgar Knauff,FW / Right Midfielder / RM / Left Midfielder / LM / Right Winger / RW / Attacking Midfielder / AM / Left Winger / LW / Striker / ST,1005,6.72,19.8,4.0,3.35,4.34,3.35,26.0,13.0,1.0,1.39,177.0,71.1,1.0,20.0,16.0,4.0,7.0,24.1,9.0,50.0,39.0,33.3,10.0,25.6,439.0,55.0,14.0,10.0,10.0,7.0,20.0,32.0,7.0,6.0,0.0,20.0,12.95,2.0,0.0,,,,,2.0,7.0,,,,,,
1717491,Eintracht Frankfurt,Love Arrhov,MF / Defensive Midfielder / DM / Central Midfielder / CM / Right Winger / RW / Attacking Midfielder / AM / Left Winger / LW / Striker / ST,90,5.9,7.0,,,,,,,,,,,,,,,,,,,,,,,,,,,,,,,,,,,,,,,,,,,,,,,,,
574642,Eintracht Frankfurt,Ellyes Skhiri,MF / Defensive Midfielder / DM / Central Midfielder / CM / Attacking Midfielder / AM,934,6.56,5.9,0.0,0.34,,0.34,5.0,,0.0,0.4,458.0,85.9,20.0,41.7,5.0,,1.0,50.0,2.0,40.0,32.0,47.8,13.0,52.0,643.0,10.0,5.0,8.0,9.0,18.0,8.0,51.0,2.0,7.0,2.0,21.0,13.23,0.0,1.0,2.0,,,,2.0,14.0,,,,,,
951918,Borussia Mönchengladbach,Philipp Sander,DF / MF / Center Back / CB / Defensive Midfielder / DM / Central Midfielder / CM / Attacking Midfielder / AM,1380,6.82,3.4,1.0,0.78,1.64,0.78,15.0,5.0,0.0,1.42,642.0,85.7,35.0,51.5,5.0,,5.0,27.8,2.0,28.6,91.0,61.9,37.0,67.3,1075.0,10.0,7.0,7.0,45.0,26.0,15.0,84.0,3.0,11.0,2.0,23.0,20.55,1.0,0.0,5.0,,,1.0,3.0,58.0,,,,,,
1185902,Borussia Mönchengladbach,Jens Castrop,FW / MF / Right Wing-Back / RWB / Defensive Midfielder / DM / Right Midfielder / RM / Central Midfielder / CM / Left Midfielder / LM / Attacking Midfielder / AM,928,6.76,8.0,1.0,1.83,1.61,1.83,15.0,6.0,0.0,0.81,195.0,73.3,11.0,42.3,10.0,,1.0,8.3,17.0,38.6,84.0,51.2,7.0,46.7,527.0,34.0,13.0,18.0,42.0,10.0,25.0,56.0,1.0,8.0,3.0,21.0,14.62,1.0,1.0,,,,,1.0,14.0,,,,,,
1174726,Borussia Mönchengladbach,Rocco Reitz,FW / MF / Defensive Midfielder / DM / Right Midfielder / RM / Central Midfielder / CM / Attacking Midfielder / AM,1885,7.06,18.1,0.0,1.61,1.03,1.61,32.0,10.0,2.0,2.82,655.0,76.7,39.0,43.8,21.0,3.0,9.0,13.6,17.0,44.7,128.0,51.8,19.0,51.4,1346.0,45.0,31.0,44.0,49.0,36.0,27.0,103.0,7.0,24.0,6.0,35.0,31.01,5.0,0.0,3.0,,,,4.0,34.0,,,,,,
276739,Borussia Mönchengladbach,Kevin Stöger,FW / MF / Defensive Midfielder / DM / Central Midfielder / CM / Left Midfielder / LM / Attacking Midfielder / AM / Left Winger / LW,681,6.5,2.2,0.0,1.91,0.29,1.12,11.0,3.0,0.0,1.46,315.0,82.0,11.0,50.0,16.0,4.0,9.0,28.1,3.0,30.0,38.0,48.1,1.0,14.3,533.0,19.0,7.0,12.0,22.0,7.0,12.0,28.0,1.0,9.0,0.0,16.0,11.53,1.0,0.0,1.0,,,,,10.0,,,,,,
1398483,Borussia Mönchengladbach,Lukas Ullrich,DF / FW / Left Back / LB / Left Wing-Back / LWB / Left Midfielder / LM,1058,6.63,10.5,0.0,0.31,0.05,0.31,6.0,2.0,0.0,1.29,300.0,79.6,12.0,27.9,13.0,1.0,8.0,26.7,7.0,50.0,44.0,51.2,9.0,56.2,621.0,15.0,7.0,8.0,20.0,19.0,14.0,40.0,1.0,8.0,1.0,25.0,17.48,2.0,0.0,4.0,,,1.0,,34.0,,,,,,
501543,Borussia Mönchengladbach,Franck Honorat,FW / Right Wing-Back / RWB / Right Midfielder / RM / Right Winger / RW / Attacking Midfielder / AM / Striker / ST,1209,6.92,12.7,0.0,0.6,0.44,0.6,12.0,3.0,5.0,4.38,267.0,76.5,5.0,31.2,30.0,5.0,23.0,29.1,13.0,35.1,37.0,37.8,7.0,41.2,593.0,48.0,12.0,5.0,12.0,5.0,9.0,40.0,6.0,8.0,2.0,18.0,18.43,0.0,0.0,2.0,,1.0,,,15.0,,,,,,
388903,Borussia Mönchengladbach (on loan),Haris Tabakovic,FW / Striker / ST,1543,6.8,1.7,10.0,10.08,11.73,8.5,44.0,19.0,2.0,0.48,216.0,69.9,2.0,100.0,10.0,,,,5.0,35.7,90.0,42.5,69.0,52.3,534.0,70.0,19.0,14.0,4.0,,29.0,28.0,5.0,7.0,2.0,25.0,25.22,0.0,0.0,3.0,,,,19.0,37.0,,,,,,
915111,Borussia Mönchengladbach,Shuto Machino,FW / Attacking Midfielder / AM / Left Winger / LW / Right Winger / RW / Striker / ST,785,6.5,6.4,3.0,2.07,2.64,2.07,16.0,8.0,0.0,1.33,153.0,73.9,6.0,85.7,11.0,,1.0,12.5,,,34.0,43.6,21.0,51.2,333.0,45.0,7.0,6.0,7.0,1.0,6.0,26.0,4.0,7.0,0.0,25.0,19.21,1.0,0.0,,,,,4.0,9.0,,,,,,
1351569,Borussia Mönchengladbach (on loan),Hugo Bolin,MF / Defensive Midfielder / DM / Right Midfielder / RM / Left Midfielder / LM / Right Winger / RW / Attacking Midfielder / AM / Striker / ST / Left Winger / LW,116,5.97,5.2,,,,,,,,,,,,,,,,,,,,,,,,,,,,,,,,,,,,,,,,,,,,,,,,,
763998,Hamburger SV,Bakery Jatta,MF / Right Wing-Back / RWB / Right Midfielder / RM / Right Winger / RW,601,6.68,713.0,0.0,0.41,0.78,0.41,6.0,2.0,1.0,0.56,118.0,81.9,9.0,64.3,3.0,,1.0,7.1,3.0,50.0,19.0,40.4,2.0,18.2,277.0,14.0,5.0,4.0,10.0,5.0,8.0,11.0,2.0,4.0,2.0,6.0,9.59,0.0,0.0,4.0,,,,1.0,19.0,,,,,,
1025462,Hamburger SV (on loan),Fabio Vieira,MF / Defensive Midfielder / DM / Central Midfielder / CM / Right Winger / RW / Attacking Midfielder / AM / Striker / ST / Left Winger / LW,1155,7.12,16.3,2.0,2.9,1.86,2.12,32.0,7.0,4.0,2.3,391.0,85.2,35.0,58.3,23.0,4.0,8.0,30.8,16.0,53.3,46.0,50.0,2.0,14.3,657.0,29.0,7.0,19.0,9.0,7.0,11.0,68.0,3.0,2.0,2.0,18.0,20.62,1.0,2.0,2.0,1.0,,,,11.0,,,,,,
1121170,Hamburger SV,Ransford Königsdörffer,FW / Central Midfielder / CM / Attacking Midfielder / AM / Right Winger / RW / Striker / ST,1394,6.56,4.5,4.0,6.04,5.0,5.25,46.0,16.0,0.0,0.84,179.0,73.4,5.0,71.4,10.0,,2.0,15.4,8.0,38.1,51.0,39.2,28.0,44.4,451.0,73.0,14.0,14.0,1.0,2.0,16.0,26.0,5.0,2.0,0.0,24.0,21.72,1.0,0.0,,,,,18.0,15.0,,,,,,
1067553,Hamburger SV (on loan),Philip Otele,FW / Right Midfielder / RM / Left Midfielder / LM / Right Winger / RW / Attacking Midfielder / AM / Left Winger / LW / Striker / ST,143,7.57,2.6,0.0,0.06,,0.06,2.0,,1.0,0.85,30.0,66.7,2.0,100.0,5.0,,2.0,33.3,4.0,66.7,8.0,57.1,4.0,80.0,67.0,8.0,2.0,,,1.0,1.0,3.0,,,0.0,1.0,2.46,0.0,0.0,,,,,,,,,,,,
490489,Hamburger SV,Robert Glatzel,FW / Striker / ST / Left Winger / LW,226,6.39,1.5,1.0,0.91,1.18,0.91,7.0,3.0,1.0,0.24,35.0,70.0,1.0,100.0,3.0,1.0,,,2.0,50.0,11.0,30.6,6.0,28.6,95.0,14.0,4.0,3.0,,,5.0,9.0,3.0,,0.0,4.0,5.8,0.0,0.0,,,,,2.0,5.0,,,,,,
266527,Hamburger SV,Yussuf Poulsen,FW / Striker / ST,220,6.23,1.9,1.0,0.76,0.76,0.76,7.0,3.0,0.0,0.3,48.0,61.5,1.0,50.0,2.0,1.0,,,3.0,75.0,29.0,52.7,22.0,59.5,121.0,11.0,2.0,2.0,2.0,,8.0,10.0,3.0,,0.0,4.0,4.45,3.0,0.0,,,,,4.0,3.0,,,,,,
613260,Hamburger SV,Jean-Luc Dompe,FW / Attacking Midfielder / AM / Left Winger / LW / Striker / ST,997,6.95,2.3,2.0,1.23,1.59,1.23,21.0,9.0,0.0,3.58,200.0,79.7,5.0,41.7,29.0,6.0,19.0,25.3,18.0,58.1,30.0,53.6,,,448.0,43.0,6.0,8.0,4.0,,2.0,21.0,4.0,3.0,1.0,12.0,13.62,0.0,0.0,,,,,,,,,,,,
1179835,Hamburger SV (on loan),Giorgi Gocholeishvili,MF / Right Back / RB / Left Back / LB / Right Wing-Back / RWB / Left Wing-Back / LWB / Right Midfielder / RM / Left Midfielder / LM / Right Winger / RW,761,6.55,3.9,0.0,0.73,0.06,0.73,13.0,2.0,1.0,0.43,154.0,78.6,15.0,46.9,10.0,1.0,6.0,30.0,15.0,48.4,53.0,50.0,9.0,47.4,434.0,21.0,10.0,14.0,15.0,4.0,11.0,43.0,4.0,7.0,1.0,10.0,13.76,1.0,1.0,1.0,,,,1.0,18.0,,,,,,
1403332,Union Berlin,Aljoscha Kemlein,MF / Defensive Midfielder / DM / Central Midfielder / CM / Attacking Midfielder / AM,1302,6.77,6.2,0.0,0.8,0.64,0.8,12.0,2.0,0.0,1.06,470.0,77.0,40.0,50.6,8.0,1.0,2.0,25.0,12.0,66.7,73.0,54.9,22.0,61.1,801.0,9.0,13.0,9.0,31.0,14.0,14.0,83.0,4.0,14.0,0.0,20.0,15.59,3.0,0.0,3.0,,,,1.0,18.0,,,,,,
860260,Union Berlin,Derrick Köhn,MF / Left Wing-Back / LWB / Left Midfielder / LM / Left Winger / LW,1260,6.57,4.9,0.0,0.63,0.29,0.63,16.0,2.0,1.0,2.33,281.0,77.4,17.0,35.4,16.0,3.0,19.0,26.4,8.0,47.1,46.0,42.6,3.0,37.5,756.0,23.0,19.0,11.0,24.0,6.0,23.0,52.0,4.0,7.0,1.0,20.0,15.37,3.0,1.0,4.0,,,,,27.0,,,,,,
949673,Union Berlin,Woo-Yeong Jeong,FW / MF / Left Midfielder / LM / Right Winger / RW / Attacking Midfielder / AM / Striker / ST,841,6.59,2.3,2.0,1.71,1.9,1.71,15.0,5.0,1.0,0.66,176.0,75.5,3.0,33.3,5.0,,4.0,17.4,6.0,54.5,46.0,49.5,7.0,23.3,380.0,22.0,6.0,18.0,15.0,5.0,7.0,41.0,4.0,8.0,0.0,18.0,12.7,0.0,0.0,,,,,1.0,11.0,,,,,,
1515977,Union Berlin,Ilyas Ansah,FW / Attacking Midfielder / AM / Left Winger / LW / Striker / ST,1444,6.52,12.0,5.0,2.71,2.59,2.71,24.0,8.0,1.0,0.91,172.0,78.5,3.0,37.5,13.0,1.0,4.0,30.8,23.0,44.2,73.0,34.1,13.0,24.1,578.0,51.0,46.0,28.0,10.0,4.0,16.0,60.0,9.0,10.0,0.0,21.0,18.79,0.0,0.0,2.0,,,,5.0,13.0,,,,,,
1047670,Union Berlin,Andrej Ilic,FW / Attacking Midfielder / AM / Striker / ST,1409,6.56,7.2,1.0,7.51,4.37,6.72,44.0,12.0,7.0,1.4,150.0,59.1,2.0,40.0,22.0,5.0,2.0,18.2,3.0,27.3,116.0,36.7,93.0,39.9,489.0,86.0,24.0,18.0,2.0,,23.0,30.0,6.0,8.0,1.0,30.0,24.66,4.0,0.0,5.0,,2.0,,25.0,16.0,,,,,,
658440,Union Berlin,Tim Skarke,FW / Right Winger / RW / Attacking Midfielder / AM / Striker / ST,384,6.24,1.2,1.0,0.77,1.07,0.77,11.0,5.0,0.0,0.35,67.0,67.7,3.0,33.3,6.0,,2.0,33.3,1.0,16.7,11.0,28.2,1.0,7.7,174.0,16.0,4.0,6.0,3.0,,5.0,25.0,3.0,2.0,0.0,8.0,6.58,0.0,0.0,,,,,,8.0,,,,,,
1520506,Union Berlin,Livan Burcu,FW / Right Winger / RW / Attacking Midfielder / AM / Left Winger / LW,285,6.4,3.5,0.0,1.02,0.67,1.02,10.0,1.0,0.0,0.36,60.0,74.1,4.0,57.1,5.0,,3.0,30.0,10.0,47.6,22.0,41.5,1.0,11.1,176.0,15.0,7.0,7.0,5.0,1.0,4.0,18.0,1.0,1.0,0.0,5.0,3.4,1.0,0.0,,,,,,4.0,,,,,,
836797,Union Berlin,Alex Kral,MF / Defensive Midfielder / DM / Central Midfielder / CM / Attacking Midfielder / AM / Striker / ST,252,6.34,2.2,0.0,0.1,0.04,0.1,2.0,1.0,0.0,0.22,65.0,80.2,4.0,66.7,4.0,,1.0,14.3,4.0,66.7,20.0,55.6,6.0,54.5,133.0,7.0,5.0,6.0,5.0,3.0,4.0,22.0,2.0,,0.0,8.0,5.59,1.0,0.0,1.0,,,,,6.0,,,,,,
836726,Union Berlin,András Schäfer,MF / Defensive Midfielder / DM / Central Midfielder / CM / Attacking Midfielder / AM,803,6.46,2.4,1.0,1.26,0.64,1.26,17.0,4.0,0.0,0.32,186.0,72.1,1.0,9.1,3.0,,3.0,23.1,2.0,16.7,59.0,48.0,20.0,57.1,441.0,17.0,9.0,14.0,23.0,14.0,21.0,38.0,2.0,11.0,1.0,14.0,12.08,2.0,0.0,3.0,,,,2.0,12.0,,,,,,
609504,Union Berlin,Oliver Burke,FW / Attacking Midfielder / AM / Right Winger / RW / Striker / ST,1001,6.56,3.6,4.0,2.93,3.0,2.93,23.0,10.0,1.0,1.31,133.0,73.5,2.0,100.0,14.0,2.0,7.0,35.0,8.0,32.0,35.0,33.0,14.0,33.3,352.0,52.0,13.0,7.0,6.0,4.0,7.0,37.0,9.0,8.0,0.0,20.0,12.93,2.0,0.0,2.0,,,,3.0,,,,,,,
625175,Hoffenheim,Grischa Prömel,FW / MF / Defensive Midfielder / DM / Right Midfielder / RM / Central Midfielder / CM,1162,7.1,1.7,6.0,3.29,4.07,3.29,25.0,8.0,2.0,1.66,522.0,83.0,17.0,38.6,12.0,1.0,2.0,28.6,5.0,41.7,67.0,54.0,16.0,41.0,863.0,38.0,8.0,20.0,26.0,11.0,12.0,71.0,8.0,8.0,3.0,16.0,23.14,3.0,0.0,5.0,,,,7.0,32.0,,,,,,
1478148,Hoffenheim,Leon Avdullahu,FW / MF / Center Back / CB / Right Wing-Back / RWB / Defensive Midfielder / DM / Central Midfielder / CM,1923,7.09,19.7,0.0,0.34,0.02,0.34,10.0,1.0,1.0,1.22,1137.0,88.2,61.0,62.2,14.0,1.0,1.0,9.1,6.0,42.9,65.0,46.4,22.0,55.0,1543.0,16.0,11.0,9.0,28.0,24.0,18.0,114.0,16.0,21.0,6.0,26.0,33.56,4.0,0.0,5.0,,,,1.0,37.0,,,,,,
947884,Hoffenheim,Wouter Burger,FW / MF / Defensive Midfielder / DM / Central Midfielder / CM / Right Winger / RW,1552,7.46,2.7,4.0,2.6,3.74,2.6,24.0,10.0,5.0,3.49,638.0,76.2,38.0,39.2,33.0,9.0,13.0,26.5,3.0,42.9,101.0,48.1,48.0,55.2,1146.0,49.0,16.0,7.0,43.0,12.0,39.0,86.0,13.0,15.0,5.0,16.0,21.33,4.0,1.0,5.0,,1.0,1.0,5.0,47.0,,,,,,
173461,Hoffenheim,Andrej Kramaric,FW / MF / Right Midfielder / RM / Central Midfielder / CM / Right Winger / RW / Attacking Midfielder / AM / Left Winger / LW / Striker / ST,1348,7.24,2.2,9.0,7.23,10.97,4.86,42.0,21.0,4.0,3.11,513.0,85.4,15.0,65.2,24.0,5.0,18.0,30.0,12.0,57.1,28.0,41.2,3.0,25.0,830.0,63.0,15.0,9.0,4.0,6.0,3.0,70.0,16.0,5.0,0.0,18.0,22.46,1.0,0.0,2.0,3.0,,,4.0,7.0,,,,,,
1219540,Hoffenheim,Fisnik Asllani,FW / Attacking Midfielder / AM / Right Winger / RW / Striker / ST,1433,7.17,22.8,7.0,5.66,6.53,5.66,46.0,17.0,4.0,2.69,269.0,68.4,5.0,50.0,24.0,6.0,3.0,75.0,10.0,37.0,68.0,38.2,19.0,28.8,650.0,88.0,21.0,30.0,10.0,4.0,14.0,49.0,17.0,15.0,0.0,23.0,25.51,1.0,0.0,,,1.0,,9.0,15.0,,,,,,
1624586,Hoffenheim,Bazoumana Touré,FW / Left Wing-Back / LWB / Right Midfielder / RM / Central Midfielder / CM / Left Midfielder / LM / Right Winger / RW / Attacking Midfielder / AM / Left Winger / LW / Striker / ST,1353,7.19,21.9,2.0,2.4,2.89,2.4,22.0,7.0,5.0,2.45,291.0,76.2,10.0,62.5,25.0,6.0,21.0,35.6,31.0,43.7,98.0,44.3,27.0,51.9,741.0,64.0,25.0,20.0,20.0,4.0,26.0,82.0,14.0,7.0,0.0,24.0,25.69,2.0,0.0,1.0,,1.0,,4.0,11.0,,,,,,
1027194,Hoffenheim,Alexander Prass,MF / Right Back / RB / Left Back / LB / Right Wing-Back / RWB / Left Wing-Back / LWB / Right Midfielder / RM / Left Midfielder / LM / Left Winger / LW,796,6.7,5.8,1.0,0.61,2.1,0.61,10.0,5.0,2.0,1.79,246.0,78.8,10.0,45.5,12.0,4.0,6.0,40.0,6.0,42.9,53.0,45.7,11.0,73.3,483.0,19.0,16.0,12.0,24.0,3.0,17.0,45.0,7.0,19.0,1.0,12.0,18.09,2.0,0.0,3.0,,,,,11.0,,,,,,
1486537,Hoffenheim,Max Moerstedt,FW / Attacking Midfielder / AM / Left Winger / LW / Striker / ST,355,6.27,10.6,2.0,0.75,1.03,0.75,6.0,3.0,0.0,0.55,66.0,73.3,1.0,25.0,2.0,1.0,,,3.0,50.0,26.0,39.4,10.0,38.5,172.0,19.0,9.0,7.0,6.0,,11.0,12.0,,1.0,0.0,4.0,6.49,1.0,0.0,1.0,,,,4.0,5.0,,,,,,
458630,Hoffenheim,Ihlas Bebou,FW / Striker / ST,43,6.07,804.5,,,,,,,,,,,,,,,,,,,,,,,,,,,,,,,,,,,,,,,,,,,,,,,,,
1281090,Freiburg,Philipp Treu,DF / Right Back / RB / Left Back / LB / Right Wing-Back / RWB / Left Wing-Back / LWB / Right Midfielder / RM / Left Midfielder / LM / Right Winger / RW,1356,6.72,6.0,1.0,0.74,1.07,0.74,11.0,3.0,1.0,0.87,393.0,84.0,17.0,47.2,12.0,1.0,3.0,16.7,12.0,52.2,71.0,57.3,7.0,25.9,750.0,15.0,6.0,24.0,29.0,5.0,12.0,50.0,3.0,6.0,2.0,22.0,20.05,2.0,0.0,5.0,,,,,23.0,,,,,,
1526221,Freiburg,Cyriaque Irie,FW / Right Midfielder / RM / Left Midfielder / LM / Right Winger / RW / Left Winger / LW / Striker / ST,97,6.16,8.1,0.0,0.12,,0.12,2.0,,0.0,0.04,19.0,86.4,1.0,100.0,1.0,,,,1.0,20.0,10.0,47.6,2.0,66.7,53.0,3.0,4.0,4.0,3.0,2.0,2.0,5.0,,,0.0,1.0,1.68,1.0,0.0,,,,,,3.0,,,,,,
602523,Freiburg,Maximilian Eggestein,FW / MF / Defensive Midfielder / DM / Central Midfielder / CM,1980,6.93,6.0,2.0,2.88,3.01,2.88,33.0,9.0,0.0,1.17,746.0,81.9,26.0,40.6,14.0,2.0,1.0,10.0,11.0,68.8,112.0,58.6,42.0,51.9,1235.0,44.0,11.0,12.0,47.0,21.0,16.0,83.0,9.0,9.0,5.0,36.0,30.39,3.0,0.0,12.0,,,,7.0,47.0,,,,,,
1075815,Freiburg,Patrick Osterhage,FW / MF / Defensive Midfielder / DM / Central Midfielder / CM / Attacking Midfielder / AM,1019,6.52,9.5,1.0,0.95,1.39,0.95,7.0,2.0,0.0,0.75,345.0,85.6,10.0,52.6,5.0,,4.0,44.4,5.0,33.3,36.0,39.1,8.0,27.6,564.0,19.0,6.0,12.0,11.0,16.0,13.0,36.0,2.0,6.0,1.0,15.0,16.63,4.0,0.0,9.0,,,,1.0,15.0,,,,,,
1302666,Freiburg,Derry Scherhant,FW / Right Winger / RW / Left Winger / LW / Striker / ST,700,6.59,2.3,4.0,1.66,2.47,1.66,25.0,9.0,0.0,1.25,96.0,75.0,3.0,50.0,11.0,,12.0,27.9,12.0,31.6,52.0,41.6,4.0,23.5,358.0,42.0,17.0,25.0,11.0,2.0,9.0,26.0,1.0,8.0,0.0,14.0,11.87,1.0,0.0,1.0,,,,,8.0,,,,,,
1134467,Freiburg,Yuito Suzuki,FW / MF / Defensive Midfielder / DM / Attacking Midfielder / AM / Right Winger / RW / Striker / ST,1067,6.78,11.7,3.0,2.83,3.38,2.83,28.0,11.0,2.0,1.31,199.0,76.0,13.0,65.0,16.0,1.0,5.0,35.7,12.0,57.1,39.0,38.6,7.0,33.3,430.0,32.0,25.0,7.0,13.0,5.0,12.0,46.0,6.0,4.0,0.0,22.0,16.41,2.0,0.0,,,,,2.0,10.0,,,,,,
556524,Freiburg,Lucas Höler,FW / Attacking Midfielder / AM / Striker / ST,1358,6.74,2.2,1.0,2.78,3.48,2.78,21.0,10.0,1.0,1.5,269.0,68.3,3.0,50.0,17.0,1.0,1.0,12.5,6.0,37.5,92.0,47.2,53.0,48.2,617.0,68.0,14.0,20.0,14.0,7.0,18.0,45.0,5.0,6.0,2.0,31.0,20.85,0.0,0.0,2.0,,2.0,,8.0,22.0,,,,,,
1210893,Freiburg,Igor Matanovic,FW / Striker / ST,680,6.63,7.3,5.0,6.03,5.7,4.45,27.0,12.0,1.0,0.28,93.0,61.2,4.0,44.4,7.0,2.0,,,8.0,50.0,77.0,48.1,42.0,53.8,330.0,35.0,9.0,17.0,10.0,7.0,25.0,24.0,2.0,6.0,0.0,8.0,10.28,0.0,0.0,2.0,1.0,,,7.0,21.0,,,,,,
400625,Freiburg,Vincenzo Grifo,FW / Left Midfielder / LM / Left Winger / LW,1058,6.87,2.7,6.0,4.67,4.78,1.52,19.0,6.0,1.0,3.04,424.0,83.1,42.0,62.7,28.0,8.0,20.0,26.0,8.0,80.0,25.0,52.1,5.0,71.4,696.0,26.0,6.0,7.0,5.0,6.0,7.0,42.0,3.0,7.0,1.0,19.0,16.23,0.0,0.0,1.0,4.0,,,,15.0,,,,,,
864157,Freiburg,Jan-Niklas Beste,FW / Right Winger / RW,1128,6.99,7.1,1.0,1.63,1.78,1.63,15.0,7.0,2.0,3.05,228.0,75.0,11.0,44.0,26.0,2.0,24.0,29.6,7.0,28.0,58.0,44.6,4.0,21.1,584.0,33.0,15.0,22.0,25.0,13.0,11.0,42.0,4.0,13.0,0.0,15.0,15.93,4.0,0.0,,,,,2.0,16.0,,,,,,
1137364,Werder Bremen,Justin Njinmah,FW / MF / Right Winger / RW / Striker / ST,1213,6.63,6.9,4.0,4.4,5.54,4.4,36.0,15.0,0.0,0.59,193.0,71.7,2.0,12.5,8.0,1.0,4.0,25.0,11.0,35.5,48.0,48.5,11.0,47.8,476.0,63.0,8.0,12.0,14.0,5.0,7.0,34.0,10.0,6.0,0.0,32.0,22.39,1.0,0.0,,,,,2.0,8.0,,,,,,
749488,Werder Bremen,Romano Schmid,FW / MF / Defensive Midfielder / DM / Central Midfielder / CM / Right Winger / RW / Attacking Midfielder / AM / Left Winger / LW / Striker / ST,1935,7.16,14.9,2.0,4.49,4.2,2.13,36.0,13.0,5.0,6.44,699.0,75.4,45.0,52.3,60.0,11.0,28.0,22.0,23.0,36.5,85.0,37.9,12.0,27.9,1404.0,64.0,40.0,20.0,30.0,8.0,14.0,97.0,25.0,15.0,3.0,40.0,34.07,4.0,0.0,2.0,2.0,,,,7.0,,,,,,
909907,Werder Bremen (on loan),Cameron Puertas,FW / MF / Central Midfielder / CM / Right Winger / RW / Attacking Midfielder / AM / Striker / ST,947,6.61,13.1,0.0,1.03,0.53,1.03,21.0,4.0,0.0,1.08,321.0,82.5,11.0,52.4,9.0,1.0,4.0,15.4,6.0,28.6,64.0,48.5,6.0,35.3,629.0,34.0,14.0,17.0,35.0,8.0,18.0,43.0,5.0,12.0,0.0,17.0,17.01,4.0,0.0,3.0,,,1.0,,13.0,,,,,,
1024292,Werder Bremen,Marco Grüll,FW / Central Midfielder / CM / Right Winger / RW / Attacking Midfielder / AM / Left Winger / LW / Striker / ST,1412,6.87,2.2,2.0,2.24,1.47,2.24,33.0,11.0,1.0,2.54,343.0,77.4,7.0,36.8,28.0,,15.0,27.3,18.0,60.0,81.0,49.4,11.0,35.5,781.0,51.0,19.0,21.0,31.0,10.0,21.0,53.0,10.0,12.0,2.0,29.0,27.65,4.0,0.0,5.0,,,,4.0,14.0,,,,,,
1402900,Werder Bremen,Samuel Mbangula,FW / Right Midfielder / RM / Left Midfielder / LM / Attacking Midfielder / AM / Left Winger / LW,899,7.04,17.1,3.0,1.18,2.16,1.18,14.0,6.0,2.0,1.61,331.0,87.1,9.0,50.0,14.0,2.0,4.0,25.0,27.0,62.8,67.0,54.5,3.0,21.4,588.0,37.0,17.0,21.0,16.0,4.0,3.0,50.0,3.0,9.0,0.0,18.0,16.68,0.0,0.0,1.0,,2.0,,,3.0,,,,,,
526827,Bayern München,Konrad Laimer,DF / Right Back / RB / Left Back / LB / Defensive Midfielder / DM / Attacking Midfielder / AM / Left Winger / LW,1282,7.31,25.5,2.0,1.78,2.43,1.78,12.0,7.0,4.0,2.74,781.0,89.2,16.0,47.1,25.0,4.0,5.0,22.7,10.0,41.7,56.0,42.4,12.0,41.4,1196.0,59.0,11.0,6.0,28.0,11.0,16.0,61.0,10.0,18.0,5.0,8.0,10.8,5.0,0.0,4.0,,,,,19.0,,,,,,
343748,Bayern München,Leon Goretzka,MF / Defensive Midfielder / DM / Central Midfielder / CM / Attacking Midfielder / AM,1202,7.13,13.4,2.0,1.14,0.92,1.14,14.0,4.0,0.0,2.7,951.0,93.1,33.0,73.3,11.0,2.0,,,7.0,100.0,53.0,49.5,16.0,38.1,1200.0,18.0,11.0,11.0,19.0,18.0,10.0,62.0,6.0,9.0,4.0,9.0,12.31,4.0,0.0,5.0,,,,3.0,27.0,,,,,,
1737700,Bayern München,Lennart Karl,FW / MF / Right Winger / RW / Attacking Midfielder / AM,906,7.03,32.1,4.0,4.74,4.0,4.74,31.0,14.0,2.0,3.05,493.0,85.0,21.0,70.0,15.0,4.0,7.0,30.4,15.0,34.1,46.0,41.4,2.0,18.2,812.0,69.0,12.0,10.0,20.0,11.0,4.0,40.0,11.0,11.0,1.0,9.0,9.67,0.0,0.0,2.0,,1.0,,2.0,2.0,,,,,,
385437,Bayern München,Serge Gnabry,FW / MF / Right Winger / RW / Attacking Midfielder / AM / Left Winger / LW / Striker / ST,1003,7.35,16.8,6.0,4.8,4.37,4.8,36.0,14.0,5.0,3.55,478.0,88.5,11.0,64.7,18.0,7.0,2.0,11.8,14.0,48.3,30.0,39.5,,,709.0,57.0,13.0,2.0,14.0,4.0,7.0,31.0,8.0,6.0,0.0,11.0,11.99,1.0,0.0,1.0,,,,1.0,3.0,,,,,,
860914,Bayern München,Luis Diaz,FW / Left Winger / LW / Striker / ST,1750,8.06,82.6,13.0,11.51,11.15,11.51,63.0,30.0,10.0,5.5,786.0,85.7,31.0,79.5,46.0,11.0,6.0,15.8,48.0,49.5,94.0,42.2,6.0,26.1,1341.0,173.0,35.0,27.0,13.0,10.0,22.0,102.0,19.0,7.0,4.0,16.0,18.68,5.0,0.0,2.0,,2.0,,6.0,1.0,,,,,,
194165,Bayern München,Harry Kane,FW / Attacking Midfielder / AM / Striker / ST,1768,8.28,108.9,26.0,20.27,22.92,13.17,85.0,50.0,5.0,3.18,465.0,82.3,65.0,75.6,31.0,14.0,,,24.0,64.9,93.0,52.8,28.0,57.1,882.0,128.0,23.0,28.0,13.0,6.0,18.0,54.0,8.0,11.0,2.0,19.0,19.59,1.0,0.0,4.0,9.0,2.0,,11.0,28.0,,,,,,
1156141,Bayern München,Jamal Musiala,MF / Attacking Midfielder / AM / Left Winger / LW,90,6.76,129.5,,,,,,,,,,,,,,,,,,,,,,,,,,,,,,,,,,,,,,,,,,,,,,,,,
1286183,Bayern München,Tom Bischof,MF / Right Back / RB / Left Back / LB / Defensive Midfielder / DM / Central Midfielder / CM / Right Winger / RW / Attacking Midfielder / AM,808,7.1,46.2,0.0,0.98,0.22,0.98,18.0,2.0,3.0,1.58,688.0,93.2,23.0,69.7,16.0,3.0,5.0,25.0,3.0,37.5,23.0,39.0,6.0,66.7,904.0,14.0,7.0,5.0,9.0,7.0,10.0,48.0,6.0,12.0,2.0,9.0,9.14,2.0,0.0,2.0,,,1.0,1.0,8.0,,,,,,
1197347,Bayern München (on loan),Nicolas Jackson,FW / Attacking Midfielder / AM / Striker / ST,445,6.63,55.4,3.0,3.08,2.67,3.08,14.0,8.0,0.0,0.63,102.0,80.3,1.0,100.0,11.0,2.0,,,4.0,36.4,14.0,32.6,4.0,44.4,204.0,38.0,8.0,4.0,2.0,2.0,7.0,12.0,6.0,2.0,0.0,1.0,3.36,0.0,0.0,,,,,3.0,,,,,,,
1192406,VfB Stuttgart,Lorenz Assignon,DF / MF / Right Back / RB / Right Wing-Back / RWB / Right Midfielder / RM / Right Winger / RW,624,6.71,13.8,0.0,0.46,0.24,0.46,10.0,3.0,0.0,0.85,227.0,83.2,4.0,36.4,3.0,1.0,5.0,23.8,5.0,45.5,30.0,40.5,9.0,40.9,476.0,15.0,8.0,3.0,13.0,9.0,16.0,25.0,4.0,3.0,3.0,7.0,9.53,2.0,1.0,2.0,,,1.0,,20.0,,,,,,
614384,VfB Stuttgart,Maximilian Mittelstaedt,DF / Left Back / LB / Left Wing-Back / LWB / Left Midfielder / LM / Left Winger / LW,1426,7.56,18.7,3.0,2.29,2.88,0.71,19.0,9.0,3.0,3.89,727.0,86.0,32.0,49.2,25.0,8.0,20.0,28.2,7.0,53.8,95.0,66.0,21.0,63.6,1275.0,24.0,10.0,17.0,50.0,28.0,7.0,78.0,3.0,14.0,2.0,20.0,21.56,3.0,0.0,6.0,2.0,,,,47.0,,,,,,
1074968,VfB Stuttgart,Jamie Leweling,FW / Right Midfielder / RM / Left Midfielder / LM / Right Winger / RW / Attacking Midfielder / AM / Left Winger / LW,1576,7.17,25.1,5.0,2.66,3.54,2.66,35.0,14.0,6.0,3.42,359.0,75.4,9.0,33.3,29.0,5.0,21.0,29.6,21.0,45.7,75.0,47.2,9.0,39.1,857.0,59.0,28.0,31.0,14.0,12.0,13.0,59.0,13.0,6.0,5.0,24.0,26.3,4.0,0.0,2.0,,,1.0,1.0,15.0,,,,,,
661519,VfB Stuttgart,Deniz Undav,FW / Attacking Midfielder / AM / Striker / ST / Left Winger / LW,1357,7.34,17.0,12.0,9.28,11.39,9.28,77.0,29.0,3.0,1.72,256.0,74.0,9.0,60.0,19.0,4.0,,,3.0,33.3,45.0,33.3,20.0,37.0,581.0,95.0,20.0,10.0,12.0,4.0,21.0,30.0,11.0,9.0,2.0,23.0,22.21,4.0,0.0,,,,1.0,13.0,4.0,,,,,,
892679,VfB Stuttgart,Chris Führich,FW / Central Midfielder / CM / Left Midfielder / LM / Attacking Midfielder / AM / Left Winger / LW,851,6.94,10.1,3.0,1.04,3.06,1.04,17.0,9.0,3.0,3.97,378.0,80.3,11.0,52.4,20.0,6.0,10.0,28.6,16.0,66.7,28.0,50.0,1.0,12.5,617.0,46.0,9.0,2.0,9.0,,4.0,43.0,12.0,2.0,0.0,15.0,16.26,1.0,0.0,,,,1.0,1.0,5.0,,,,,,
840241,VfB Stuttgart,Ermedin Demirovic,FW / Striker / ST,820,7.18,21.7,7.0,4.0,6.52,3.21,18.0,10.0,1.0,1.18,90.0,72.6,1.0,100.0,8.0,1.0,,,6.0,75.0,41.0,41.4,15.0,37.5,237.0,42.0,12.0,14.0,6.0,1.0,21.0,17.0,5.0,1.0,2.0,8.0,10.2,4.0,0.0,1.0,1.0,1.0,,3.0,8.0,,,,,,
1340895,VfB Stuttgart (on loan),Bilal El Khannouss,MF / Central Midfielder / CM / Right Winger / RW / Attacking Midfielder / AM / Left Winger / LW / Striker / ST,135,7.56,37.1,0.0,0.59,0.43,0.59,5.0,1.0,2.0,0.46,64.0,82.1,2.0,66.7,6.0,3.0,3.0,20.0,3.0,75.0,7.0,46.7,1.0,50.0,118.0,3.0,4.0,1.0,2.0,3.0,,8.0,1.0,2.0,0.0,2.0,1.18,0.0,0.0,,,,,,,,,,,,
1164506,VfB Stuttgart,Tiago Tomás,FW / Right Midfielder / RM / Right Winger / RW / Attacking Midfielder / AM / Striker / ST / Left Winger / LW,632,6.77,18.9,3.0,4.07,2.69,4.07,26.0,8.0,0.0,0.62,150.0,79.8,1.0,25.0,8.0,1.0,3.0,33.3,8.0,30.8,41.0,47.1,6.0,46.2,346.0,37.0,12.0,19.0,8.0,3.0,8.0,22.0,2.0,1.0,0.0,10.0,11.38,2.0,0.0,2.0,,1.0,,1.0,6.0,,,,,,
1119643,1. FC Köln,Jan Thielmann,FW / MF / Right Back / RB / Right Wing-Back / RWB / Right Midfielder / RM / Right Winger / RW / Attacking Midfielder / AM / Striker / ST / Left Winger / LW,1280,6.74,5.1,3.0,1.8,3.36,1.8,21.0,10.0,1.0,0.81,235.0,73.2,20.0,40.8,7.0,1.0,8.0,28.6,5.0,27.8,59.0,48.8,18.0,56.2,593.0,31.0,15.0,21.0,16.0,12.0,8.0,51.0,3.0,12.0,0.0,26.0,23.78,3.0,0.0,3.0,,,,2.0,37.0,,,,,,
992060,1. FC Köln (on loan),Tom Krauss,FW / MF / Center Back / CB / Left Back / LB / Defensive Midfielder / DM / Central Midfielder / CM,1219,7.04,4.2,0.0,0.35,0.05,0.35,8.0,1.0,1.0,0.98,515.0,87.7,26.0,59.1,9.0,2.0,1.0,25.0,5.0,45.5,73.0,60.3,8.0,47.1,823.0,10.0,8.0,15.0,45.0,22.0,17.0,88.0,7.0,9.0,1.0,20.0,22.45,4.0,0.0,6.0,,,,,38.0,,,,,,
1199283,1. FC Köln,Eric Martel,FW / MF / Center Back / CB / Defensive Midfielder / DM / Central Midfielder / CM,1727,6.88,9.9,1.0,0.76,0.65,0.76,9.0,1.0,2.0,0.91,834.0,86.9,19.0,32.8,11.0,4.0,2.0,40.0,2.0,66.7,120.0,51.9,67.0,55.8,1256.0,25.0,13.0,32.0,23.0,23.0,29.0,65.0,3.0,16.0,3.0,31.0,31.07,6.0,0.0,16.0,,,,2.0,97.0,,,,,,
1067260,1. FC Köln (on loan),Jakub Kaminski,FW / MF / Right Back / RB / Right Wing-Back / RWB / Defensive Midfielder / DM / Right Midfielder / RM / Central Midfielder / CM / Left Midfielder / LM / Right Winger / RW / Attacking Midfielder / AM / Left Winger / LW / Striker / ST,1962,7.07,9.7,5.0,3.74,5.27,3.74,39.0,14.0,1.0,3.17,517.0,80.4,15.0,31.2,29.0,7.0,15.0,24.6,12.0,42.9,75.0,46.3,8.0,27.6,1053.0,72.0,24.0,19.0,36.0,13.0,9.0,77.0,11.0,17.0,2.0,36.0,35.25,1.0,0.0,7.0,,,,3.0,25.0,,,,,,
772193,1. FC Köln,Ragnar Ache,FW / Striker / ST / Left Winger / LW,1103,6.85,8.3,4.0,7.12,7.03,7.12,36.0,15.0,3.0,0.9,131.0,58.7,2.0,40.0,20.0,4.0,,,7.0,41.2,142.0,54.8,105.0,59.0,451.0,82.0,20.0,22.0,9.0,2.0,13.0,23.0,5.0,3.0,0.0,25.0,20.8,2.0,0.0,2.0,,1.0,,16.0,28.0,,,,,,
626890,1. FC Köln,Marius Bülter,FW / Left Wing-Back / LWB / Attacking Midfielder / AM / Left Winger / LW / Right Winger / RW / Striker / ST,1117,6.7,2.0,3.0,3.58,3.7,3.58,34.0,12.0,3.0,3.63,205.0,72.4,13.0,48.1,20.0,6.0,13.0,28.3,3.0,27.3,57.0,41.6,34.0,44.2,512.0,49.0,12.0,19.0,4.0,4.0,13.0,29.0,4.0,4.0,1.0,16.0,19.5,3.0,0.0,2.0,,,,10.0,11.0,,,,,,
1613676,1. FC Köln,Said El Mala,FW / Defensive Midfielder / DM / Left Wing-Back / LWB / Left Midfielder / LM / Attacking Midfielder / AM / Left Winger / LW / Striker / ST,1042,6.8,22.1,7.0,5.99,6.01,5.99,44.0,19.0,2.0,1.36,162.0,72.0,2.0,33.3,10.0,4.0,4.0,15.4,30.0,41.1,70.0,42.7,11.0,50.0,535.0,87.0,24.0,13.0,16.0,3.0,8.0,35.0,11.0,8.0,0.0,16.0,17.81,1.0,0.0,,,,,,2.0,,,,,,
540073,1. FC Köln,Gian-Luca Waldschmidt,MF / Central Midfielder / CM / Right Winger / RW / Attacking Midfielder / AM / Striker / ST,438,6.74,1.9,3.0,3.28,3.05,2.49,13.0,7.0,3.0,0.93,112.0,76.2,9.0,50.0,9.0,4.0,2.0,16.7,2.0,40.0,18.0,51.4,7.0,63.6,220.0,19.0,4.0,3.0,6.0,,3.0,11.0,3.0,3.0,0.0,8.0,7.76,0.0,0.0,2.0,1.0,,,1.0,4.0,,,,,,
187358,1. FC Köln,Florian Kainz,MF / Defensive Midfielder / DM / Central Midfielder / CM / Left Midfielder / LM / Attacking Midfielder / AM / Left Winger / LW,235,6.62,870.1,1.0,0.72,1.25,0.72,7.0,3.0,0.0,0.41,126.0,82.4,8.0,66.7,7.0,,5.0,33.3,3.0,100.0,12.0,54.5,1.0,50.0,209.0,5.0,3.0,4.0,4.0,4.0,3.0,15.0,2.0,4.0,0.0,6.0,4.03,0.0,0.0,,,,,,4.0,,,,,,
1829390,FC Köln U19,Fynn Schenten,FW / Left Winger / LW / Right Winger / RW / Striker / ST,98,6.3,830.0,0.0,0.03,,0.03,1.0,,0.0,0.2,11.0,78.6,,,1.0,,1.0,50.0,,,3.0,60.0,3.0,75.0,22.0,3.0,0.0,,,,1.0,1.0,,,0.0,5.0,2.73,0.0,0.0,,,,,,1.0,,,,,,
560945,Como,Mergim Vojvoda,DF / Right Back / RB / Center Back / CB / Left Back / LB / Right Wing-Back / RWB / Right Midfielder / RM / Central Midfielder / CM / Right Winger / RW,1180,6.77,2.5,1.0,1.16,1.05,1.16,16.0,6.0,2.0,2.27,472.0,83.1,15.0,48.4,24.0,3.0,16.0,34.8,8.0,57.1,34.0,41.5,9.0,45.0,804.0,39.0,11.0,10.0,7.0,9.0,13.0,46.0,6.0,7.0,3.0,11.0,14.07,2.0,0.0,1.0,,,,,18.0,,,,,,
1076647,Como,Lucas Da Cunha,MF / Defensive Midfielder / DM / Central Midfielder / CM / Right Winger / RW / Attacking Midfielder / AM,1687,7.18,11.6,2.0,3.97,3.78,2.4,21.0,9.0,1.0,3.01,1089.0,90.2,37.0,56.1,29.0,5.0,17.0,32.7,14.0,63.6,69.0,47.9,11.0,44.0,1449.0,29.0,11.0,14.0,30.0,13.0,22.0,102.0,6.0,20.0,6.0,15.0,18.34,4.0,0.0,,2.0,,,2.0,13.0,,,,,,
888745,Como,Nicolas-Gerrit Kühn,FW / Right Winger / RW / Left Winger / LW,627,6.45,13.5,1.0,1.02,1.07,1.02,8.0,3.0,0.0,0.68,164.0,80.8,2.0,28.6,10.0,,4.0,30.8,9.0,52.9,25.0,38.5,2.0,18.2,304.0,27.0,9.0,2.0,12.0,3.0,6.0,24.0,3.0,9.0,0.0,6.0,6.02,0.0,0.0,,,,,1.0,,,,,,,
1347574,Como,Nico Paz,FW / MF / Right Midfielder / RM / Central Midfielder / CM / Right Winger / RW / Attacking Midfielder / AM / Striker / ST,2044,7.69,76.7,8.0,6.33,8.86,4.76,92.0,36.0,6.0,3.28,837.0,82.9,19.0,45.2,40.0,11.0,10.0,22.2,48.0,53.3,161.0,51.9,21.0,53.8,1538.0,62.0,32.0,31.0,61.0,17.0,41.0,98.0,19.0,20.0,7.0,18.0,22.3,4.0,0.0,2.0,,,,4.0,10.0,,,,,,
1215064,Como,Martin Baturina,FW / MF / Defensive Midfielder / DM / Central Midfielder / CM / Right Winger / RW / Attacking Midfielder / AM / Left Winger / LW / Striker / ST,652,7.04,23.9,4.0,0.69,1.44,0.69,10.0,4.0,3.0,2.74,314.0,88.5,4.0,66.7,28.0,6.0,14.0,38.9,4.0,26.7,36.0,43.4,5.0,45.5,495.0,30.0,9.0,17.0,10.0,4.0,6.0,34.0,5.0,15.0,1.0,7.0,8.48,0.0,0.0,1.0,,,,,1.0,,,,,,
873270,Como,Anastasios Douvikas,FW / Striker / ST,1323,6.77,11.5,8.0,7.26,7.15,6.47,37.0,18.0,0.0,1.23,171.0,76.7,7.0,70.0,17.0,2.0,,,9.0,39.1,71.0,43.8,24.0,44.4,448.0,74.0,27.0,28.0,10.0,3.0,17.0,19.0,4.0,5.0,4.0,13.0,15.36,0.0,0.0,3.0,1.0,1.0,,10.0,7.0,,,,,,
1624039,Como,Jesus Rodriguez,FW / Right Winger / RW / Attacking Midfielder / AM / Left Winger / LW,1313,6.95,33.0,0.0,2.77,0.52,2.77,36.0,8.0,6.0,2.92,279.0,77.9,6.0,54.5,30.0,7.0,10.0,23.3,32.0,41.0,82.0,45.3,11.0,57.9,694.0,103.0,23.0,21.0,18.0,3.0,18.0,52.0,6.0,7.0,1.0,9.0,12.59,2.0,1.0,,,,1.0,4.0,9.0,,,,,,
1347241,Como,Jayden Addai,FW / Right Winger / RW / Attacking Midfielder / AM,688,6.62,13.6,3.0,1.54,1.71,1.54,13.0,6.0,0.0,1.25,124.0,74.3,4.0,40.0,7.0,2.0,2.0,18.2,14.0,46.7,36.0,41.9,2.0,66.7,303.0,35.0,17.0,14.0,6.0,3.0,13.0,24.0,4.0,4.0,0.0,6.0,8.66,4.0,0.0,1.0,,,,1.0,4.0,,,,,,
213501,Como (on loan),Álvaro Morata,FW / Attacking Midfielder / AM / Striker / ST,703,6.35,5.8,0.0,3.73,2.07,2.94,18.0,6.0,1.0,0.4,142.0,77.6,8.0,72.7,7.0,1.0,1.0,16.7,2.0,40.0,50.0,52.1,12.0,44.4,298.0,34.0,11.0,25.0,11.0,1.0,14.0,14.0,3.0,3.0,1.0,4.0,6.98,1.0,1.0,,,1.0,,7.0,4.0,,,,,,
846000,Como,Maxence Caqueret,MF / Defensive Midfielder / DM / Central Midfielder / CM / Attacking Midfielder / AM / Left Winger / LW / Striker / ST,861,6.93,16.6,1.0,1.0,0.56,1.0,12.0,3.0,4.0,1.4,512.0,88.3,4.0,26.7,18.0,2.0,7.0,28.0,12.0,60.0,50.0,51.0,4.0,36.4,748.0,28.0,12.0,13.0,23.0,7.0,13.0,38.0,4.0,10.0,0.0,5.0,9.32,1.0,0.0,3.0,,1.0,1.0,,3.0,,,,,,
750734,Fiorentina,Dodo,DF / MF / Right Back / RB / Center Back / CB / Right Wing-Back / RWB / Right Midfielder / RM / Right Winger / RW,2185,7.06,20.5,0.0,1.12,0.08,1.12,17.0,1.0,2.0,3.19,769.0,82.2,35.0,39.3,38.0,6.0,24.0,22.4,32.0,50.0,107.0,59.4,13.0,56.5,1522.0,55.0,12.0,43.0,19.0,19.0,10.0,107.0,5.0,10.0,3.0,38.0,33.24,4.0,0.0,1.0,,,,2.0,36.0,,,,,,
1093285,Fiorentina,Fabiano Parisi,DF / MF / Left Back / LB / Right Midfielder / RM / Left Midfielder / LM / Right Winger / RW,1041,6.93,5.9,0.0,0.6,0.55,0.6,14.0,3.0,1.0,1.41,365.0,85.1,18.0,46.2,16.0,3.0,7.0,23.3,19.0,57.6,77.0,59.7,7.0,46.7,716.0,25.0,15.0,43.0,11.0,17.0,8.0,70.0,2.0,7.0,0.0,15.0,13.27,4.0,0.0,5.0,,1.0,1.0,2.0,15.0,,,,,,
950596,Fiorentina (on loan),Marco Brescianini,FW / MF / Defensive Midfielder / DM / Central Midfielder / CM / Attacking Midfielder / AM,488,6.52,9.0,2.0,1.7,1.6,1.7,10.0,4.0,0.0,0.15,154.0,82.8,7.0,33.3,4.0,,2.0,18.2,3.0,42.9,18.0,38.3,2.0,16.7,277.0,21.0,6.0,4.0,9.0,2.0,5.0,21.0,4.0,4.0,0.0,7.0,6.27,1.0,0.0,2.0,,,,2.0,13.0,,,,,,
951712,Fiorentina,Nicolo Fagioli,FW / MF / Defensive Midfielder / DM / Central Midfielder / CM / Attacking Midfielder / AM,1635,7.16,19.3,1.0,1.31,1.27,1.31,19.0,4.0,3.0,2.86,968.0,89.8,69.0,66.3,48.0,10.0,17.0,25.8,15.0,71.4,76.0,55.9,,,1372.0,12.0,21.0,30.0,31.0,9.0,14.0,107.0,16.0,18.0,1.0,33.0,26.83,4.0,0.0,7.0,,,,,15.0,,,,,,
577911,Fiorentina,Rolando Mandragora,FW / MF / Defensive Midfielder / DM / Central Midfielder / CM / Attacking Midfielder / AM,1796,6.99,7.9,6.0,3.91,4.38,3.12,49.0,12.0,1.0,2.06,619.0,83.9,29.0,37.2,25.0,2.0,14.0,23.7,2.0,28.6,102.0,60.4,27.0,61.4,1037.0,37.0,9.0,41.0,34.0,9.0,26.0,49.0,8.0,13.0,1.0,28.0,26.18,5.0,0.0,5.0,1.0,1.0,,6.0,25.0,,,,,,
751649,Fiorentina (on loan),Jack Harrison,FW / Left Back / LB / Left Wing-Back / LWB / Right Winger / RW / Left Winger / LW,271,6.39,16.2,0.0,0.28,0.15,0.28,6.0,2.0,0.0,0.24,93.0,79.5,3.0,27.3,2.0,1.0,2.0,11.8,3.0,42.9,13.0,54.2,1.0,25.0,182.0,7.0,0.0,4.0,5.0,4.0,1.0,13.0,2.0,3.0,0.0,5.0,4.04,0.0,0.0,,,,1.0,,2.0,,,,,,
747926,Fiorentina,Moise Kean,FW / Striker / ST / Left Winger / LW,1722,6.81,55.4,7.0,13.41,9.21,11.84,88.0,24.0,1.0,0.16,125.0,73.1,1.0,50.0,2.0,,,,21.0,38.9,89.0,45.2,24.0,47.1,502.0,121.0,23.0,39.0,5.0,6.0,26.0,28.0,12.0,3.0,2.0,29.0,26.02,3.0,0.0,1.0,2.0,,,14.0,13.0,,,,,,
822237,Fiorentina (on loan),Manor Solomon,FW / Left Midfielder / LM / Right Winger / RW / Attacking Midfielder / AM / Left Winger / LW,146,6.67,15.4,1.0,0.42,0.24,0.42,2.0,1.0,1.0,0.42,42.0,85.7,,,2.0,1.0,2.0,20.0,6.0,54.5,9.0,47.4,,,94.0,4.0,2.0,2.0,1.0,,,10.0,2.0,2.0,0.0,1.0,2.59,0.0,0.0,,,,,,,,,,,,
1246009,Fiorentina,Cher Ndour,MF / Defensive Midfielder / DM / Central Midfielder / CM / Left Midfielder / LM / Attacking Midfielder / AM,925,6.35,6.9,1.0,0.8,0.88,0.8,9.0,2.0,0.0,0.44,314.0,80.9,12.0,41.4,3.0,1.0,,,3.0,21.4,45.0,44.1,19.0,48.7,549.0,24.0,7.0,9.0,14.0,7.0,12.0,34.0,4.0,7.0,0.0,13.0,12.25,1.0,0.0,7.0,,,,3.0,16.0,,,,,,
1017401,Fiorentina,Roberto Piccoli,FW / Striker / ST,1037,6.39,20.3,2.0,4.35,3.85,4.35,35.0,13.0,0.0,0.18,85.0,60.7,,,8.0,,1.0,25.0,6.0,42.9,76.0,44.2,35.0,37.2,327.0,57.0,16.0,28.0,7.0,3.0,19.0,23.0,5.0,,1.0,16.0,15.28,0.0,0.0,,,,,12.0,4.0,,,,,,
478447,Lazio,Adam Marusic,DF / Right Back / RB / Center Back / CB / Left Back / LB / Right Winger / RW,1940,6.73,2.0,0.0,0.66,0.83,0.66,11.0,5.0,1.0,0.68,876.0,85.8,27.0,50.9,5.0,1.0,5.0,23.8,5.0,38.5,68.0,52.3,23.0,45.1,1416.0,24.0,7.0,11.0,30.0,18.0,17.0,62.0,2.0,5.0,8.0,19.0,29.14,1.0,1.0,11.0,,,,3.0,49.0,,,,,,
1091907,Lazio,Fisayo Dele-Bashiru,FW / MF / Defensive Midfielder / DM / Central Midfielder / CM / Attacking Midfielder / AM / Left Winger / LW / Right Winger / RW,456,6.15,8.7,0.0,0.28,,0.28,2.0,,0.0,0.2,143.0,88.3,2.0,40.0,4.0,,,,1.0,20.0,10.0,32.3,2.0,25.0,225.0,11.0,9.0,,7.0,1.0,2.0,18.0,3.0,1.0,0.0,6.0,6.81,0.0,0.0,,,,,,6.0,,,,,,
362120,Lazio,Danilo Cataldi,FW / MF / Defensive Midfielder / DM / Central Midfielder / CM,1689,7.05,2.5,3.0,2.81,2.29,1.24,22.0,5.0,3.0,1.22,775.0,84.0,40.0,47.1,18.0,2.0,11.0,30.6,6.0,42.9,53.0,53.5,12.0,63.2,1156.0,6.0,4.0,11.0,26.0,19.0,18.0,83.0,6.0,11.0,6.0,22.0,28.28,5.0,0.0,8.0,2.0,,1.0,,40.0,,,,,,
970565,Lazio,Kenneth Taylor,FW / MF / Defensive Midfielder / DM / Central Midfielder / CM / Attacking Midfielder / AM / Left Winger / LW,1280,7.25,30.8,2.0,3.17,2.94,2.38,26.0,11.0,4.0,2.74,545.0,86.4,19.0,61.3,23.0,5.0,7.0,29.2,10.0,58.8,50.0,47.2,7.0,35.0,816.0,59.0,12.0,17.0,16.0,16.0,22.0,54.0,,7.0,3.0,19.0,20.69,3.0,0.0,2.0,1.0,,,1.0,6.0,,,,,,
1016093,Lazio,Gustav Isaksen,FW / Right Wing-Back / RWB / Right Midfielder / RM / Right Winger / RW / Attacking Midfielder / AM,1068,6.79,22.5,3.0,2.41,2.55,2.41,30.0,13.0,1.0,0.71,263.0,79.2,10.0,52.6,13.0,,3.0,14.3,17.0,35.4,74.0,49.3,7.0,41.2,576.0,74.0,15.0,38.0,13.0,6.0,14.0,48.0,11.0,6.0,0.0,13.0,18.37,0.0,0.0,2.0,,,,1.0,5.0,,,,,,
1072054,Lazio (on loan),Daniel Maldini,FW / Attacking Midfielder / AM / Striker / ST / Left Winger / LW,516,6.84,12.1,0.0,0.92,0.4,0.92,14.0,3.0,1.0,0.86,144.0,77.4,1.0,25.0,10.0,2.0,3.0,27.3,10.0,47.6,39.0,51.3,5.0,33.3,313.0,32.0,9.0,15.0,9.0,2.0,10.0,24.0,6.0,,0.0,7.0,7.3,1.0,0.0,1.0,,,,,3.0,,,,,,
1282285,Lazio,Tijjani Noslin,FW / Left Winger / LW / Striker / ST,501,6.41,8.6,2.0,2.13,3.1,2.13,16.0,7.0,0.0,0.35,129.0,81.1,11.0,91.7,8.0,,2.0,66.7,7.0,46.7,35.0,52.2,14.0,51.9,257.0,24.0,5.0,11.0,3.0,,6.0,16.0,4.0,1.0,0.0,6.0,7.92,0.0,1.0,1.0,,1.0,,4.0,1.0,,,,,,
1302821,Lazio,Petar Ratkov,FW / Right Winger / RW / Striker / ST,1129,7.2,6.4,9.0,8.36,8.16,5.99,38.0,17.0,2.0,0.55,125.0,59.8,5.0,55.6,8.0,1.0,,,4.0,36.4,78.0,51.7,54.0,52.9,391.0,77.0,5.0,14.0,6.0,3.0,9.0,22.0,5.0,4.0,1.0,16.0,17.35,2.0,0.0,2.0,2.0,,,13.0,28.0,,,,,,
1146500,Lazio,Matteo Cancellieri,FW / Right Winger / RW / Left Winger / LW / Striker / ST,1136,6.86,6.4,3.0,2.6,1.89,2.6,27.0,8.0,0.0,1.28,220.0,75.9,5.0,33.3,11.0,2.0,3.0,20.0,8.0,27.6,111.0,52.6,27.0,55.1,576.0,48.0,19.0,51.0,27.0,14.0,24.0,41.0,1.0,17.0,4.0,13.0,15.19,4.0,0.0,1.0,,,,7.0,12.0,,,,,,
972120,Lazio (on loan),Boulaye Dia,FW / Attacking Midfielder / AM / Left Winger / LW / Striker / ST,895,6.3,13.7,1.0,2.1,1.79,2.1,10.0,6.0,0.0,0.18,184.0,81.8,4.0,57.1,6.0,,,,3.0,50.0,34.0,36.2,10.0,28.6,334.0,21.0,18.0,9.0,12.0,1.0,12.0,19.0,,4.0,2.0,7.0,14.21,0.0,0.0,2.0,,,,,12.0,,,,,,
1669629,Atalanta,Honest Ahanor,DF / Center Back / CB / Left Back / LB / Left Winger / LW,1014,6.82,25.5,0.0,1.6,0.59,1.6,10.0,2.0,0.0,0.59,470.0,89.5,10.0,37.0,,,,,3.0,50.0,76.0,62.3,26.0,56.5,718.0,20.0,4.0,20.0,27.0,14.0,15.0,28.0,,6.0,3.0,11.0,13.03,1.0,1.0,9.0,,,,5.0,39.0,,,,,,
1050178,Atalanta,Lazar Samardzic,FW / MF / Central Midfielder / CM / Attacking Midfielder / AM / Right Winger / RW,690,6.59,18.7,1.0,1.56,0.8,1.56,14.0,3.0,1.0,1.61,284.0,83.5,33.0,80.5,18.0,2.0,12.0,28.6,10.0,45.5,26.0,29.5,4.0,17.4,507.0,27.0,15.0,7.0,5.0,4.0,12.0,38.0,6.0,6.0,1.0,8.0,8.13,1.0,0.0,,,,,,6.0,,,,,,
1053714,Atalanta,Nicola Zalewski,FW / MF / Left Wing-Back / LWB / Right Midfielder / RM / Central Midfielder / CM / Left Midfielder / LM / Attacking Midfielder / AM / Left Winger / LW / Right Winger / RW,1149,7.09,18.1,2.0,2.03,2.08,2.03,26.0,6.0,2.0,2.57,295.0,75.6,24.0,45.3,21.0,6.0,16.0,20.5,20.0,48.8,77.0,55.8,10.0,50.0,748.0,36.0,13.0,31.0,17.0,9.0,12.0,77.0,4.0,6.0,0.0,6.0,11.16,1.0,0.0,,,1.0,,,18.0,,,,,,
833638,Atalanta,Nikola Krstovic,FW / Left Winger / LW / Striker / ST,979,7.05,22.8,7.0,7.82,6.89,7.82,56.0,20.0,4.0,1.26,195.0,73.6,6.0,54.5,13.0,3.0,1.0,33.3,8.0,53.3,71.0,49.0,35.0,46.7,469.0,87.0,12.0,22.0,7.0,2.0,21.0,42.0,15.0,3.0,1.0,9.0,12.64,2.0,0.0,3.0,,,,10.0,7.0,,,,,,
951743,Atalanta,Giacomo Raspadori,FW / Left Midfielder / LM / Attacking Midfielder / AM / Right Winger / RW / Striker / ST / Left Winger / LW,227,6.2,25.1,0.0,0.69,1.66,0.69,7.0,3.0,1.0,0.62,72.0,79.1,1.0,100.0,4.0,2.0,3.0,33.3,1.0,25.0,13.0,41.9,3.0,30.0,138.0,22.0,4.0,7.0,2.0,,3.0,13.0,2.0,2.0,0.0,4.0,3.88,1.0,0.0,,,,,2.0,1.0,,,,,,
1130691,Atalanta,Kamaldeen Sulemana,MF / Right Midfielder / RM / Left Midfielder / LM / Attacking Midfielder / AM / Left Winger / LW / Striker / ST,682,6.69,17.1,2.0,1.21,2.15,1.21,12.0,6.0,1.0,1.5,171.0,84.2,10.0,71.4,8.0,2.0,3.0,30.0,17.0,42.5,44.0,45.4,9.0,56.2,344.0,40.0,11.0,10.0,8.0,2.0,8.0,35.0,4.0,4.0,0.0,6.0,11.32,3.0,0.0,1.0,,,,1.0,8.0,,,,,,
1114635,Inter,Luis Henrique,FW / MF / Right Wing-Back / RWB / Right Midfielder / RM / Left Midfielder / LM / Left Winger / LW,1184,7.11,25.9,1.0,0.53,1.1,0.53,11.0,4.0,2.0,1.32,498.0,86.8,15.0,48.4,19.0,4.0,10.0,29.4,7.0,46.7,24.0,53.3,3.0,75.0,731.0,31.0,6.0,,14.0,6.0,5.0,66.0,3.0,2.0,3.0,10.0,10.46,1.0,0.0,,,,,,11.0,,,,,,
541820,Inter,Nicolo Barella,FW / MF / Central Midfielder / CM / Left Midfielder / LM / Attacking Midfielder / AM,1684,7.34,63.7,1.0,2.27,1.55,2.27,23.0,3.0,5.0,4.7,954.0,85.7,54.0,62.8,50.0,12.0,26.0,35.6,13.0,44.8,72.0,47.7,7.0,33.3,1414.0,56.0,12.0,17.0,35.0,3.0,24.0,106.0,17.0,17.0,4.0,14.0,15.32,5.0,0.0,2.0,,,,1.0,7.0,,,,,,
362212,Inter,Piotr Zielinski,FW / MF / Defensive Midfielder / DM / Central Midfielder / CM,1188,7.32,8.5,5.0,1.86,2.31,1.07,19.0,8.0,1.0,1.7,796.0,91.8,32.0,68.1,20.0,4.0,7.0,43.8,13.0,81.2,46.0,58.2,8.0,50.0,1005.0,20.0,4.0,11.0,15.0,3.0,13.0,73.0,7.0,7.0,2.0,13.0,10.79,1.0,0.0,2.0,1.0,,,,16.0,,,,,,
1382000,Inter,Petar Sucic,FW / MF / Defensive Midfielder / DM / Central Midfielder / CM / Attacking Midfielder / AM / Right Winger / RW,1154,7.0,26.1,1.0,1.3,1.33,1.3,16.0,4.0,2.0,1.53,567.0,87.0,31.0,59.6,20.0,5.0,5.0,27.8,12.0,48.0,65.0,47.1,9.0,56.2,858.0,54.0,14.0,20.0,24.0,4.0,22.0,56.0,8.0,17.0,3.0,13.0,10.65,3.0,0.0,1.0,,,,1.0,12.0,,,,,,
605224,Inter,Federico Dimarco,FW / MF / Left Back / LB / Left Wing-Back / LWB / Left Midfielder / LM / Left Winger / LW,1810,7.82,47.1,5.0,2.95,3.66,2.95,43.0,15.0,12.0,7.26,776.0,82.3,28.0,39.4,66.0,26.0,66.0,33.7,3.0,42.9,55.0,50.5,1.0,9.1,1433.0,68.0,6.0,14.0,37.0,18.0,27.0,84.0,17.0,9.0,8.0,15.0,16.64,2.0,0.0,4.0,,,,1.0,19.0,,,,,,
690230,Inter,Lautaro Martinez,FW / Striker / ST,1905,7.47,80.4,14.0,11.36,11.04,11.36,83.0,32.0,4.0,1.96,409.0,78.1,16.0,61.5,32.0,11.0,2.0,12.5,18.0,46.2,99.0,45.6,23.0,47.9,896.0,141.0,28.0,39.0,20.0,5.0,41.0,50.0,23.0,8.0,0.0,17.0,16.13,3.0,0.0,,,,,27.0,17.0,,,,,,
621562,Inter,Marcus Thuram,FW / Left Winger / LW / Striker / ST,1193,7.18,66.8,7.0,5.74,6.99,5.74,47.0,20.0,3.0,1.57,230.0,74.9,4.0,100.0,21.0,3.0,4.0,36.4,14.0,70.0,90.0,50.3,35.0,51.5,534.0,108.0,23.0,26.0,16.0,,29.0,26.0,11.0,6.0,0.0,11.0,11.08,2.0,0.0,1.0,,1.0,,18.0,2.0,,,,,,
1367618,Inter,Francesco Pio Esposito,FW / Striker / ST,837,6.77,27.4,4.0,4.34,5.96,4.34,38.0,14.0,3.0,0.98,150.0,73.9,6.0,50.0,12.0,2.0,,,3.0,27.3,64.0,48.5,28.0,50.0,373.0,81.0,14.0,32.0,2.0,4.0,20.0,17.0,5.0,3.0,0.0,7.0,5.63,1.0,0.0,1.0,,,,18.0,9.0,,,,,,
1254297,Inter,Andy Diouf,MF / Defensive Midfielder / DM / Right Midfielder / RM / Central Midfielder / CM / Left Midfielder / LM / Attacking Midfielder / AM / Striker / ST,90,6.69,20.8,0.0,0.22,0.76,0.22,3.0,1.0,0.0,0.04,33.0,82.5,1.0,50.0,,,,,3.0,60.0,5.0,55.6,,,58.0,5.0,2.0,1.0,1.0,,,7.0,1.0,,0.0,1.0,1.41,0.0,0.0,,,,,,,,,,,,
1199383,Inter,Ange-Yoan Bonny,FW / Attacking Midfielder / AM / Striker / ST,564,6.7,24.4,5.0,2.79,3.05,2.79,14.0,6.0,3.0,1.1,114.0,80.3,4.0,100.0,12.0,4.0,,,7.0,46.7,39.0,42.9,9.0,42.9,269.0,41.0,22.0,16.0,7.0,1.0,9.0,16.0,5.0,1.0,0.0,6.0,5.13,0.0,0.0,,,1.0,,2.0,3.0,,,,,,
1078846,Juventus,Andrea Cambiaso,DF / MF / Left Back / LB / Right Wing-Back / RWB / Left Wing-Back / LWB / Right Midfielder / RM / Left Midfielder / LM / Left Winger / LW,1779,6.99,39.6,2.0,1.66,2.26,1.66,18.0,9.0,3.0,3.46,856.0,87.5,29.0,63.0,39.0,7.0,23.0,27.1,5.0,29.4,64.0,48.9,6.0,42.9,1388.0,61.0,17.0,12.0,41.0,11.0,19.0,99.0,8.0,13.0,2.0,17.0,16.13,1.0,1.0,5.0,,,,,10.0,,,,,,
1280080,Juventus,Fabio Miretti,MF / Defensive Midfielder / DM / Central Midfielder / CM / Attacking Midfielder / AM / Left Winger / LW,430,6.87,17.9,1.0,1.12,0.99,1.12,13.0,3.0,2.0,1.35,235.0,86.4,6.0,46.2,10.0,2.0,2.0,25.0,4.0,40.0,24.0,46.2,3.0,50.0,376.0,23.0,9.0,5.0,12.0,2.0,10.0,31.0,10.0,3.0,1.0,4.0,3.52,1.0,0.0,,,,,,3.0,,,,,,
1185336,Juventus,Chico Conceicao,FW / MF / Right Midfielder / RM / Left Midfielder / LM / Right Winger / RW / Attacking Midfielder / AM / Striker / ST,1122,6.96,33.5,2.0,3.99,3.05,3.99,35.0,12.0,1.0,2.09,413.0,89.8,6.0,66.7,14.0,1.0,10.0,20.0,27.0,54.0,68.0,47.2,2.0,16.7,742.0,82.0,17.0,20.0,19.0,5.0,20.0,53.0,13.0,7.0,0.0,10.0,10.27,2.0,0.0,,,,,2.0,2.0,,,,,,
848266,Juventus,Weston McKennie,FW / MF / Right Wing-Back / RWB / Defensive Midfielder / DM / Left Wing-Back / LWB / Right Midfielder / RM / Central Midfielder / CM / Right Winger / RW / Attacking Midfielder / AM,1766,7.24,16.6,4.0,5.31,4.35,5.31,34.0,14.0,4.0,3.9,594.0,83.2,17.0,65.4,28.0,4.0,3.0,15.0,12.0,50.0,69.0,45.1,25.0,50.0,1074.0,88.0,10.0,6.0,26.0,17.0,31.0,63.0,8.0,8.0,6.0,20.0,15.79,4.0,0.0,5.0,,,,18.0,33.0,,,,,,
1412132,Juventus,Kenan Yildiz,FW / MF / Right Winger / RW / Attacking Midfielder / AM / Left Winger / LW / Striker / ST,1967,7.56,72.9,8.0,6.82,8.41,5.24,72.0,31.0,4.0,5.12,710.0,84.9,25.0,65.8,50.0,10.0,21.0,23.1,52.0,51.0,116.0,47.7,12.0,52.2,1365.0,141.0,41.0,39.0,13.0,7.0,17.0,85.0,16.0,10.0,3.0,17.0,17.06,2.0,0.0,,1.0,1.0,,,6.0,,,,,,
939569,Juventus,Jonathan David,FW / Attacking Midfielder / AM / Striker / ST,1296,6.79,37.3,5.0,7.55,6.39,6.76,31.0,15.0,4.0,1.29,315.0,79.3,3.0,50.0,27.0,4.0,,,5.0,27.8,44.0,35.2,9.0,24.3,617.0,95.0,15.0,20.0,10.0,5.0,19.0,48.0,13.0,7.0,1.0,10.0,10.33,0.0,0.0,,,,,5.0,3.0,,,,,,
866516,Juventus,Teun Koopmeiners,MF / Center Back / CB / Defensive Midfielder / DM / Central Midfielder / CM / Attacking Midfielder / AM,1358,6.83,32.1,0.0,1.03,0.71,1.03,21.0,5.0,0.0,1.12,831.0,90.7,30.0,54.5,16.0,,11.0,31.4,2.0,40.0,55.0,48.2,23.0,56.1,1142.0,18.0,3.0,8.0,23.0,18.0,26.0,61.0,5.0,11.0,2.0,15.0,12.4,5.0,0.0,6.0,,,,3.0,32.0,,,,,,
643229,Juventus (on loan),Jeremie Boga,FW / Attacking Midfielder / AM / Striker / ST / Left Winger / LW,650,6.88,9.7,2.0,1.57,2.08,1.57,15.0,5.0,2.0,0.57,165.0,83.3,4.0,50.0,13.0,2.0,4.0,33.3,13.0,50.0,29.0,54.7,,,296.0,19.0,5.0,12.0,4.0,3.0,2.0,22.0,5.0,1.0,0.0,14.0,15.7,0.0,0.0,,,,,3.0,2.0,,,,,,
747767,Juventus (on loan),Ikoma Lois Openda,FW / Attacking Midfielder / AM / Striker / ST / Left Winger / LW,90,6.25,43.7,0.0,0.12,,0.12,3.0,,0.0,0.29,13.0,86.7,1.0,100.0,1.0,,,,1.0,33.3,4.0,66.7,,,30.0,3.0,0.0,3.0,,,,2.0,,,0.0,3.0,1.0,0.0,0.0,,,,,,,,,,,,
889536,Marseille (on loan),Timothy Weah,DF / MF / Right Back / RB / Left Back / LB / Right Wing-Back / RWB / Left Wing-Back / LWB / Right Midfielder / RM / Right Winger / RW / Left Winger / LW,1417,6.95,22.4,2.0,1.36,1.82,1.36,18.0,8.0,2.0,1.73,505.0,84.7,14.0,38.9,18.0,3.0,5.0,16.1,10.0,38.5,60.0,50.4,12.0,54.5,877.0,40.0,6.0,11.0,28.0,9.0,21.0,57.0,3.0,7.0,1.0,22.0,22.99,2.0,0.0,3.0,,,,2.0,18.0,,,,,,
970563,Marseille,Quinten Timber,MF / Defensive Midfielder / DM / Central Midfielder / CM / Attacking Midfielder / AM,1318,7.25,25.2,2.0,3.0,2.27,2.22,23.0,8.0,4.0,3.92,466.0,83.4,17.0,77.3,29.0,7.0,1.0,33.3,15.0,57.7,66.0,54.5,3.0,27.3,799.0,59.0,14.0,15.0,33.0,17.0,15.0,69.0,9.0,7.0,4.0,19.0,16.72,1.0,0.0,4.0,1.0,,,,13.0,,,,,,
950473,Marseille,Mason Greenwood,FW / Right Midfielder / RM / Right Winger / RW / Attacking Midfielder / AM / Striker / ST / Left Winger / LW,1651,7.71,44.2,14.0,10.53,11.31,5.8,72.0,30.0,4.0,4.12,733.0,82.4,60.0,69.0,40.0,9.0,19.0,27.1,35.0,52.2,61.0,44.2,2.0,33.3,1234.0,101.0,13.0,16.0,8.0,3.0,12.0,43.0,10.0,16.0,3.0,24.0,22.26,2.0,0.0,,5.0,,,2.0,2.0,,,,,,
1283407,Marseille,Bilal Nadir,FW / MF / Defensive Midfielder / DM / Attacking Midfielder / AM,555,6.54,4.1,0.0,0.48,0.49,0.48,7.0,1.0,4.0,1.35,310.0,90.1,7.0,53.8,9.0,3.0,3.0,33.3,4.0,66.7,27.0,37.0,2.0,25.0,437.0,17.0,9.0,4.0,17.0,5.0,21.0,31.0,4.0,9.0,1.0,5.0,7.12,2.0,1.0,1.0,,,,,5.0,,,,,,
150565,Marseille,Pierre-Emerick Aubameyang,FW / Striker / ST,1186,7.04,3.3,6.0,7.43,7.58,7.43,31.0,19.0,5.0,3.08,232.0,83.5,5.0,62.5,18.0,8.0,2.0,11.8,5.0,38.5,29.0,37.7,7.0,36.8,431.0,58.0,7.0,11.0,6.0,4.0,14.0,23.0,5.0,7.0,0.0,15.0,16.27,1.0,0.0,,,1.0,,1.0,7.0,,,,,,
844437,Marseille,Amine Gouiri,FW / Left Midfielder / LM / Attacking Midfielder / AM / Striker / ST / Left Winger / LW,737,7.2,32.7,5.0,3.98,5.28,3.98,24.0,13.0,2.0,1.1,176.0,85.0,2.0,50.0,13.0,3.0,7.0,36.8,9.0,31.0,25.0,36.8,4.0,36.4,337.0,37.0,10.0,5.0,7.0,2.0,4.0,25.0,6.0,2.0,0.0,13.0,12.5,0.0,0.0,,,,,1.0,,,,,,,
1265963,Marseille,Igor Paixao,FW / Left Wing-Back / LWB / Central Midfielder / CM / Left Midfielder / LM / Right Winger / RW / Attacking Midfielder / AM / Left Winger / LW / Striker / ST,1167,6.95,38.8,4.0,3.58,3.99,3.58,33.0,13.0,2.0,1.04,338.0,82.8,11.0,52.4,11.0,1.0,2.0,11.8,17.0,37.8,60.0,41.1,11.0,34.4,645.0,53.0,13.0,19.0,14.0,11.0,13.0,48.0,8.0,12.0,1.0,16.0,16.37,2.0,0.0,1.0,,1.0,,3.0,11.0,,,,,,
956659,Marseille,Himad Abdelli,MF / Defensive Midfielder / DM / Central Midfielder / CM / Attacking Midfielder / AM,993,7.05,4.3,2.0,2.11,2.17,0.53,14.0,6.0,0.0,0.73,556.0,87.1,21.0,58.3,9.0,,3.0,30.0,15.0,46.9,56.0,50.9,8.0,72.7,831.0,13.0,11.0,12.0,21.0,14.0,18.0,66.0,7.0,6.0,3.0,18.0,23.6,1.0,0.0,3.0,2.0,,,1.0,11.0,,,,,,
672469,Strasbourg,Ben Chilwell,DF / Center Back / CB / Left Back / LB / Left Wing-Back / LWB / Left Winger / LW,1378,6.73,13.4,0.0,0.05,0.23,0.05,2.0,1.0,2.0,0.93,563.0,87.4,18.0,37.5,7.0,4.0,11.0,37.9,9.0,64.3,55.0,53.4,7.0,43.8,951.0,5.0,7.0,17.0,22.0,18.0,13.0,65.0,3.0,14.0,1.0,23.0,21.88,4.0,0.0,4.0,,,,,45.0,,,,,,
1272440,Strasbourg,Valentin Barco,MF / Left Back / LB / Defensive Midfielder / DM / Left Wing-Back / LWB / Central Midfielder / CM / Attacking Midfielder / AM,1607,7.33,21.1,1.0,1.41,1.01,1.41,18.0,5.0,4.0,5.45,959.0,86.9,48.0,59.3,27.0,11.0,20.0,26.3,19.0,40.4,114.0,59.1,7.0,50.0,1473.0,21.0,19.0,48.0,40.0,11.0,18.0,102.0,10.0,9.0,4.0,23.0,24.2,4.0,1.0,,,,1.0,1.0,10.0,,,,,,
1342754,Strasbourg,Diego Moreira,FW / MF / Left Back / LB / Right Wing-Back / RWB / Left Wing-Back / LWB / Right Midfielder / RM / Left Midfielder / LM / Right Winger / RW / Attacking Midfielder / AM / Left Winger / LW,1660,7.09,22.9,2.0,1.38,2.06,1.38,21.0,7.0,3.0,3.33,632.0,81.9,27.0,54.0,28.0,10.0,17.0,21.8,24.0,36.4,96.0,45.5,12.0,48.0,1213.0,57.0,21.0,23.0,38.0,17.0,15.0,76.0,10.0,24.0,2.0,23.0,23.48,4.0,0.0,4.0,,,,,22.0,,,,,,
1073742,Strasbourg,Julio Enciso,FW / MF / Attacking Midfielder / AM / Left Winger / LW / Striker / ST,1058,6.92,24.1,1.0,3.75,2.89,3.75,33.0,12.0,2.0,2.42,324.0,85.5,6.0,66.7,12.0,2.0,10.0,40.0,31.0,56.4,72.0,53.7,8.0,57.1,623.0,37.0,21.0,21.0,12.0,2.0,8.0,41.0,10.0,5.0,0.0,18.0,16.12,1.0,0.0,,,,,3.0,7.0,,,,,,
1302715,Strasbourg,Martial Godo,FW / Left Midfielder / LM / Attacking Midfielder / AM / Left Winger / LW / Right Winger / RW / Striker / ST,796,7.12,5.0,6.0,4.93,5.1,4.93,21.0,11.0,1.0,0.88,184.0,82.1,4.0,44.4,6.0,,6.0,33.3,9.0,39.1,33.0,41.8,2.0,50.0,391.0,46.0,16.0,16.0,6.0,9.0,10.0,35.0,12.0,7.0,1.0,12.0,11.57,2.0,0.0,,,1.0,1.0,2.0,7.0,,,,,,
1408580,Strasbourg,Joaquin Panichelli,FW / Attacking Midfielder / AM / Striker / ST,1859,7.27,15.6,12.0,11.92,11.49,7.98,49.0,24.0,1.0,1.27,293.0,73.2,3.0,37.5,22.0,5.0,,,11.0,39.3,124.0,46.3,56.0,45.2,718.0,104.0,20.0,35.0,24.0,12.0,36.0,64.0,17.0,11.0,5.0,26.0,25.89,3.0,0.0,8.0,4.0,,,21.0,25.0,,,,,,
1156569,Strasbourg,Sebastian Nanasi,FW / Defensive Midfielder / DM / Central Midfielder / CM / Attacking Midfielder / AM / Left Winger / LW,383,6.92,21.2,3.0,1.67,1.85,1.67,9.0,5.0,1.0,0.54,150.0,85.7,4.0,66.7,10.0,2.0,1.0,16.7,1.0,50.0,8.0,34.8,2.0,25.0,223.0,20.0,0.0,1.0,4.0,4.0,3.0,12.0,4.0,5.0,1.0,3.0,3.26,0.0,0.0,,,,,2.0,6.0,,,,,,
1603755,Strasbourg,Gessime Yassine,FW / Right Winger / RW / Left Winger / LW / Striker / ST,119,7.11,6.0,,,,,,,,,,,,,,,,,,,,,,,,,,,,,,,,,,,,,,,,,,,,,,,,,
1207581,Strasbourg (on loan),David Datro Fofana,FW / Striker / ST,984,6.67,7.1,6.0,4.07,3.73,3.28,22.0,8.0,0.0,0.62,148.0,70.5,6.0,66.7,9.0,2.0,,,25.0,44.6,60.0,35.9,16.0,37.2,443.0,64.0,31.0,14.0,5.0,2.0,17.0,30.0,7.0,4.0,0.0,20.0,21.33,0.0,0.0,,,,,4.0,6.0,,,,,,
148830,Lille,Benjamin André,MF / Defensive Midfielder / DM / Central Midfielder / CM / Attacking Midfielder / AM,1522,7.35,2.7,2.0,2.07,1.47,2.07,18.0,3.0,1.0,1.64,762.0,83.7,41.0,73.2,18.0,1.0,3.0,27.3,7.0,50.0,119.0,54.6,52.0,54.2,1177.0,45.0,17.0,25.0,38.0,17.0,27.0,95.0,18.0,11.0,6.0,16.0,19.28,6.0,0.0,3.0,,,,9.0,27.0,,,,,,
1044470,Lille,Hákon Arnar Haraldsson,MF / Defensive Midfielder / DM / Right Midfielder / RM / Central Midfielder / CM / Left Midfielder / LM / Right Winger / RW / Attacking Midfielder / AM / Left Winger / LW / Striker / ST,1526,7.12,21.5,5.0,4.68,3.14,4.68,32.0,7.0,1.0,3.48,654.0,86.6,19.0,59.4,33.0,3.0,15.0,26.3,13.0,38.2,57.0,39.6,5.0,31.2,1039.0,84.0,17.0,23.0,16.0,7.0,21.0,79.0,16.0,17.0,2.0,22.0,20.07,4.0,0.0,,,1.0,,,7.0,,,,,,
1428153,Lille,Ngal Ayel Mukau,FW / MF / Defensive Midfielder / DM / Right Midfielder / RM / Central Midfielder / CM / Right Winger / RW / Attacking Midfielder / AM,810,6.5,19.6,1.0,1.73,0.88,1.73,14.0,3.0,0.0,0.29,278.0,89.4,8.0,66.7,7.0,,,,5.0,50.0,32.0,42.7,6.0,28.6,414.0,23.0,3.0,9.0,12.0,5.0,13.0,37.0,7.0,9.0,0.0,16.0,13.41,2.0,0.0,,,,,,4.0,,,,,,
1684579,Lille,Soriba Diaoune,FW,160,6.3,25.0,1.0,1.27,1.35,1.27,10.0,4.0,1.0,0.35,45.0,83.3,1.0,100.0,3.0,,1.0,33.3,5.0,45.5,11.0,36.7,1.0,25.0,105.0,24.0,6.0,2.0,3.0,1.0,4.0,7.0,2.0,,0.0,5.0,3.78,0.0,0.0,1.0,,,,1.0,2.0,,,,,,
942358,Lille,Felix Correia,FW / Right Midfielder / RM / Left Midfielder / LM / Right Winger / RW / Left Winger / LW,1257,6.91,4.4,3.0,2.63,2.95,2.63,22.0,6.0,5.0,3.79,435.0,79.2,27.0,73.0,27.0,8.0,19.0,28.8,10.0,32.3,46.0,43.4,9.0,50.0,804.0,45.0,14.0,16.0,12.0,13.0,7.0,60.0,9.0,10.0,0.0,17.0,18.88,1.0,0.0,1.0,,,1.0,,5.0,,,,,,
1444231,Lille,Matias Fernandez-Pardo,FW / Left Midfielder / LM / Right Winger / RW / Attacking Midfielder / AM / Left Winger / LW / Striker / ST,1321,7.08,21.6,3.0,3.83,3.87,3.83,37.0,17.0,3.0,2.74,324.0,83.3,10.0,83.3,23.0,3.0,11.0,26.2,17.0,43.6,53.0,45.3,3.0,21.4,637.0,101.0,15.0,20.0,13.0,3.0,9.0,35.0,11.0,11.0,2.0,21.0,19.05,4.0,0.0,1.0,,1.0,,2.0,3.0,,,,,,
708435,Lille,Gaëtan Perrin,MF / Right Midfielder / RM / Right Winger / RW / Attacking Midfielder / AM / Left Winger / LW / Striker / ST,468,6.6,7.0,1.0,1.49,1.04,1.49,16.0,4.0,2.0,1.16,124.0,72.5,4.0,57.1,9.0,2.0,1.0,12.5,13.0,48.1,26.0,36.1,,,286.0,35.0,16.0,8.0,5.0,1.0,4.0,15.0,2.0,7.0,0.0,6.0,6.07,0.0,0.0,,,,,,,,,,,,
46469,Lille,Olivier Giroud,FW / Striker / ST,1364,6.72,1.1,4.0,6.31,4.75,4.73,36.0,11.0,1.0,1.46,198.0,67.6,7.0,63.6,18.0,1.0,,,2.0,50.0,76.0,50.0,43.0,51.2,455.0,70.0,7.0,25.0,7.0,4.0,23.0,21.0,6.0,6.0,1.0,24.0,21.58,1.0,0.0,3.0,1.0,,,13.0,12.0,,,,,,
1276934,Lille,Marius Broholm,FW / Right Midfielder / RM / Central Midfielder / CM / Right Winger / RW,274,6.32,10.1,1.0,0.98,1.42,0.19,4.0,3.0,1.0,0.45,92.0,78.6,2.0,66.7,8.0,,4.0,28.6,3.0,25.0,21.0,48.8,,,199.0,15.0,5.0,8.0,10.0,2.0,4.0,16.0,3.0,4.0,0.0,7.0,4.45,0.0,0.0,,1.0,,,,2.0,,,,,,
812415,Brest,Hugo Magnetti,MF / Defensive Midfielder / DM / Central Midfielder / CM / Attacking Midfielder / AM,1741,6.87,2.1,1.0,0.47,0.72,0.47,17.0,3.0,0.0,0.89,636.0,84.9,34.0,47.9,11.0,1.0,1.0,12.5,9.0,90.0,76.0,53.1,9.0,52.9,998.0,3.0,11.0,17.0,41.0,31.0,27.0,107.0,5.0,24.0,5.0,28.0,26.67,4.0,0.0,,,,,1.0,36.0,,,,,,
696263,Brest,Romain Del Castillo,FW / Right Midfielder / RM / Right Winger / RW / Attacking Midfielder / AM,1650,7.35,5.9,7.0,7.18,6.47,0.88,22.0,10.0,2.0,4.0,471.0,75.1,16.0,41.0,43.0,7.0,34.0,24.3,20.0,34.5,106.0,46.3,19.0,50.0,1097.0,40.0,23.0,23.0,44.0,17.0,22.0,94.0,17.0,23.0,3.0,25.0,23.77,1.0,1.0,1.0,6.0,,,,13.0,,,,,,
1040889,Brest (on loan),Eric Ebimbe,FW / Right Winger / RW / Left Winger / LW,472,6.27,6.2,2.0,1.67,1.86,1.67,13.0,4.0,0.0,0.27,69.0,69.0,3.0,75.0,3.0,1.0,,,,,25.0,43.9,6.0,33.3,172.0,31.0,5.0,6.0,13.0,2.0,10.0,17.0,3.0,3.0,0.0,6.0,5.47,1.0,0.0,,,,,5.0,3.0,,,,,,
1401248,Brest (on loan),Rémy Lascary,FW / Left Midfielder / LM / Left Winger / LW,714,6.61,1.6,4.0,3.36,3.91,3.36,21.0,11.0,1.0,0.84,114.0,79.2,4.0,40.0,7.0,2.0,2.0,28.6,9.0,40.9,36.0,36.0,7.0,29.2,294.0,39.0,6.0,10.0,10.0,3.0,18.0,30.0,6.0,11.0,0.0,9.0,8.72,2.0,0.0,2.0,,,,1.0,2.0,,,,,,
471153,Brest,Ludovic Ajorque,FW / Striker / ST,1837,7.08,2.5,3.0,6.2,5.04,6.2,34.0,11.0,7.0,1.61,343.0,68.5,27.0,71.1,29.0,2.0,2.0,28.6,9.0,69.2,169.0,53.7,115.0,59.0,748.0,95.0,16.0,35.0,12.0,8.0,40.0,40.0,14.0,11.0,5.0,31.0,27.48,7.0,1.0,3.0,,1.0,,8.0,28.0,,,,,,
1514456,Brest,Pathé Mboup,FW / Left Midfielder / LM / Left Winger / LW / Striker / ST,867,6.33,2.2,1.0,2.46,2.33,2.46,17.0,9.0,0.0,0.67,139.0,77.2,3.0,50.0,7.0,1.0,1.0,25.0,19.0,35.8,60.0,33.1,10.0,31.2,419.0,35.0,27.0,15.0,16.0,10.0,29.0,60.0,11.0,15.0,0.0,13.0,12.01,5.0,0.0,1.0,,,,3.0,5.0,,,,,,
612277,Brest,Lucas Tousart,MF / Defensive Midfielder / DM / Central Midfielder / CM / Attacking Midfielder / AM,440,6.43,1.5,0.0,0.22,0.21,0.22,5.0,2.0,0.0,0.34,111.0,80.4,8.0,50.0,4.0,2.0,2.0,66.7,2.0,66.7,33.0,50.8,10.0,47.6,232.0,11.0,4.0,2.0,19.0,7.0,12.0,19.0,2.0,5.0,0.0,10.0,7.21,0.0,0.0,,,1.0,,1.0,12.0,,,,,,
614207,Paris FC,Maxime Lopez,MF / Defensive Midfielder / DM / Central Midfielder / CM / Attacking Midfielder / AM,1708,7.04,5.2,0.0,0.33,0.6,0.33,8.0,5.0,3.0,3.93,1383.0,89.6,66.0,56.9,38.0,12.0,16.0,22.9,7.0,31.8,36.0,35.3,2.0,40.0,1776.0,24.0,12.0,8.0,19.0,8.0,26.0,85.0,8.0,14.0,4.0,31.0,29.6,9.0,0.0,3.0,,,,,10.0,,,,,,
786580,Paris FC (on loan),Marshall Munetsi,MF / Defensive Midfielder / DM / Central Midfielder / CM / Left Midfielder / LM / Attacking Midfielder / AM / Right Winger / RW / Striker / ST,875,6.5,18.2,1.0,1.61,1.71,1.61,14.0,6.0,1.0,0.38,107.0,63.3,6.0,50.0,3.0,1.0,3.0,21.4,5.0,55.6,65.0,45.8,30.0,46.9,342.0,37.0,11.0,10.0,21.0,7.0,19.0,20.0,5.0,9.0,0.0,19.0,13.12,2.0,0.0,2.0,,,,4.0,30.0,,,,,,
999690,Paris FC,Ilan Kebbal,FW / Right Midfielder / RM / Left Midfielder / LM / Right Winger / RW / Attacking Midfielder / AM,1812,7.61,4.5,8.0,5.52,8.21,3.16,43.0,17.0,4.0,4.63,1027.0,86.5,66.0,72.5,45.0,6.0,15.0,17.9,27.0,46.6,106.0,52.7,2.0,16.7,1604.0,75.0,33.0,52.0,26.0,7.0,11.0,100.0,19.0,11.0,2.0,37.0,34.14,4.0,0.0,,3.0,1.0,,,6.0,,,,,,
1368318,Paris FC (on loan),Luca Koleosho,FW / Left Midfielder / LM / Right Winger / RW / Attacking Midfielder / AM / Left Winger / LW / Striker / ST,90,6.43,6.2,,,,,,,,,,,,,,,,,,,,,,,,,,,,,,,,,,,,,,,,,,,,,,,,,
161660,Paris FC,Ciro Immobile,FW / Striker / ST,152,6.07,1.3,0.0,0.34,0.58,0.34,3.0,1.0,0.0,0.11,24.0,77.4,1.0,100.0,2.0,1.0,,,,,1.0,11.1,1.0,14.3,50.0,9.0,1.0,,,,,1.0,,1.0,0.0,3.0,3.51,0.0,0.0,1.0,,,,1.0,2.0,,,,,,
467486,Paris FC,Moses Simon,FW / Central Midfielder / CM / Left Midfielder / LM / Right Winger / RW / Attacking Midfielder / AM / Left Winger / LW / Striker / ST,1309,6.53,12.9,3.0,2.13,2.55,2.13,25.0,7.0,2.0,2.47,241.0,84.3,4.0,40.0,15.0,4.0,16.0,20.3,14.0,36.8,36.0,29.3,5.0,21.7,567.0,50.0,33.0,8.0,9.0,8.0,9.0,44.0,9.0,3.0,1.0,24.0,24.08,0.0,0.0,1.0,,,,2.0,7.0,,,,,,
640292,Paris FC,Vincent Marchetti,MF / Defensive Midfielder / DM / Central Midfielder / CM / Attacking Midfielder / AM,745,6.59,1.2,2.0,2.13,2.15,2.13,23.0,7.0,0.0,0.28,315.0,88.0,8.0,33.3,3.0,,1.0,100.0,8.0,80.0,36.0,48.0,10.0,50.0,478.0,11.0,9.0,4.0,14.0,3.0,12.0,29.0,2.0,6.0,0.0,17.0,15.08,1.0,0.0,2.0,,,1.0,1.0,19.0,,,,,,
853108,Paris FC,Jean-Philippe Krasso,FW / Attacking Midfielder / AM / Striker / ST / Left Winger / LW,963,6.53,3.4,2.0,3.03,3.38,2.24,21.0,9.0,2.0,2.24,151.0,72.6,5.0,55.6,19.0,4.0,,,14.0,35.9,65.0,39.4,24.0,37.5,415.0,58.0,11.0,18.0,13.0,1.0,16.0,19.0,5.0,8.0,0.0,16.0,13.79,0.0,0.0,1.0,1.0,,,1.0,6.0,,,,,,
317062,Lens,Adrien Thomasson,MF / Defensive Midfielder / DM / Left Wing-Back / LWB / Right Midfielder / RM / Central Midfielder / CM / Attacking Midfielder / AM,1833,7.52,2.8,2.0,4.64,3.91,4.64,28.0,8.0,5.0,3.95,780.0,83.5,29.0,51.8,47.0,7.0,23.0,31.1,10.0,34.5,112.0,42.7,11.0,37.9,1364.0,83.0,28.0,31.0,60.0,14.0,44.0,140.0,11.0,46.0,8.0,15.0,24.88,7.0,0.0,3.0,,,,1.0,22.0,,,,,,
1185211,Lens,Mamadou Sangare,MF / Center Back / CB / Defensive Midfielder / DM / Right Midfielder / RM / Central Midfielder / CM / Right Winger / RW / Attacking Midfielder / AM,1581,7.59,10.1,1.0,2.22,1.58,2.22,26.0,7.0,2.0,1.24,809.0,86.4,52.0,68.4,18.0,2.0,,,22.0,57.9,140.0,56.5,23.0,57.5,1282.0,23.0,20.0,30.0,67.0,26.0,27.0,135.0,18.0,29.0,4.0,15.0,20.49,4.0,0.0,3.0,,,1.0,1.0,24.0,,,,,,
254308,Lens,Florian Thauvin,FW / MF / Right Midfielder / RM / Right Winger / RW / Attacking Midfielder / AM / Striker / ST,1749,7.34,4.1,6.0,8.14,7.55,5.77,44.0,17.0,3.0,5.63,615.0,78.8,30.0,56.6,44.0,10.0,34.0,28.3,39.0,47.6,92.0,41.6,8.0,33.3,1276.0,118.0,45.0,28.0,17.0,7.0,15.0,74.0,17.0,12.0,3.0,15.0,24.01,5.0,0.0,1.0,2.0,,,2.0,6.0,,,,,,
445856,Lens,Wesley Said,FW / MF / Right Winger / RW / Attacking Midfielder / AM / Striker / ST / Left Winger / LW,1546,7.32,2.2,10.0,7.59,8.92,6.8,41.0,20.0,2.0,3.18,437.0,82.6,23.0,63.9,20.0,8.0,5.0,27.8,21.0,63.6,63.0,42.6,14.0,40.0,767.0,59.0,18.0,12.0,16.0,9.0,30.0,48.0,8.0,8.0,2.0,12.0,20.46,2.0,0.0,,1.0,,,10.0,15.0,,,,,,
637746,Lens,Odsonne Edouard,FW / Attacking Midfielder / AM / Striker / ST,86,0.29,8.7,,,,,,,,,,,,,,,,,,,,,,,,,,,,,,,,,,,,,,,,,,,,,,,,,
466482,Lens,Allan Saint-Maximin,FW / Left Midfielder / LM / Left Winger / LW / Right Winger / RW,669,7.28,12.5,3.0,0.83,2.26,0.83,24.0,9.0,2.0,2.83,246.0,82.0,10.0,55.6,22.0,3.0,12.0,32.4,35.0,61.4,54.0,52.9,,,511.0,30.0,15.0,17.0,2.0,,8.0,31.0,9.0,4.0,0.0,9.0,6.97,3.0,0.0,,,,,,,,,,,,
1586559,Lens,Rayan Fofana,FW / Striker / ST,613,6.76,9.9,5.0,4.35,5.34,4.35,25.0,11.0,0.0,0.1,85.0,75.2,2.0,66.7,4.0,,,,9.0,42.9,57.0,49.1,11.0,35.5,281.0,42.0,13.0,28.0,10.0,2.0,10.0,12.0,1.0,4.0,0.0,6.0,11.4,0.0,0.0,2.0,,1.0,,1.0,5.0,,,,,,
1189856,Lens,Abdallah Sima,FW / Left Midfielder / LM / Right Winger / RW / Attacking Midfielder / AM / Left Winger / LW / Striker / ST,225,6.2,6.7,1.0,0.28,0.66,0.28,6.0,3.0,0.0,0.12,52.0,75.4,3.0,75.0,3.0,,2.0,40.0,1.0,25.0,16.0,48.5,8.0,72.7,129.0,12.0,5.0,2.0,5.0,,4.0,9.0,3.0,2.0,0.0,2.0,2.92,2.0,0.0,,,,,1.0,6.0,,,,,,
686460,Real Oviedo (on loan),Santiago Colombatto,MF / Defensive Midfielder / DM / Central Midfielder / CM / Attacking Midfielder / AM,1479,6.74,2.0,0.0,0.5,0.54,0.5,12.0,2.0,1.0,1.4,572.0,85.5,29.0,50.0,19.0,3.0,13.0,28.3,5.0,71.4,74.0,54.4,8.0,42.1,908.0,23.0,8.0,33.0,28.0,12.0,33.0,72.0,8.0,11.0,4.0,22.0,24.95,5.0,0.0,4.0,,,,2.0,28.0,,,,,,
971787,Real Oviedo,Haissem Hassan,FW / Right Midfielder / RM / Left Midfielder / LM / Right Winger / RW / Attacking Midfielder / AM / Striker / ST,1313,6.61,5.5,0.0,1.31,0.51,1.31,27.0,6.0,2.0,2.69,269.0,80.5,33.0,68.8,15.0,1.0,20.0,27.0,47.0,57.3,78.0,50.0,1.0,20.0,660.0,47.0,12.0,9.0,21.0,3.0,6.0,49.0,11.0,21.0,0.0,23.0,26.47,1.0,0.0,,,,,,6.0,,,,,,
1323510,Real Oviedo,Alberto Reina,FW / MF / Right Midfielder / RM / Central Midfielder / CM / Attacking Midfielder / AM / Left Winger / LW / Right Winger / RW / Striker / ST,1241,6.5,1.3,2.0,1.48,1.92,1.48,12.0,5.0,0.0,1.14,417.0,83.4,29.0,61.7,12.0,2.0,7.0,28.0,9.0,69.2,65.0,54.2,11.0,40.7,687.0,24.0,10.0,23.0,23.0,9.0,20.0,48.0,4.0,8.0,0.0,23.0,23.2,2.0,1.0,1.0,,,1.0,,9.0,,,,,,
1169595,Real Oviedo,Ilyas Chaira,FW / Right Midfielder / RM / Left Midfielder / LM / Right Winger / RW / Attacking Midfielder / AM / Left Winger / LW / Striker / ST,1407,6.58,2.1,3.0,3.83,3.79,3.83,39.0,17.0,1.0,0.83,329.0,83.7,7.0,63.6,9.0,2.0,6.0,15.8,20.0,29.4,75.0,35.7,9.0,31.0,756.0,53.0,22.0,17.0,29.0,5.0,32.0,68.0,11.0,16.0,1.0,21.0,24.38,1.0,1.0,4.0,,1.0,,2.0,9.0,,,,,,
1032811,Real Oviedo (on loan),Federico Vinas,FW / Right Winger / RW / Left Winger / LW / Striker / ST,1277,6.83,1.7,3.0,4.08,3.44,3.29,24.0,10.0,1.0,1.59,196.0,74.0,8.0,61.5,17.0,4.0,1.0,50.0,26.0,70.3,131.0,51.4,43.0,42.2,530.0,60.0,22.0,30.0,32.0,7.0,29.0,49.0,5.0,7.0,2.0,19.0,21.88,2.0,3.0,2.0,1.0,,,12.0,8.0,,,,,,
1460063,Real Oviedo (on loan),Thiago Fernandez,FW / Left Winger / LW,33,6.38,7.6,,,,,,,,,,,,,,,,,,,,,,,,,,,,,,,,,,,,,,,,,,,,,,,,,
37436,Real Oviedo,Santi Cazorla,MF / Right Midfielder / RM / Central Midfielder / CM / Left Midfielder / LM / Attacking Midfielder / AM / Striker / ST,489,6.59,274.4,0.0,0.19,,0.19,5.0,,0.0,1.05,240.0,88.6,26.0,74.3,10.0,1.0,8.0,21.6,3.0,50.0,25.0,62.5,2.0,66.7,376.0,4.0,1.0,9.0,11.0,1.0,3.0,31.0,3.0,8.0,0.0,6.0,7.79,0.0,1.0,1.0,,,,,3.0,,,,,,
950599,Real Oviedo (on loan),Nicolas Fonseca,MF / Defensive Midfielder / DM / Central Midfielder / CM / Attacking Midfielder / AM,1261,6.48,3.5,0.0,1.1,0.03,0.31,10.0,1.0,0.0,0.35,565.0,86.1,44.0,62.9,5.0,,1.0,20.0,2.0,20.0,51.0,41.1,7.0,43.8,846.0,2.0,9.0,9.0,33.0,10.0,26.0,71.0,5.0,22.0,3.0,22.0,19.78,5.0,0.0,7.0,,,,,21.0,,,,,,
1304120,Real Oviedo (on loan),Alex Forés,FW / Striker / ST,282,6.28,455.7,0.0,1.21,0.29,1.21,8.0,2.0,1.0,0.04,35.0,67.3,,,1.0,,,,3.0,60.0,10.0,40.0,2.0,25.0,99.0,13.0,2.0,4.0,1.0,1.0,2.0,11.0,1.0,3.0,0.0,6.0,5.66,0.0,0.0,,,,,1.0,,,,,,,
282462,Athletic Club,Inigo Ruiz de Galarreta,MF / Defensive Midfielder / DM / Attacking Midfielder / AM,1430,6.94,1.9,1.0,0.6,0.7,0.6,15.0,2.0,1.0,1.45,666.0,83.7,44.0,51.2,15.0,2.0,6.0,24.0,25.0,78.1,110.0,55.3,18.0,58.1,1056.0,8.0,15.0,26.0,41.0,11.0,42.0,119.0,16.0,14.0,0.0,22.0,16.65,9.0,0.0,3.0,,,,,13.0,,,,,,
1553099,Athletic Club,Mikel Jauregizar,MF / Defensive Midfielder / DM / Attacking Midfielder / AM,2029,6.99,36.6,2.0,1.3,1.22,1.3,29.0,7.0,0.0,1.88,799.0,81.9,41.0,55.4,21.0,1.0,6.0,11.8,6.0,33.3,117.0,48.5,29.0,53.7,1345.0,17.0,20.0,29.0,53.0,38.0,28.0,123.0,15.0,40.0,4.0,30.0,24.06,2.0,0.0,2.0,,,,2.0,21.0,,,,,,
1203614,Athletic Club,Nico Serrano,FW / Left Midfielder / LM / Right Winger / RW / Attacking Midfielder / AM / Left Winger / LW,309,6.53,1.5,1.0,0.58,0.66,0.58,13.0,2.0,0.0,0.66,85.0,83.3,6.0,85.7,7.0,1.0,7.0,26.9,6.0,35.3,16.0,31.4,1.0,16.7,206.0,13.0,4.0,5.0,4.0,2.0,7.0,15.0,3.0,9.0,0.0,4.0,1.87,0.0,0.0,,,,,,2.0,,,,,,
950545,Athletic Club,Oihan Sancet,FW / MF / Attacking Midfielder / AM / Striker / ST,1152,6.48,57.4,2.0,4.28,2.94,2.7,30.0,8.0,0.0,0.66,319.0,81.2,12.0,60.0,16.0,,,,7.0,41.2,48.0,39.7,14.0,38.9,583.0,40.0,22.0,17.0,10.0,3.0,17.0,40.0,8.0,2.0,0.0,16.0,12.63,2.0,1.0,2.0,2.0,1.0,,8.0,7.0,,,,,,
604105,Athletic Club,Inaki Williams,FW / Right Midfielder / RM / Central Midfielder / CM / Right Winger / RW / Left Winger / LW / Striker / ST,1091,6.6,21.6,1.0,3.28,2.74,2.49,33.0,11.0,2.0,1.39,186.0,71.5,6.0,50.0,12.0,4.0,4.0,14.3,5.0,18.5,34.0,33.0,9.0,37.5,466.0,75.0,14.0,15.0,5.0,1.0,15.0,39.0,9.0,5.0,0.0,15.0,10.54,1.0,0.0,,1.0,2.0,,7.0,5.0,,,,,,
711231,Athletic Club,Gorka Guruzeta,FW / Right Winger / RW / Attacking Midfielder / AM / Striker / ST,1385,6.57,6.8,4.0,6.14,4.82,6.14,49.0,17.0,1.0,1.29,223.0,72.9,11.0,61.1,16.0,5.0,,,7.0,25.9,83.0,37.7,43.0,37.4,559.0,101.0,10.0,23.0,10.0,4.0,29.0,35.0,11.0,9.0,0.0,18.0,15.87,2.0,1.0,,,,,11.0,11.0,,,,,,
1011117,Athletic Club,Robert Navarro,FW / Left Midfielder / LM / Right Winger / RW / Attacking Midfielder / AM / Left Winger / LW,741,6.66,7.5,5.0,3.38,4.17,3.38,13.0,7.0,1.0,1.29,199.0,80.9,3.0,60.0,16.0,3.0,5.0,13.2,11.0,40.7,40.0,35.1,6.0,20.7,455.0,39.0,21.0,14.0,9.0,4.0,12.0,31.0,4.0,2.0,0.0,13.0,8.97,1.0,0.0,1.0,,,,,8.0,,,,,,
1425769,Athletic Club,Alejandro Rego,MF / Center Back / CB / Defensive Midfielder / DM / Attacking Midfielder / AM,527,6.6,1.6,1.0,0.35,0.67,0.35,9.0,2.0,0.0,0.25,206.0,78.9,9.0,56.2,6.0,,,,2.0,40.0,34.0,50.0,7.0,58.3,347.0,7.0,2.0,1.0,24.0,10.0,20.0,39.0,6.0,4.0,1.0,11.0,8.68,4.0,0.0,2.0,,,,,5.0,,,,,,
616545,Athletic Club,Mikel Vesga,MF / Defensive Midfielder / DM / Attacking Midfielder / AM,286,6.34,1.9,0.0,0.13,,0.13,2.0,,0.0,0.13,127.0,77.9,12.0,70.6,1.0,,,,2.0,66.7,25.0,50.0,7.0,50.0,225.0,4.0,2.0,6.0,10.0,8.0,5.0,17.0,3.0,10.0,0.0,6.0,4.52,0.0,0.0,,,,,,7.0,,,,,,
1436270,Athletic Club,Unai Gomez,MF / Left Back / LB / Defensive Midfielder / DM / Right Winger / RW / Attacking Midfielder / AM / Left Winger / LW / Striker / ST,481,6.33,8.0,1.0,1.34,1.33,1.34,10.0,3.0,1.0,0.56,99.0,75.6,4.0,57.1,5.0,,3.0,23.1,2.0,28.6,21.0,38.2,8.0,30.8,215.0,20.0,5.0,4.0,7.0,,2.0,21.0,6.0,4.0,0.0,12.0,8.6,0.0,0.0,1.0,,,,1.0,6.0,,,,,,
970578,Rayo Vallecano,Andrei Ratiu,DF / Right Back / RB / Right Midfielder / RM / Right Winger / RW,1751,7.21,13.8,0.0,1.84,1.35,1.84,20.0,7.0,2.0,2.31,686.0,82.5,19.0,31.7,22.0,7.0,10.0,16.7,33.0,47.1,101.0,47.4,12.0,35.3,1428.0,42.0,28.0,14.0,42.0,27.0,13.0,93.0,6.0,13.0,7.0,20.0,24.62,6.0,0.0,2.0,,,,,53.0,,,,,,
526968,Rayo Vallecano,Alfonso Espino,DF / Right Back / RB / Left Back / LB / Right Winger / RW / Left Winger / LW,646,6.47,746.8,1.0,1.16,0.79,1.16,9.0,5.0,0.0,1.17,197.0,71.6,14.0,46.7,5.0,3.0,4.0,17.4,4.0,44.4,46.0,48.4,9.0,56.2,462.0,11.0,6.0,14.0,19.0,3.0,11.0,37.0,2.0,21.0,1.0,13.0,12.66,1.0,0.0,1.0,,,1.0,1.0,10.0,,,,,,
522234,Rayo Vallecano (on loan),Gerard Gumbau,MF / Defensive Midfielder / DM / Central Midfielder / CM / Attacking Midfielder / AM,476,6.65,1.2,0.0,0.24,0.61,0.24,9.0,5.0,1.0,0.62,192.0,83.8,10.0,41.7,9.0,,7.0,35.0,5.0,71.4,23.0,41.1,4.0,44.4,318.0,5.0,3.0,3.0,11.0,3.0,22.0,23.0,4.0,2.0,0.0,9.0,8.06,3.0,0.0,3.0,,,1.0,,16.0,,,,,,
1311915,Rayo Vallecano (on loan),Ilias Akhomach,FW / MF / Right Midfielder / RM / Right Winger / RW,384,6.44,15.5,0.0,1.02,0.76,1.02,11.0,3.0,0.0,0.49,103.0,85.8,3.0,50.0,6.0,2.0,4.0,26.7,5.0,27.8,40.0,49.4,1.0,20.0,257.0,23.0,11.0,18.0,16.0,1.0,14.0,22.0,3.0,,0.0,6.0,6.82,2.0,0.0,2.0,,,,1.0,6.0,,,,,,
638010,Rayo Vallecano,Isi Palazon,FW / MF / Right Midfielder / RM / Central Midfielder / CM / Right Winger / RW / Attacking Midfielder / AM / Striker / ST,1653,6.76,3.4,2.0,4.29,3.55,1.92,36.0,12.0,3.0,2.82,532.0,82.5,38.0,61.3,26.0,6.0,20.0,26.3,20.0,52.6,87.0,44.2,15.0,41.7,1031.0,37.0,29.0,37.0,16.0,1.0,27.0,66.0,5.0,17.0,0.0,22.0,24.51,7.0,0.0,5.0,2.0,,,4.0,15.0,,,,,,
1284430,Rayo Vallecano,Fran Pérez,FW / Right Midfielder / RM / Left Midfielder / LM / Right Winger / RW / Left Winger / LW,764,6.58,4.6,2.0,1.5,1.6,1.5,10.0,7.0,0.0,1.11,168.0,82.0,2.0,50.0,11.0,3.0,7.0,23.3,9.0,60.0,27.0,37.0,1.0,7.7,365.0,20.0,10.0,8.0,9.0,2.0,9.0,52.0,7.0,9.0,0.0,12.0,11.43,2.0,0.0,2.0,,,,1.0,3.0,,,,,,
797901,Rayo Vallecano,Jorge de Frutos,FW / Right Midfielder / RM / Right Winger / RW / Striker / ST,1522,6.95,12.7,7.0,5.45,4.68,5.45,32.0,15.0,1.0,1.96,197.0,77.6,4.0,66.7,19.0,1.0,4.0,18.2,15.0,45.5,69.0,41.6,12.0,35.3,506.0,77.0,18.0,23.0,20.0,4.0,23.0,48.0,12.0,16.0,1.0,17.0,17.49,2.0,0.0,,,3.0,,1.0,8.0,,,,,,
715069,Rayo Vallecano,Pedro Diaz,MF / Defensive Midfielder / DM / Central Midfielder / CM / Attacking Midfielder / AM / Striker / ST,1151,6.47,2.5,0.0,0.8,0.46,0.8,25.0,4.0,0.0,0.78,414.0,87.0,16.0,66.7,17.0,2.0,3.0,10.3,6.0,40.0,50.0,46.7,13.0,59.1,669.0,13.0,12.0,6.0,25.0,2.0,9.0,53.0,8.0,18.0,2.0,23.0,20.17,1.0,0.0,,,,,,10.0,,,,,,
474658,Rayo Vallecano,Álvaro Garcia,FW / Left Midfielder / LM / Left Winger / LW / Striker / ST,1608,6.83,1.7,3.0,5.36,4.26,5.36,33.0,13.0,4.0,3.89,272.0,67.3,16.0,34.8,29.0,10.0,8.0,12.3,2.0,22.2,39.0,37.5,9.0,27.3,671.0,81.0,5.0,9.0,20.0,10.0,15.0,55.0,9.0,14.0,1.0,24.0,23.28,3.0,0.0,2.0,,,,2.0,24.0,,,,,,
915264,Rayo Vallecano,Randy Nteka,FW / Right Midfielder / RM / Central Midfielder / CM / Right Winger / RW / Striker / ST,83,6.12,1.2,,,,,,,,,,,,,,,,,,,,,,,,,,,,,,,,,,,,,,,,,,,,,,,,,
571615,Rayo Vallecano,Unai Lopez,MF / Defensive Midfielder / DM / Central Midfielder / CM / Attacking Midfielder / AM / Striker / ST,1053,7.0,1.7,0.0,0.52,0.48,0.52,14.0,3.0,3.0,1.04,623.0,87.7,48.0,55.8,22.0,1.0,9.0,25.0,7.0,77.8,42.0,46.7,7.0,58.3,885.0,9.0,7.0,8.0,20.0,13.0,23.0,59.0,3.0,12.0,2.0,10.0,12.45,4.0,1.0,3.0,,,,,14.0,,,,,,
942372,Atletico Madrid,Álex Baena,FW / MF / Right Midfielder / RM / Central Midfielder / CM / Left Midfielder / LM / Attacking Midfielder / AM / Left Winger / LW / Striker / ST,836,6.85,56.5,2.0,1.35,2.18,1.35,14.0,5.0,1.0,2.47,309.0,82.6,15.0,60.0,22.0,6.0,21.0,26.9,9.0,36.0,39.0,37.9,3.0,17.6,601.0,27.0,13.0,16.0,11.0,8.0,20.0,39.0,4.0,4.0,1.0,5.0,9.76,3.0,0.0,2.0,,,,1.0,5.0,,,,,,
1419969,Atletico Madrid,Rodrigo Mendoza,FW / MF / Defensive Midfielder / DM / Central Midfielder / CM / Left Midfielder / LM / Right Winger / RW / Attacking Midfielder / AM / Left Winger / LW,905,6.51,12.3,1.0,0.66,0.91,0.66,12.0,2.0,0.0,0.9,405.0,86.0,19.0,65.5,10.0,1.0,6.0,35.3,15.0,50.0,50.0,41.3,5.0,25.0,661.0,23.0,15.0,17.0,13.0,4.0,21.0,45.0,4.0,6.0,0.0,18.0,19.83,5.0,0.0,,,,,,7.0,,,,,,
1173678,Atletico Madrid,Johnny Cardoso,FW / MF / Defensive Midfielder / DM / Central Midfielder / CM,548,6.63,25.2,0.0,0.08,,0.08,2.0,,0.0,0.26,271.0,88.3,20.0,76.9,2.0,1.0,1.0,50.0,3.0,42.9,42.0,49.4,11.0,47.8,401.0,2.0,6.0,6.0,22.0,7.0,13.0,23.0,1.0,8.0,1.0,4.0,4.65,4.0,0.0,3.0,,,,,10.0,,,,,,
841672,Atletico Madrid (on loan),Nicolás González,FW / MF / Left Back / LB / Left Wing-Back / LWB / Right Wing-Back / RWB / Right Midfielder / RM / Left Midfielder / LM / Right Winger / RW / Attacking Midfielder / AM / Left Winger / LW / Striker / ST,1133,6.9,22.7,1.0,2.77,3.68,2.77,34.0,16.0,0.0,1.79,314.0,74.1,18.0,51.4,10.0,3.0,2.0,8.0,17.0,44.7,93.0,51.4,42.0,67.7,702.0,62.0,16.0,18.0,16.0,10.0,21.0,44.0,7.0,13.0,1.0,8.0,14.87,3.0,0.0,2.0,,1.0,,12.0,19.0,,,,,,
955271,Atletico Madrid,Thiago Almada,FW / MF / Central Midfielder / CM / Left Midfielder / LM / Right Winger / RW / Attacking Midfielder / AM / Left Winger / LW,704,6.92,25.0,3.0,3.08,3.8,3.08,15.0,9.0,1.0,1.21,355.0,86.6,18.0,64.3,14.0,3.0,2.0,9.1,14.0,66.7,39.0,52.0,3.0,27.3,546.0,26.0,7.0,9.0,13.0,3.0,4.0,44.0,8.0,10.0,0.0,9.0,8.56,1.0,0.0,1.0,,,,,3.0,,,,,,
440330,Atletico Madrid,Alexander Sørloth,FW / Right Winger / RW / Striker / ST,1223,6.7,23.4,7.0,5.53,8.33,5.53,39.0,23.0,0.0,0.67,184.0,66.2,2.0,66.7,8.0,1.0,2.0,18.2,8.0,42.1,88.0,48.1,63.0,60.6,461.0,82.0,18.0,9.0,8.0,,22.0,18.0,3.0,4.0,0.0,14.0,13.06,3.0,1.0,2.0,,,1.0,21.0,13.0,,,,,,
974753,Atletico Madrid,Julián Álvarez,FW / Striker / ST,1677,7.12,117.5,7.0,6.88,9.03,4.51,46.0,23.0,3.0,4.33,478.0,82.7,19.0,70.4,43.0,9.0,25.0,30.9,22.0,50.0,59.0,38.3,5.0,21.7,923.0,80.0,30.0,18.0,14.0,2.0,13.0,47.0,14.0,14.0,1.0,15.0,19.6,2.0,0.0,,2.0,,,2.0,4.0,,,,,,
1254394,Atletico Madrid,Obed Vargas,MF / Defensive Midfielder / DM / Central Midfielder / CM / Attacking Midfielder / AM,90,6.16,10.3,,,,,,,,,,,,,,,,,,,,,,,,,,,,,,,,,,,,,,,,,,,,,,,,,
690516,Atletico Madrid,Ademola Lookman,MF / Central Midfielder / CM / Left Midfielder / LM / Attacking Midfielder / AM / Left Winger / LW / Striker / ST,120,6.15,33.9,0.0,0.05,,0.05,2.0,,0.0,0.06,22.0,84.6,,,1.0,,,,2.0,66.7,2.0,33.3,,,39.0,6.0,2.0,,,,1.0,3.0,,,0.0,2.0,0.53,1.0,0.0,,,,,1.0,,,,,,,
923298,Levante,Pablo Martinez,MF / Defensive Midfielder / DM / Central Midfielder / CM / Left Midfielder / LM / Left Winger / LW,1177,6.76,1.2,1.0,1.73,1.59,1.73,23.0,4.0,2.0,2.19,317.0,76.6,25.0,40.3,19.0,6.0,16.0,39.0,12.0,52.2,41.0,42.3,9.0,64.3,626.0,19.0,13.0,8.0,12.0,16.0,20.0,55.0,7.0,8.0,1.0,18.0,17.76,2.0,0.0,9.0,,,,,18.0,,,,,,
1875615,Levante,Kareem Tunde,FW / Right Winger / RW,520,6.36,30.0,0.0,0.32,0.1,0.32,7.0,1.0,0.0,0.15,65.0,69.1,2.0,40.0,2.0,1.0,,,7.0,46.7,30.0,45.5,3.0,25.0,189.0,9.0,9.0,11.0,9.0,3.0,9.0,19.0,2.0,3.0,0.0,9.0,8.34,0.0,0.0,,,,,,2.0,,,,,,
1209980,Levante,Carlos Álvarez,FW / MF / Right Midfielder / RM / Attacking Midfielder / AM / Right Winger / RW / Striker / ST,1639,6.8,16.2,3.0,1.77,2.41,1.77,23.0,9.0,1.0,3.67,449.0,79.9,19.0,70.4,34.0,6.0,8.0,18.6,16.0,34.8,80.0,42.8,3.0,20.0,885.0,35.0,30.0,41.0,21.0,11.0,17.0,79.0,10.0,20.0,1.0,32.0,29.27,3.0,0.0,1.0,,1.0,,1.0,5.0,,,,,,
1082930,Levante (on loan),Iker Losada,FW / MF / Left Midfielder / LM / Attacking Midfielder / AM / Left Winger / LW / Right Winger / RW,415,6.56,1.6,2.0,1.52,0.89,1.52,9.0,3.0,0.0,0.42,67.0,65.0,,,5.0,1.0,1.0,16.7,3.0,37.5,12.0,34.3,2.0,18.2,175.0,11.0,3.0,3.0,4.0,7.0,4.0,16.0,3.0,3.0,0.0,6.0,6.28,0.0,0.0,,,,,2.0,3.0,,,,,,
1209441,Levante,Ivan Romero,FW / Right Winger / RW / Left Winger / LW / Striker / ST,1547,6.77,8.8,4.0,5.74,3.52,5.74,38.0,11.0,1.0,1.12,264.0,73.9,7.0,77.8,13.0,2.0,2.0,18.2,24.0,54.5,119.0,48.6,25.0,45.5,721.0,75.0,42.0,50.0,20.0,7.0,24.0,58.0,10.0,11.0,0.0,25.0,22.23,3.0,0.0,2.0,,,,9.0,8.0,,,,,,
1392779,Levante,Etta Eyong,FW / Striker / ST / Left Winger / LW,1509,6.83,23.9,6.0,7.3,6.72,6.51,40.0,17.0,3.0,1.56,170.0,69.7,7.0,63.6,12.0,3.0,1.0,10.0,10.0,38.5,94.0,43.7,26.0,33.3,550.0,63.0,31.0,31.0,27.0,4.0,24.0,49.0,17.0,3.0,2.0,27.0,25.19,2.0,0.0,,,,,10.0,15.0,,,,,,
1131957,Levante,Jon Olasagasti,MF / Right Midfielder / RM / Central Midfielder / CM / Left Midfielder / LM / Attacking Midfielder / AM,563,6.43,1.7,1.0,0.23,0.72,0.23,7.0,1.0,2.0,0.89,204.0,77.6,13.0,41.9,7.0,3.0,7.0,28.0,3.0,60.0,33.0,47.1,10.0,71.4,389.0,6.0,10.0,8.0,12.0,5.0,10.0,35.0,3.0,11.0,0.0,13.0,14.09,3.0,0.0,5.0,,,,,13.0,,,,,,
1610744,Levante,Carlos Espi,FW / Striker / ST,90,6.25,2.2,,,,,,,,,,,,,,,,,,,,,,,,,,,,,,,,,,,,,,,,,,,,,,,,,
1649293,Levante,Paco Cortes,MF / Left Midfielder / LM / Left Winger / LW,90,6.07,990.0,,,,,,,,,,,,,,,,,,,,,,,,,,,,,,,,,,,,,,,,,,,,,,,,,
638070,Valencia,Luis Rioja,FW / MF / Right Wing-Back / RWB / Right Midfielder / RM / Right Winger / RW / Left Winger / LW,1640,6.87,1.3,2.0,1.55,1.25,1.55,29.0,4.0,4.0,2.75,418.0,78.1,20.0,50.0,25.0,4.0,23.0,23.5,21.0,51.2,65.0,45.8,2.0,13.3,884.0,52.0,18.0,21.0,21.0,12.0,7.0,67.0,10.0,19.0,3.0,26.0,21.77,1.0,0.0,,,,,1.0,22.0,,,,,,
800615,Valencia,Filip Ugrinic,FW / MF / Defensive Midfielder / DM / Central Midfielder / CM / Right Winger / RW / Attacking Midfielder / AM,120,6.67,6.7,,,,,,,,,,,,,,,,,,,,,,,,,,,,,,,,,,,,,,,,,,,,,,,,,
673689,Valencia,Pepelu,FW / MF / Defensive Midfielder / DM / Central Midfielder / CM,1711,7.14,8.7,2.0,3.5,2.38,1.13,22.0,3.0,0.0,2.01,963.0,86.4,69.0,50.7,20.0,1.0,9.0,21.4,7.0,77.8,91.0,59.1,25.0,62.5,1388.0,17.0,8.0,11.0,48.0,17.0,27.0,106.0,4.0,12.0,3.0,28.0,22.5,3.0,0.0,5.0,1.0,,,3.0,50.0,,,,,,
1077915,Valencia (on loan),Largie Ramazani,FW / Right Midfielder / RM / Left Winger / LW,278,6.39,6.3,2.0,1.61,1.84,0.82,12.0,5.0,1.0,0.53,63.0,75.0,3.0,100.0,3.0,1.0,3.0,30.0,9.0,47.4,22.0,39.3,2.0,33.3,174.0,16.0,11.0,7.0,4.0,2.0,7.0,14.0,2.0,2.0,0.0,8.0,4.62,2.0,0.0,,1.0,,,,4.0,,,,,,
974755,Valencia (on loan),Lucas Beltran,FW / Attacking Midfielder / AM / Left Winger / LW / Striker / ST,1101,6.56,19.2,1.0,2.68,1.53,2.68,27.0,8.0,2.0,1.39,251.0,77.7,7.0,53.8,11.0,4.0,2.0,22.2,15.0,57.7,88.0,46.6,21.0,36.8,585.0,53.0,28.0,35.0,17.0,4.0,21.0,43.0,6.0,8.0,1.0,17.0,14.57,0.0,0.0,1.0,,1.0,,5.0,11.0,,,,,,
929838,Valencia,Hugo Duro,FW / Striker / ST,1425,6.66,16.7,7.0,5.27,5.53,5.27,26.0,10.0,0.0,0.67,211.0,72.3,5.0,62.5,12.0,1.0,,,3.0,27.3,74.0,41.8,34.0,34.0,476.0,58.0,4.0,26.0,11.0,3.0,15.0,31.0,4.0,12.0,1.0,24.0,21.38,5.0,0.0,6.0,,,,10.0,17.0,,,,,,
1284429,Valencia,Javier Guerra,MF / Defensive Midfielder / DM / Central Midfielder / CM / Attacking Midfielder / AM / Right Winger / RW,1079,6.64,26.2,0.0,1.12,0.79,1.12,13.0,4.0,3.0,1.18,420.0,78.4,27.0,45.0,12.0,4.0,4.0,21.1,13.0,48.1,44.0,41.1,8.0,50.0,752.0,28.0,18.0,9.0,14.0,13.0,17.0,52.0,2.0,6.0,1.0,16.0,16.16,2.0,0.0,3.0,,,,,20.0,,,,,,
590494,Valencia,Umar Sadiq,FW / Striker / ST,295,6.25,4.9,1.0,0.71,0.4,0.71,9.0,2.0,0.0,0.35,35.0,63.6,,,4.0,1.0,1.0,100.0,3.0,27.3,19.0,28.8,11.0,39.3,130.0,19.0,13.0,5.0,1.0,,8.0,12.0,2.0,2.0,0.0,6.0,4.61,2.0,0.0,,,1.0,,4.0,2.0,,,,,,
673356,Mallorca,Pablo Maffeo,DF / Right Back / RB / Right Wing-Back / RWB / Right Winger / RW,1646,6.97,4.6,1.0,0.2,0.26,0.2,4.0,1.0,0.0,0.76,398.0,74.4,26.0,31.3,8.0,,14.0,30.4,25.0,64.1,106.0,62.0,25.0,61.0,1000.0,5.0,7.0,12.0,44.0,21.0,16.0,72.0,3.0,12.0,3.0,26.0,30.26,6.0,0.0,14.0,,,,,61.0,,,,,,
1344677,Mallorca (on loan),Mateo Joseph,FW / Right Winger / RW / Striker / ST,1334,6.49,6.6,2.0,3.76,2.2,3.76,25.0,10.0,2.0,0.46,184.0,80.3,1.0,33.3,10.0,3.0,4.0,33.3,12.0,48.0,60.0,37.3,6.0,14.0,485.0,45.0,26.0,20.0,22.0,8.0,13.0,51.0,6.0,12.0,1.0,22.0,22.24,2.0,0.0,3.0,,1.0,,4.0,17.0,,,,,,
282472,Mallorca,Sergi Darder,FW / MF / Defensive Midfielder / DM / Central Midfielder / CM / Left Midfielder / LM / Right Winger / RW / Attacking Midfielder / AM / Left Winger / LW,1667,7.01,4.6,1.0,1.85,0.75,1.85,27.0,8.0,3.0,3.14,559.0,83.6,53.0,60.2,36.0,8.0,37.0,33.0,30.0,62.5,72.0,55.8,6.0,75.0,1002.0,21.0,14.0,20.0,16.0,16.0,14.0,75.0,8.0,10.0,0.0,27.0,27.17,3.0,0.0,5.0,,,,1.0,8.0,,,,,,
1690093,Mallorca,Jan Virgili,FW / Right Midfielder / RM / Left Winger / LW / Striker / ST,1286,6.79,15.2,0.0,1.71,1.98,1.71,24.0,10.0,4.0,1.94,230.0,76.2,2.0,28.6,25.0,7.0,8.0,28.6,38.0,43.2,75.0,39.5,8.0,28.6,619.0,53.0,23.0,18.0,11.0,4.0,12.0,52.0,10.0,12.0,0.0,22.0,22.17,0.0,0.0,2.0,,2.0,,2.0,7.0,,,,,,
517052,Mallorca,Vedat Muriqi,FW / Striker / ST,1894,7.27,4.8,16.0,11.65,13.56,6.92,70.0,34.0,1.0,0.7,276.0,64.2,13.0,61.9,11.0,1.0,1.0,100.0,13.0,59.1,154.0,53.3,101.0,56.1,750.0,105.0,25.0,39.0,5.0,1.0,22.0,50.0,15.0,5.0,1.0,35.0,36.22,2.0,1.0,4.0,5.0,1.0,,29.0,43.0,,,,,,
1089744,Mallorca (on loan),Zito Luvumbo,FW / Right Midfielder / RM / Central Midfielder / CM / Left Midfielder / LM / Right Winger / RW / Attacking Midfielder / AM / Striker / ST,90,6.13,6.2,,,,,,,,,,,,,,,,,,,,,,,,,,,,,,,,,,,,,,,,,,,,,,,,,
1233404,Mallorca,Pablo Torre,MF / Defensive Midfielder / DM / Central Midfielder / CM / Attacking Midfielder / AM / Left Winger / LW,769,6.43,7.8,1.0,0.69,0.78,0.69,8.0,4.0,2.0,1.62,308.0,81.7,22.0,68.8,21.0,1.0,14.0,31.8,5.0,35.7,36.0,37.5,3.0,16.7,552.0,7.0,10.0,22.0,6.0,7.0,18.0,36.0,2.0,9.0,0.0,17.0,18.7,2.0,0.0,2.0,,,,,8.0,,,,,,
1055327,Mallorca,Antonio Sánchez,MF / Defensive Midfielder / DM / Right Midfielder / RM / Central Midfielder / CM / Right Winger / RW,788,6.29,1.9,0.0,0.25,0.26,0.25,5.0,3.0,0.0,0.73,216.0,81.5,10.0,35.7,7.0,3.0,3.0,15.8,5.0,45.5,29.0,37.7,4.0,40.0,406.0,8.0,11.0,7.0,13.0,8.0,13.0,51.0,4.0,13.0,0.0,15.0,16.86,2.0,1.0,1.0,,,,2.0,15.0,,,,,,
676533,Real Betis,Aitor Ruibal,DF / Right Back / RB / Right Winger / RW / Left Winger / LW,1191,6.93,2.6,4.0,2.92,3.58,2.92,19.0,9.0,1.0,1.28,373.0,81.6,25.0,43.9,16.0,2.0,5.0,27.8,6.0,33.3,52.0,42.3,5.0,31.2,729.0,28.0,12.0,18.0,24.0,15.0,16.0,57.0,5.0,20.0,4.0,12.0,15.87,3.0,0.0,2.0,,1.0,1.0,2.0,28.0,,,,,,
683450,Real Betis,Pablo Fornals,FW / MF / Defensive Midfielder / DM / Central Midfielder / CM / Right Winger / RW / Attacking Midfielder / AM / Left Winger / LW,1948,7.46,15.3,6.0,3.27,4.24,3.27,35.0,15.0,4.0,4.07,983.0,86.2,70.0,67.3,51.0,6.0,23.0,25.8,17.0,51.5,70.0,39.1,10.0,28.6,1523.0,51.0,25.0,16.0,28.0,25.0,20.0,107.0,19.0,24.0,3.0,28.0,25.72,1.0,0.0,2.0,,,,1.0,18.0,,,,,,
640220,Real Betis,Marc Roca,FW / MF / Defensive Midfielder / DM / Central Midfielder / CM,1359,6.8,2.6,0.0,1.08,0.98,1.08,10.0,4.0,1.0,0.79,592.0,86.5,33.0,52.4,10.0,2.0,1.0,14.3,8.0,66.7,63.0,47.7,9.0,42.9,883.0,12.0,11.0,16.0,30.0,12.0,30.0,73.0,11.0,14.0,5.0,19.0,20.64,1.0,0.0,5.0,,,,2.0,30.0,,,,,,
895954,Real Betis,Álvaro Fidalgo,FW / MF / Center Back / CB / Defensive Midfielder / DM / Right Midfielder / RM / Central Midfielder / CM / Attacking Midfielder / AM,1270,7.29,4.9,1.0,0.46,1.0,0.46,10.0,3.0,0.0,2.14,975.0,91.3,64.0,64.6,21.0,2.0,5.0,27.8,16.0,57.1,67.0,57.3,4.0,40.0,1262.0,13.0,18.0,24.0,23.0,4.0,4.0,78.0,11.0,11.0,1.0,15.0,9.25,1.0,0.0,,,,,,12.0,,,,,,
967622,Real Betis,Antony,FW / Right Midfielder / RM / Right Winger / RW,1596,7.67,33.9,6.0,4.91,4.23,4.91,54.0,24.0,5.0,3.58,643.0,82.6,13.0,50.0,41.0,7.0,11.0,22.0,18.0,46.2,72.0,50.3,4.0,30.8,1108.0,69.0,15.0,27.0,23.0,17.0,11.0,84.0,10.0,16.0,2.0,24.0,22.03,1.0,1.0,1.0,,,,,15.0,,,,,,
201939,Real Betis,Cédric Bakambu,FW / Striker / ST,309,6.78,1.0,2.0,1.71,2.03,1.71,15.0,6.0,0.0,0.02,34.0,72.3,2.0,66.7,1.0,,,,,,16.0,47.1,7.0,38.9,103.0,17.0,2.0,7.0,2.0,1.0,3.0,3.0,1.0,1.0,0.0,4.0,4.89,0.0,0.0,,,,,4.0,6.0,,,,,,
1209399,Real Betis,Abdessamad Ezzalzouli,FW / Left Winger / LW,1145,7.67,15.2,5.0,5.18,5.07,5.18,42.0,13.0,4.0,1.46,332.0,78.7,8.0,72.7,16.0,7.0,2.0,8.0,21.0,47.7,113.0,51.8,19.0,40.4,763.0,81.0,23.0,43.0,30.0,10.0,18.0,71.0,17.0,16.0,2.0,15.0,14.92,2.0,0.0,,,1.0,,4.0,8.0,,,,,,
1580522,Real Betis,Angel Ortiz,DF / Right Back / RB / Right Winger / RW,485,6.62,4.6,0.0,0.04,,0.04,1.0,,0.0,0.65,140.0,84.3,5.0,27.8,5.0,1.0,4.0,28.6,5.0,33.3,28.0,48.3,,,294.0,12.0,2.0,6.0,17.0,3.0,8.0,19.0,,8.0,0.0,5.0,5.48,1.0,0.0,3.0,,,,,13.0,,,,,,
1315711,Real Betis,Nelson Deossa,MF / Defensive Midfielder / DM / Right Midfielder / RM / Central Midfielder / CM / Right Winger / RW / Attacking Midfielder / AM,525,6.66,11.1,0.0,0.39,,0.39,15.0,,0.0,0.25,176.0,85.0,5.0,55.6,5.0,1.0,,,20.0,74.1,65.0,59.1,16.0,66.7,352.0,7.0,12.0,19.0,10.0,3.0,15.0,28.0,4.0,4.0,1.0,6.0,8.7,2.0,0.0,,,,,1.0,8.0,,,,,,
1310103,Augsburg,Anton Kade,MF / Right Back / RB / Right Wing-Back / RWB / Right Midfielder / RM / Right Winger / RW / Attacking Midfielder / AM / Striker / ST / Left Winger / LW,1008,6.68,8.4,2.0,2.79,2.12,2.79,21.0,9.0,0.0,1.18,224.0,74.4,9.0,50.0,16.0,2.0,3.0,15.8,9.0,52.9,57.0,47.9,25.0,48.1,525.0,46.0,10.0,8.0,15.0,6.0,11.0,39.0,6.0,9.0,1.0,20.0,18.77,3.0,0.0,1.0,,1.0,1.0,5.0,13.0,,,,,,
643448,Augsburg,Kristijan Jakic,MF / Right Back / RB / Center Back / CB / Defensive Midfielder / DM / Central Midfielder / CM / Attacking Midfielder / AM,1172,6.86,6.8,1.0,0.59,1.23,0.59,11.0,4.0,1.0,1.32,455.0,81.8,40.0,54.1,12.0,2.0,3.0,60.0,4.0,40.0,58.0,52.7,13.0,52.0,753.0,14.0,9.0,15.0,27.0,12.0,13.0,71.0,6.0,12.0,1.0,20.0,22.44,3.0,0.0,5.0,,,,1.0,37.0,,,,,,
978680,Augsburg,Han-Noah Massengo,MF / Defensive Midfielder / DM / Central Midfielder / CM / Attacking Midfielder / AM,1799,7.05,6.4,2.0,1.04,1.44,1.04,14.0,3.0,1.0,1.19,732.0,85.7,19.0,38.0,13.0,3.0,1.0,7.7,20.0,58.8,89.0,55.6,16.0,48.5,1160.0,17.0,17.0,19.0,34.0,27.0,15.0,108.0,13.0,9.0,3.0,39.0,37.33,1.0,0.0,6.0,,,,1.0,36.0,,,,,,
1185609,Augsburg,Robin Fellhauer,MF / Right Wing-Back / RWB / Defensive Midfielder / DM / Left Wing-Back / LWB / Right Midfielder / RM / Central Midfielder / CM / Right Winger / RW / Attacking Midfielder / AM,1816,7.05,1.6,1.0,1.15,1.14,1.15,21.0,5.0,1.0,1.53,463.0,76.0,18.0,36.0,17.0,3.0,7.0,13.0,10.0,47.6,110.0,55.6,31.0,50.8,1070.0,47.0,9.0,24.0,46.0,15.0,18.0,87.0,10.0,21.0,3.0,36.0,36.49,2.0,0.0,5.0,,,,4.0,46.0,,,,,,
1453218,Augsburg,Mert Kömür,FW / MF / Defensive Midfielder / DM / Left Midfielder / LM / Attacking Midfielder / AM / Striker / ST,1121,6.68,16.3,2.0,2.89,3.18,2.89,33.0,12.0,3.0,1.91,283.0,81.1,4.0,50.0,20.0,4.0,11.0,22.0,12.0,42.9,45.0,31.0,12.0,23.5,608.0,44.0,19.0,14.0,7.0,4.0,20.0,37.0,7.0,8.0,1.0,24.0,25.07,1.0,0.0,,,,,1.0,18.0,,,,,,
689065,Augsburg,Alexis Claude,FW / MF / Central Midfielder / CM / Attacking Midfielder / AM / Striker / ST / Left Winger / LW,1353,7.02,12.0,3.0,3.78,3.6,2.99,46.0,19.0,2.0,1.91,426.0,85.0,3.0,23.1,18.0,2.0,9.0,25.0,23.0,47.9,95.0,46.8,15.0,36.6,821.0,42.0,32.0,34.0,23.0,4.0,17.0,60.0,6.0,9.0,2.0,27.0,24.74,3.0,0.0,1.0,1.0,,,2.0,7.0,,,,,,
198316,Augsburg (on loan),Michael Gregoritsch,FW / Attacking Midfielder / AM / Left Winger / LW / Striker / ST,386,7.04,2.1,2.0,0.91,1.9,0.91,10.0,3.0,0.0,0.07,38.0,49.4,1.0,20.0,1.0,,,,1.0,20.0,30.0,45.5,17.0,39.5,143.0,18.0,3.0,8.0,4.0,2.0,2.0,10.0,1.0,1.0,0.0,4.0,6.32,1.0,0.0,3.0,,,,2.0,6.0,,,,,,
1343749,Augsburg (on loan),Rodrigo Ribeiro,FW / Right Winger / RW / Attacking Midfielder / AM / Striker / ST / Left Winger / LW,90,6.53,2.4,,,,,,,,,,,,,,,,,,,,,,,,,,,,,,,,,,,,,,,,,,,,,,,,,
556029,Augsburg,Marius Wolf,MF / Right Back / RB / Right Wing-Back / RWB / Left Wing-Back / LWB / Right Midfielder / RM / Striker / ST,616,6.28,2.3,1.0,0.84,1.27,0.84,9.0,4.0,0.0,0.64,129.0,66.8,10.0,45.5,7.0,1.0,6.0,25.0,1.0,14.3,14.0,36.8,3.0,42.9,354.0,22.0,3.0,2.0,8.0,9.0,5.0,23.0,1.0,6.0,0.0,10.0,13.25,2.0,0.0,,,,1.0,,13.0,,,,,,
839038,Augsburg,Elvis Rexhbecaj,MF / Defensive Midfielder / DM / Central Midfielder / CM / Left Midfielder / LM / Attacking Midfielder / AM,950,6.43,2.1,1.0,0.37,0.89,0.37,9.0,3.0,0.0,1.08,275.0,77.5,11.0,28.2,10.0,1.0,2.0,16.7,4.0,57.1,43.0,44.3,12.0,48.0,533.0,13.0,16.0,14.0,13.0,4.0,13.0,43.0,10.0,10.0,0.0,17.0,18.93,4.0,0.0,1.0,,,1.0,1.0,15.0,,,,,,
1161211,Augsburg,Fabian Rieder,MF / Left Wing-Back / LWB / Right Midfielder / RM / Central Midfielder / CM / Right Winger / RW / Attacking Midfielder / AM / Left Winger / LW,1331,6.71,7.8,3.0,2.74,3.21,1.95,26.0,7.0,2.0,2.17,283.0,71.6,16.0,43.2,18.0,3.0,14.0,22.2,14.0,42.4,60.0,34.7,11.0,26.8,704.0,32.0,23.0,20.0,16.0,8.0,27.0,50.0,9.0,16.0,0.0,31.0,24.48,2.0,0.0,1.0,1.0,,,3.0,5.0,,,,,,
1327150,FC Heidenheim (on loan),Arijon Ibrahimovic,MF / Defensive Midfielder / DM / Left Midfielder / LM / Right Winger / RW / Attacking Midfielder / AM / Left Winger / LW,1603,6.88,6.1,0.0,4.07,3.09,4.07,35.0,14.0,2.0,4.0,451.0,72.4,32.0,51.6,41.0,6.0,24.0,25.3,14.0,42.4,78.0,44.6,21.0,42.0,1020.0,54.0,12.0,19.0,24.0,15.0,9.0,87.0,9.0,28.0,0.0,36.0,32.26,2.0,0.0,3.0,,,,1.0,18.0,,,,,,
1002673,FC Heidenheim,Jan Schöppner,MF / Defensive Midfielder / DM / Central Midfielder / CM / Attacking Midfielder / AM,1427,6.46,4.5,1.0,1.29,2.4,1.29,18.0,5.0,1.0,0.62,304.0,68.3,16.0,34.0,6.0,3.0,1.0,11.1,10.0,47.6,66.0,39.8,30.0,48.4,702.0,32.0,15.0,11.0,16.0,23.0,16.0,61.0,4.0,27.0,0.0,34.0,29.59,4.0,0.0,7.0,,,1.0,4.0,55.0,,,,,,
1146376,FC Heidenheim (on loan),Eren Dinkci,FW / MF / Right Winger / RW / Attacking Midfielder / AM / Left Winger / LW,506,6.29,5.1,0.0,1.03,0.95,1.03,12.0,2.0,1.0,0.42,107.0,71.3,9.0,47.4,4.0,,2.0,13.3,6.0,60.0,18.0,40.9,2.0,25.0,250.0,11.0,7.0,1.0,9.0,5.0,4.0,29.0,2.0,5.0,0.0,13.0,11.49,1.0,0.0,,,,,1.0,4.0,,,,,,
1000011,FC Heidenheim,Christian Conteh,FW / MF / Right Wing-Back / RWB / Left Wing-Back / LWB / Central Midfielder / CM / Left Midfielder / LM / Right Winger / RW / Attacking Midfielder / AM / Striker / ST / Left Winger / LW,90,6.3,393.7,0.0,0.22,,0.22,3.0,,0.0,0.04,9.0,81.8,1.0,100.0,,,,,3.0,50.0,4.0,44.4,,,33.0,7.0,0.0,,1.0,1.0,1.0,,,1.0,0.0,0.0,0.3,0.0,0.0,,,,,,2.0,,,,,,
767730,FC Heidenheim,Stefan Schimmer,FW / Striker / ST,584,6.57,369.5,5.0,4.41,4.61,4.41,25.0,9.0,1.0,0.51,74.0,64.9,5.0,83.3,10.0,2.0,3.0,37.5,1.0,50.0,30.0,39.5,20.0,41.7,219.0,46.0,6.0,5.0,4.0,3.0,10.0,14.0,4.0,2.0,0.0,12.0,11.37,1.0,0.0,,,,,4.0,11.0,,,,,,
956913,FC Heidenheim,Marvin Pieringer,FW / Striker / ST,941,6.61,5.8,2.0,2.87,1.37,2.87,19.0,4.0,0.0,0.4,143.0,66.2,2.0,13.3,10.0,1.0,1.0,9.1,9.0,56.2,72.0,45.9,33.0,44.0,396.0,37.0,11.0,17.0,14.0,8.0,23.0,26.0,2.0,4.0,0.0,22.0,19.35,2.0,0.0,1.0,,,,4.0,22.0,,,,,,
673432,FC Heidenheim,Sirlord Conteh,MF / Right Wing-Back / RWB / Attacking Midfielder / AM / Right Winger / RW / Striker / ST,495,6.43,1.2,1.0,2.28,1.06,2.28,9.0,2.0,1.0,0.54,64.0,64.0,3.0,37.5,6.0,,4.0,30.8,1.0,14.3,23.0,47.9,8.0,42.1,188.0,19.0,2.0,7.0,7.0,3.0,5.0,13.0,,1.0,0.0,12.0,13.16,1.0,0.0,,,,,,4.0,,,,,,
674242,FC Heidenheim,Budu Zivzivadze,FW / Striker / ST,415,6.17,1.7,1.0,2.14,0.81,2.14,9.0,5.0,0.0,0.09,61.0,74.4,3.0,37.5,3.0,1.0,,,6.0,60.0,13.0,30.2,1.0,6.2,142.0,16.0,4.0,2.0,4.0,1.0,4.0,12.0,4.0,3.0,0.0,14.0,9.82,1.0,1.0,1.0,,,,,4.0,,,,,,
557805,FC Heidenheim,Mathias Honsak,FW / Left Back / LB / Left Wing-Back / LWB / Left Midfielder / LM / Attacking Midfielder / AM / Left Winger / LW / Striker / ST,941,6.48,1.6,0.0,1.45,0.97,1.45,23.0,4.0,0.0,1.59,154.0,74.8,7.0,58.3,8.0,2.0,3.0,16.7,14.0,42.4,50.0,42.0,10.0,40.0,456.0,28.0,17.0,10.0,17.0,16.0,10.0,53.0,3.0,8.0,0.0,24.0,21.02,1.0,0.0,1.0,,,,3.0,23.0,,,,,,
794393,FC Heidenheim,Adrian Beck,MF / Defensive Midfielder / DM / Right Midfielder / RM / Central Midfielder / CM / Attacking Midfielder / AM / Striker / ST / Left Winger / LW,741,6.56,1.7,1.0,0.83,1.47,0.83,10.0,4.0,0.0,0.79,261.0,82.6,12.0,75.0,13.0,,1.0,11.1,17.0,60.7,50.0,47.2,6.0,28.6,456.0,15.0,12.0,12.0,15.0,3.0,10.0,48.0,4.0,9.0,0.0,19.0,17.03,0.0,0.0,3.0,,,,1.0,6.0,,,,,,
1024672,RB Leipzig,Nicolas Seiwald,DF / MF / Right Back / RB / Center Back / CB / Defensive Midfielder / DM / Central Midfielder / CM / Attacking Midfielder / AM,1863,7.2,19.5,0.0,1.1,0.93,1.1,11.0,3.0,2.0,1.32,932.0,88.5,45.0,52.9,10.0,2.0,2.0,50.0,7.0,77.8,76.0,59.8,25.0,58.1,1306.0,26.0,7.0,5.0,39.0,44.0,12.0,84.0,9.0,12.0,7.0,24.0,27.86,1.0,0.0,7.0,,,,1.0,50.0,,,,,,
747718,RB Leipzig,Christoph Baumgartner,MF / Defensive Midfielder / DM / Right Midfielder / RM / Central Midfielder / CM / Left Midfielder / LM / Right Winger / RW / Attacking Midfielder / AM / Left Winger / LW / Striker / ST,1714,7.29,13.7,8.0,8.22,7.13,7.43,49.0,21.0,6.0,2.72,482.0,73.8,25.0,40.3,27.0,4.0,1.0,33.3,9.0,47.4,101.0,45.5,34.0,47.9,972.0,94.0,23.0,23.0,35.0,12.0,36.0,70.0,7.0,19.0,4.0,21.0,25.48,6.0,0.0,3.0,,,,16.0,30.0,,,,,,
1735453,RB Leipzig,Yan Diomande,FW / Right Midfielder / RM / Central Midfielder / CM / Left Midfielder / LM / Right Winger / RW / Left Winger / LW / Striker / ST,1449,7.59,25.5,8.0,4.5,8.46,4.5,34.0,19.0,4.0,4.43,557.0,84.8,18.0,78.3,33.0,5.0,4.0,18.2,74.0,58.3,114.0,47.7,3.0,13.0,1084.0,112.0,34.0,18.0,19.0,12.0,9.0,85.0,10.0,10.0,3.0,21.0,24.35,2.0,0.0,1.0,,,,,8.0,,,,,,
1430151,RB Leipzig (on loan),Brajan Gruda,FW / MF / Right Midfielder / RM / Central Midfielder / CM / Right Winger / RW / Attacking Midfielder / AM / Striker / ST / Left Winger / LW,715,6.59,38.9,1.0,1.72,2.05,1.72,16.0,6.0,1.0,0.88,194.0,78.2,7.0,53.8,16.0,1.0,3.0,21.4,20.0,37.7,56.0,44.8,8.0,72.7,442.0,28.0,17.0,14.0,14.0,2.0,11.0,40.0,3.0,5.0,0.0,11.0,13.78,2.0,0.0,,,,,,2.0,,,,,,
1248482,RB Leipzig,Antonio Nusa,FW / Right Midfielder / RM / Left Midfielder / LM / Left Winger / LW / Striker / ST,1378,7.33,36.0,2.0,3.86,2.19,3.86,49.0,13.0,2.0,4.17,330.0,81.3,12.0,52.2,24.0,6.0,9.0,20.5,50.0,52.6,116.0,56.0,3.0,23.1,817.0,93.0,22.0,45.0,18.0,5.0,9.0,60.0,4.0,5.0,3.0,19.0,19.46,0.0,0.0,,,,,,6.0,,,,,,
1482294,RB Leipzig,Conrad Harder,FW / Right Winger / RW / Striker / ST,718,6.5,24.8,2.0,3.01,2.18,3.01,34.0,10.0,2.0,1.11,106.0,69.3,4.0,80.0,10.0,2.0,1.0,10.0,4.0,19.0,44.0,38.3,19.0,46.3,327.0,51.0,18.0,14.0,7.0,5.0,14.0,15.0,1.0,2.0,0.0,14.0,11.98,3.0,0.0,1.0,,,,8.0,5.0,,,,,,
1314412,RB Leipzig,Romulo Cruz,FW / Attacking Midfielder / AM / Striker / ST,1350,7.2,26.6,6.0,7.98,7.84,7.98,35.0,15.0,3.0,1.66,267.0,73.0,8.0,72.7,17.0,4.0,,,7.0,41.2,74.0,42.8,35.0,39.3,587.0,82.0,21.0,17.0,17.0,5.0,8.0,39.0,9.0,7.0,2.0,18.0,23.2,0.0,0.0,3.0,,,,10.0,22.0,,,,,,
1203194,RB Leipzig,Johan Bakayoko,FW / Right Midfielder / RM / Right Winger / RW / Attacking Midfielder / AM / Striker / ST,681,6.81,38.3,2.0,1.54,1.3,1.54,18.0,7.0,0.0,1.04,198.0,83.5,2.0,25.0,8.0,,2.0,15.4,14.0,50.0,30.0,42.3,1.0,12.5,360.0,36.0,8.0,10.0,5.0,1.0,9.0,24.0,3.0,4.0,1.0,9.0,10.92,1.0,0.0,,,1.0,,,3.0,,,,,,
157723,Wolfsburg,Christian Eriksen,MF / Defensive Midfielder / DM / Central Midfielder / CM / Right Winger / RW / Attacking Midfielder / AM / Left Winger / LW,1397,6.86,2.2,1.0,2.45,1.67,1.66,22.0,7.0,4.0,2.84,525.0,78.6,30.0,41.7,29.0,5.0,15.0,31.9,6.0,40.0,36.0,39.6,8.0,44.4,917.0,26.0,14.0,1.0,21.0,10.0,9.0,74.0,10.0,14.0,0.0,31.0,26.98,3.0,0.0,5.0,1.0,,,,22.0,,,,,,
1353000,Wolfsburg (on loan),Adam Daghim,FW / Right Winger / RW / Attacking Midfielder / AM / Striker / ST,864,6.63,10.9,2.0,1.3,1.15,1.3,17.0,5.0,2.0,2.01,176.0,65.4,3.0,15.0,11.0,4.0,2.0,15.4,6.0,22.2,52.0,43.0,13.0,54.2,487.0,48.0,12.0,16.0,17.0,8.0,14.0,28.0,3.0,14.0,1.0,22.0,20.4,1.0,0.0,2.0,,,,4.0,20.0,,,,,,
762721,Wolfsburg,Lovro Majer,FW / MF / Defensive Midfielder / DM / Central Midfielder / CM / Right Winger / RW / Attacking Midfielder / AM / Left Winger / LW,1130,6.84,25.1,2.0,2.19,1.87,2.19,20.0,5.0,3.0,1.66,363.0,83.3,14.0,60.9,19.0,2.0,5.0,31.2,10.0,47.6,56.0,41.5,8.0,30.8,633.0,29.0,15.0,17.0,21.0,8.0,24.0,60.0,12.0,12.0,0.0,26.0,19.8,3.0,0.0,1.0,,,,2.0,17.0,,,,,,
1611223,Wolfsburg,Kento Shiogai,FW / Attacking Midfielder / AM / Striker / ST,175,6.02,4.6,0.0,0.28,0.61,0.28,2.0,1.0,0.0,0.02,24.0,75.0,1.0,50.0,,,,,1.0,33.3,5.0,20.0,,,65.0,3.0,4.0,1.0,3.0,2.0,2.0,7.0,,10.0,0.0,1.0,3.71,1.0,0.0,,,,,,3.0,,,,,,
1134206,Wolfsburg,Mohamed Amoura,FW / Left Winger / LW / Striker / ST,1292,7.03,36.5,8.0,7.17,6.98,6.38,46.0,15.0,2.0,1.47,229.0,73.4,11.0,68.8,21.0,5.0,3.0,15.8,9.0,31.0,62.0,37.6,16.0,32.7,575.0,72.0,15.0,10.0,27.0,5.0,15.0,47.0,9.0,20.0,0.0,19.0,20.83,2.0,0.0,1.0,1.0,1.0,,4.0,11.0,,,,,,
647900,Wolfsburg,Mattias Svanberg,MF / Defensive Midfielder / DM / Central Midfielder / CM / Attacking Midfielder / AM / Left Winger / LW / Striker / ST,673,6.38,12.3,3.0,2.02,2.83,2.02,17.0,7.0,1.0,0.63,128.0,72.3,6.0,42.9,6.0,1.0,1.0,12.5,2.0,22.2,35.0,42.2,9.0,42.9,323.0,24.0,4.0,16.0,8.0,5.0,14.0,26.0,3.0,11.0,0.0,20.0,15.07,2.0,1.0,3.0,,,,5.0,18.0,,,,,,
1366602,Wolfsburg,Dzenan Pejcinovic,FW / Right Winger / RW / Left Winger / LW / Striker / ST,795,6.65,10.0,5.0,4.42,4.62,4.42,26.0,12.0,0.0,0.2,116.0,68.2,9.0,100.0,4.0,,,,3.0,27.3,50.0,43.5,33.0,42.9,292.0,36.0,6.0,6.0,8.0,,9.0,16.0,4.0,2.0,0.0,27.0,21.25,1.0,0.0,1.0,,,1.0,8.0,9.0,,,,,,
982633,Udinese,Jordan Zemura,DF / MF / Left Back / LB / Left Wing-Back / LWB / Central Midfielder / CM / Left Midfielder / LM / Right Winger / RW / Left Winger / LW,855,6.63,3.0,0.0,0.46,0.47,0.46,5.0,1.0,1.0,0.83,170.0,70.0,13.0,38.2,9.0,2.0,7.0,24.1,5.0,23.8,42.0,40.4,6.0,31.6,507.0,33.0,10.0,10.0,21.0,7.0,16.0,36.0,1.0,9.0,2.0,14.0,11.23,3.0,0.0,3.0,,1.0,,,25.0,,,,,,
934156,Udinese,Jurgen Ekkelenkamp,FW / MF / Defensive Midfielder / DM / Right Midfielder / RM / Central Midfielder / CM / Left Midfielder / LM / Attacking Midfielder / AM / Left Winger / LW,1466,6.88,7.3,3.0,3.14,1.88,3.14,22.0,11.0,1.0,1.46,333.0,77.4,5.0,22.7,21.0,3.0,4.0,16.7,9.0,56.2,63.0,52.5,11.0,37.9,665.0,36.0,13.0,12.0,31.0,10.0,14.0,62.0,5.0,5.0,1.0,24.0,20.65,1.0,0.0,4.0,,1.0,,1.0,22.0,,,,,,
1399969,Udinese,Lennon Miller,FW / MF / Defensive Midfielder / DM / Central Midfielder / CM / Attacking Midfielder / AM / Striker / ST,627,6.64,10.2,0.0,0.32,0.12,0.32,7.0,1.0,0.0,0.22,175.0,75.8,8.0,38.1,4.0,,3.0,15.0,7.0,63.6,38.0,54.3,10.0,66.7,358.0,7.0,7.0,7.0,14.0,6.0,12.0,23.0,3.0,5.0,0.0,8.0,9.39,2.0,0.0,2.0,,,,1.0,14.0,,,,,,
322003,Udinese,Jesper Karlström,FW / MF / Defensive Midfielder / DM / Central Midfielder / CM,2217,6.85,2.2,1.0,0.49,0.14,0.49,13.0,2.0,0.0,0.76,772.0,80.5,39.0,37.1,12.0,1.0,1.0,11.1,8.0,44.4,92.0,54.1,21.0,51.2,1247.0,18.0,11.0,23.0,43.0,21.0,24.0,100.0,9.0,13.0,5.0,38.0,33.26,4.0,0.0,8.0,,,,2.0,48.0,,,,,,
1428426,Udinese,Arthur Atta,FW / MF / Right Midfielder / RM / Central Midfielder / CM / Left Midfielder / LM / Right Winger / RW / Attacking Midfielder / AM,1609,7.06,16.6,2.0,2.38,2.72,2.38,37.0,13.0,3.0,1.64,458.0,80.4,22.0,46.8,26.0,4.0,12.0,30.0,45.0,54.9,101.0,46.8,17.0,53.1,986.0,54.0,41.0,24.0,17.0,11.0,13.0,65.0,13.0,11.0,3.0,26.0,21.45,3.0,0.0,1.0,,,,2.0,21.0,,,,,,
818893,Udinese (on loan),Nicolo Zaniolo,FW / Right Wing-Back / RWB / Right Winger / RW / Attacking Midfielder / AM / Striker / ST,90,6.53,12.2,,,,,,,,,,,,,,,,,,,,,,,,,,,,,,,,,,,,,,,,,,,,,,,,,
644738,Udinese,Vakoun Issouf Bayo,FW / Right Winger / RW / Striker / ST,420,6.13,2.4,0.0,1.28,0.67,1.28,12.0,1.0,1.0,0.1,79.0,75.2,2.0,40.0,2.0,1.0,,,1.0,20.0,30.0,36.6,22.0,42.3,175.0,18.0,6.0,5.0,2.0,,13.0,12.0,1.0,1.0,0.0,10.0,8.25,0.0,0.0,1.0,,,,5.0,2.0,,,,,,
1106916,Udinese,Oier Zarraga,MF / Central Midfielder / CM / Attacking Midfielder / AM / Left Winger / LW,248,6.22,1.6,0.0,0.13,,0.13,2.0,,0.0,0.15,73.0,89.0,2.0,40.0,1.0,,2.0,25.0,1.0,50.0,12.0,37.5,7.0,63.6,130.0,2.0,3.0,2.0,2.0,2.0,5.0,13.0,1.0,7.0,0.0,6.0,4.12,1.0,0.0,2.0,,,,,10.0,,,,,,
557396,Udinese,Adam Buksa,FW / Striker / ST,224,6.9,5.0,1.0,1.04,0.98,1.04,6.0,3.0,0.0,0.04,28.0,66.7,1.0,100.0,3.0,1.0,1.0,100.0,1.0,50.0,19.0,50.0,14.0,51.9,70.0,12.0,2.0,4.0,,,1.0,1.0,,2.0,1.0,5.0,4.33,0.0,0.0,1.0,,,,3.0,1.0,,,,,,
1450999,Udinese,Juan Arizala,MF / Left Back / LB / Right Wing-Back / RWB / Defensive Midfielder / DM / Left Wing-Back / LWB / Right Midfielder / RM / Left Midfielder / LM / Attacking Midfielder / AM / Left Winger / LW,90,6.5,350.0,,,,,,,,,,,,,,,,,,,,,,,,,,,,,,,,,,,,,,,,,,,,,,,,,
689987,Udinese,Jakub Piotrowski,MF / Defensive Midfielder / DM / Central Midfielder / CM / Attacking Midfielder / AM,1073,6.66,3.0,1.0,1.7,1.42,1.7,23.0,5.0,1.0,0.41,265.0,81.5,12.0,52.2,10.0,1.0,,,6.0,37.5,76.0,57.1,19.0,55.9,545.0,31.0,7.0,21.0,30.0,12.0,19.0,53.0,4.0,7.0,2.0,19.0,17.86,2.0,0.0,3.0,,,1.0,7.0,25.0,,,,,,
1532261,Udinese (on loan),Idrissa Gueye,FW / Central Midfielder / CM / Right Winger / RW / Striker / ST,130,6.02,8.0,0.0,0.1,,0.1,2.0,,0.0,0.0,8.0,50.0,,,,,,,,,6.0,35.3,2.0,25.0,37.0,4.0,1.0,2.0,2.0,,3.0,,,1.0,0.0,5.0,4.06,0.0,0.0,,,,,,5.0,,,,,,
1288119,Sassuolo,Ismael Kone,FW / MF / Defensive Midfielder / DM / Central Midfielder / CM / Attacking Midfielder / AM,1774,6.91,16.7,4.0,2.75,2.75,2.75,15.0,8.0,0.0,1.35,580.0,90.6,38.0,80.9,18.0,1.0,1.0,33.3,19.0,65.5,74.0,56.1,5.0,38.5,887.0,31.0,16.0,33.0,18.0,9.0,17.0,55.0,5.0,9.0,2.0,27.0,27.03,2.0,1.0,3.0,,,,,22.0,,,,,,
1369279,Sassuolo,Luca Lipani,FW / MF / Defensive Midfielder / DM / Central Midfielder / CM,574,6.39,6.1,0.0,0.62,0.33,0.62,9.0,2.0,0.0,0.21,208.0,81.6,7.0,35.0,5.0,,,,2.0,33.3,30.0,38.5,6.0,50.0,350.0,8.0,8.0,4.0,18.0,6.0,20.0,31.0,2.0,11.0,0.0,9.0,7.95,0.0,0.0,1.0,,,,1.0,13.0,,,,,,
921921,Sassuolo,Kristian Thorstvedt,FW / MF / Central Midfielder / CM / Attacking Midfielder / AM,1379,6.95,9.5,2.0,3.24,4.22,3.24,24.0,8.0,2.0,1.19,454.0,80.4,7.0,28.0,23.0,3.0,5.0,45.5,8.0,40.0,79.0,50.6,14.0,31.1,834.0,46.0,11.0,33.0,24.0,18.0,21.0,54.0,6.0,3.0,2.0,22.0,18.85,6.0,0.0,5.0,,,,7.0,24.0,,,,,,
364520,Sassuolo,Domenico Berardi,FW / Right Winger / RW,1156,7.26,5.9,5.0,4.0,4.06,2.42,26.0,12.0,3.0,1.85,304.0,77.9,24.0,55.8,19.0,3.0,8.0,24.2,6.0,31.6,52.0,43.7,8.0,44.4,620.0,38.0,11.0,22.0,17.0,13.0,23.0,45.0,6.0,10.0,2.0,19.0,17.39,2.0,0.0,,2.0,,,1.0,16.0,,,,,,
750030,Sassuolo,Andrea Pinamonti,FW / Striker / ST,1896,6.59,14.6,5.0,5.91,8.82,5.12,53.0,21.0,3.0,0.88,241.0,70.9,7.0,70.0,16.0,4.0,1.0,12.5,3.0,25.0,80.0,40.0,48.0,36.9,564.0,92.0,20.0,23.0,8.0,,8.0,33.0,8.0,3.0,1.0,31.0,29.49,1.0,0.0,1.0,,1.0,,17.0,13.0,,,,,,
935769,Sassuolo,Armand Laurienté,FW / Left Winger / LW,1604,6.79,14.2,4.0,2.35,3.34,2.35,46.0,17.0,3.0,2.66,366.0,84.9,11.0,61.1,33.0,8.0,15.0,21.7,16.0,30.2,63.0,35.8,7.0,31.8,804.0,71.0,32.0,25.0,15.0,4.0,25.0,46.0,9.0,7.0,0.0,27.0,24.54,2.0,0.0,,,,,,10.0,,,,,,
613334,Sassuolo (on loan),M'Bala Nzola,FW / Striker / ST / Left Winger / LW,1093,6.49,3.4,3.0,5.6,3.07,3.24,29.0,7.0,0.0,0.47,154.0,78.2,6.0,85.7,15.0,,1.0,14.3,15.0,51.7,74.0,46.8,36.0,56.2,398.0,63.0,23.0,18.0,5.0,1.0,19.0,46.0,8.0,3.0,3.0,16.0,17.53,1.0,1.0,1.0,2.0,,,9.0,7.0,,,,,,
1159233,Sassuolo (on loan),Alieu Fadera,FW / Left Wing-Back / LWB / Left Midfielder / LM / Right Winger / RW / Left Winger / LW,904,6.49,5.2,2.0,2.1,2.72,2.1,13.0,4.0,1.0,1.17,188.0,79.3,9.0,69.2,7.0,1.0,6.0,25.0,9.0,29.0,81.0,45.8,8.0,38.1,491.0,46.0,18.0,35.0,30.0,7.0,31.0,49.0,5.0,12.0,0.0,11.0,14.56,4.0,0.0,,,2.0,1.0,1.0,5.0,,,,,,
1308909,Sassuolo,Cristian Volpato,FW / Defensive Midfielder / DM / Central Midfielder / CM / Right Winger / RW / Attacking Midfielder / AM,655,6.84,10.6,1.0,0.59,0.1,0.59,10.0,3.0,4.0,1.16,180.0,80.7,14.0,60.9,13.0,5.0,11.0,30.6,15.0,42.9,31.0,34.8,4.0,36.4,385.0,16.0,15.0,5.0,7.0,3.0,11.0,33.0,,5.0,0.0,9.0,10.27,2.0,0.0,1.0,,,,,6.0,,,,,,
850295,Cremonese (on loan),Alessio Zerbin,FW / MF / Right Midfielder / RM / Central Midfielder / CM / Right Winger / RW,1084,6.52,2.1,0.0,1.49,0.95,1.49,17.0,7.0,2.0,1.69,226.0,71.7,10.0,27.8,11.0,4.0,8.0,25.0,6.0,31.6,54.0,39.4,6.0,21.4,566.0,30.0,9.0,13.0,30.0,3.0,18.0,42.0,1.0,21.0,0.0,17.0,19.69,1.0,0.0,3.0,,,,1.0,20.0,,,,,,
439148,Cremonese,Morten Thorsby,FW / MF / Defensive Midfielder / DM / Central Midfielder / CM / Left Midfielder / LM / Right Winger / RW / Attacking Midfielder / AM / Left Winger / LW,912,6.87,1.9,3.0,2.06,2.93,2.06,17.0,7.0,1.0,0.37,177.0,65.6,4.0,40.0,9.0,3.0,2.0,50.0,3.0,100.0,93.0,55.0,71.0,60.7,424.0,31.0,7.0,8.0,12.0,3.0,17.0,33.0,5.0,7.0,1.0,15.0,14.52,2.0,0.0,6.0,,,,11.0,22.0,,,,,,
874621,Cremonese (on loan),Martin Payero,FW / MF / Defensive Midfielder / DM / Central Midfielder / CM / Left Midfielder / LM / Attacking Midfielder / AM,1146,6.54,4.7,1.0,1.48,1.15,1.48,19.0,5.0,0.0,0.54,270.0,75.4,11.0,35.5,8.0,1.0,5.0,21.7,19.0,46.3,75.0,43.4,16.0,36.4,623.0,16.0,15.0,26.0,16.0,8.0,31.0,52.0,4.0,7.0,1.0,12.0,18.31,6.0,0.0,3.0,,,,4.0,15.0,,,,,,
789243,Cremonese (on loan),Youssef Maleh,FW / MF / Defensive Midfielder / DM / Central Midfielder / CM / Attacking Midfielder / AM,734,6.57,1.3,0.0,0.71,0.45,0.71,13.0,2.0,0.0,0.36,189.0,76.2,14.0,48.3,7.0,,5.0,27.8,5.0,50.0,37.0,48.7,5.0,41.7,403.0,8.0,6.0,8.0,19.0,9.0,15.0,42.0,5.0,6.0,1.0,13.0,14.41,2.0,0.0,1.0,,,,1.0,23.0,,,,,,
670928,Cremonese,Giuseppe Pezzella,FW / MF / Left Wing-Back / LWB / Left Midfielder / LM / Left Winger / LW,1574,6.69,1.9,0.0,0.11,,0.11,3.0,,1.0,1.52,286.0,71.3,10.0,23.3,18.0,,23.0,32.9,7.0,41.2,70.0,47.6,18.0,48.6,766.0,9.0,6.0,18.0,27.0,7.0,27.0,48.0,3.0,15.0,3.0,27.0,29.89,7.0,0.0,10.0,,,,,63.0,,,,,,
108381,Cremonese,Milan Djuric,FW / Striker / ST,211,6.5,732.3,0.0,0.58,0.88,0.58,10.0,3.0,0.0,0.17,35.0,45.5,3.0,60.0,2.0,,,,1.0,50.0,41.0,77.4,36.0,80.0,111.0,26.0,0.0,3.0,1.0,,2.0,4.0,1.0,,0.0,2.0,3.7,1.0,0.0,,,,,9.0,5.0,,,,,,
286119,Cremonese,Jamie Vardy,FW / Striker / ST,1667,6.51,1.1,5.0,3.82,3.1,3.82,20.0,10.0,1.0,0.71,146.0,61.1,,,13.0,3.0,2.0,20.0,4.0,44.4,71.0,40.3,41.0,39.8,406.0,56.0,20.0,16.0,10.0,3.0,16.0,27.0,6.0,3.0,4.0,23.0,27.4,4.0,0.0,3.0,,,,1.0,20.0,,,,,,
543306,Cremonese,Federico Bonazzoli,FW / Attacking Midfielder / AM / Right Winger / RW / Striker / ST,1411,6.72,1.3,5.0,5.03,5.67,4.24,42.0,15.0,1.0,0.92,360.0,81.8,18.0,62.1,9.0,3.0,1.0,14.3,5.0,26.3,62.0,49.2,4.0,30.8,655.0,39.0,23.0,38.0,15.0,5.0,12.0,51.0,7.0,7.0,0.0,21.0,23.37,3.0,0.0,,1.0,,,3.0,7.0,,,,,,
474448,Cremonese,Antonio Sanabria,FW / Attacking Midfielder / AM / Striker / ST,614,6.27,2.2,1.0,2.73,1.91,2.73,9.0,4.0,1.0,0.19,96.0,80.0,1.0,100.0,6.0,3.0,,,7.0,87.5,46.0,47.9,23.0,46.0,212.0,16.0,8.0,14.0,2.0,1.0,11.0,9.0,,3.0,0.0,10.0,12.58,2.0,0.0,,,,,6.0,13.0,,,,,,
1072056,Cremonese,Tommaso Barbieri,MF / Center Back / CB / Right Wing-Back / RWB / Right Midfielder / RM / Right Winger / RW,1271,6.64,4.3,0.0,0.6,0.12,0.6,10.0,1.0,1.0,0.58,270.0,73.4,25.0,43.1,8.0,1.0,5.0,9.4,12.0,48.0,79.0,50.0,14.0,43.8,718.0,19.0,9.0,18.0,36.0,11.0,27.0,43.0,1.0,13.0,2.0,16.0,19.95,5.0,0.0,7.0,,,,,27.0,,,,,,
1307957,Cremonese (on loan),Romano Floriani Mussolini,MF / Center Back / CB / Right Wing-Back / RWB / Right Midfielder / RM / Left Midfielder / LM / Right Winger / RW,774,6.28,2.0,0.0,0.38,,0.38,4.0,,0.0,0.6,156.0,73.9,4.0,28.6,7.0,4.0,3.0,14.3,3.0,23.1,41.0,44.1,18.0,56.2,382.0,18.0,8.0,4.0,18.0,4.0,14.0,26.0,,6.0,1.0,12.0,14.7,2.0,0.0,3.0,,1.0,,,32.0,,,,,,
1214915,Genoa,Brooke Norton-Cuffy,MF / Right Back / RB / Center Back / CB / Right Wing-Back / RWB / Right Midfielder / RM / Right Winger / RW,1996,6.77,14.3,1.0,1.31,1.42,1.31,11.0,4.0,1.0,1.69,527.0,81.0,26.0,49.1,18.0,2.0,17.0,23.6,29.0,58.0,92.0,47.9,13.0,32.5,1189.0,27.0,23.0,11.0,39.0,10.0,22.0,85.0,8.0,7.0,2.0,36.0,29.17,3.0,1.0,6.0,,,,2.0,38.0,,,,,,
459658,Genoa,Ruslan Malinovsky,MF / Defensive Midfielder / DM / Central Midfielder / CM / Attacking Midfielder / AM,1666,6.91,1.8,5.0,3.37,3.17,1.0,37.0,12.0,3.0,2.31,693.0,81.7,58.0,61.1,24.0,7.0,11.0,31.4,10.0,55.6,86.0,44.3,28.0,45.9,1131.0,9.0,26.0,24.0,24.0,10.0,29.0,98.0,13.0,15.0,1.0,25.0,23.53,8.0,0.0,3.0,3.0,,,,14.0,,,,,,
942193,Genoa,Mikael Egill Ellertsson,MF / Left Back / LB / Left Wing-Back / LWB / Right Midfielder / RM / Central Midfielder / CM / Left Midfielder / LM / Right Winger / RW / Attacking Midfielder / AM / Left Winger / LW,1745,6.54,6.3,1.0,1.71,0.91,1.71,15.0,5.0,1.0,1.53,293.0,77.3,8.0,32.0,12.0,5.0,6.0,26.1,7.0,31.8,65.0,46.4,10.0,32.3,686.0,30.0,12.0,24.0,26.0,11.0,18.0,52.0,6.0,9.0,3.0,31.0,26.95,1.0,0.0,4.0,,1.0,,,23.0,,,,,,
1003368,Genoa,Junior Messias,FW / MF / Right Winger / RW / Attacking Midfielder / AM / Left Winger / LW,279,6.73,857.6,1.0,0.4,0.52,0.4,9.0,3.0,0.0,0.16,92.0,82.1,11.0,84.6,1.0,,1.0,12.5,15.0,55.6,36.0,55.4,6.0,42.9,224.0,12.0,3.0,9.0,6.0,1.0,5.0,17.0,3.0,1.0,0.0,2.0,4.41,0.0,0.0,,,,,3.0,7.0,,,,,,
1215057,Genoa,Vitinha,FW / Central Midfielder / CM / Right Winger / RW / Attacking Midfielder / AM / Left Winger / LW / Striker / ST,1532,6.78,9.4,3.0,3.64,4.84,3.64,44.0,14.0,1.0,1.74,172.0,64.9,8.0,34.8,13.0,4.0,11.0,21.2,30.0,34.9,149.0,45.7,49.0,47.1,718.0,64.0,27.0,48.0,22.0,11.0,27.0,66.0,10.0,14.0,0.0,25.0,19.53,3.0,0.0,4.0,,1.0,,10.0,23.0,,,,,,
1050163,Genoa (on loan),Lorenzo Colombo,FW / Striker / ST,1535,6.5,6.6,6.0,6.44,8.49,5.65,46.0,20.0,1.0,0.6,229.0,70.2,4.0,30.8,11.0,,,,14.0,38.9,96.0,35.6,40.0,33.3,649.0,79.0,39.0,32.0,13.0,1.0,31.0,35.0,8.0,8.0,0.0,24.0,19.62,1.0,0.0,1.0,,1.0,1.0,6.0,17.0,,,,,,
424614,Genoa,Caleb Ekuban,FW / Striker / ST,588,6.35,808.8,2.0,1.57,2.11,1.57,18.0,5.0,1.0,0.75,69.0,71.1,2.0,40.0,9.0,1.0,1.0,20.0,7.0,41.2,45.0,49.5,17.0,54.8,223.0,28.0,14.0,20.0,1.0,3.0,9.0,29.0,7.0,2.0,0.0,11.0,11.3,0.0,0.0,,,,,8.0,3.0,,,,,,
1200591,Genoa (on loan),Tommaso Baldanzi,MF / Attacking Midfielder / AM / Right Winger / RW / Striker / ST,401,6.43,12.7,1.0,1.52,1.39,1.52,11.0,4.0,0.0,1.14,132.0,86.8,2.0,50.0,7.0,1.0,4.0,36.4,,,24.0,48.0,1.0,12.5,239.0,19.0,7.0,18.0,5.0,3.0,8.0,16.0,4.0,1.0,0.0,3.0,5.3,2.0,0.0,,,,,,1.0,,,,,,
1669628,Genoa,Jeff Ekhator,FW / Right Winger / RW / Left Winger / LW / Striker / ST,513,6.19,11.8,2.0,1.89,1.68,1.89,13.0,3.0,0.0,0.1,52.0,55.3,1.0,33.3,3.0,,,,4.0,33.3,37.0,37.8,13.0,34.2,199.0,32.0,11.0,14.0,6.0,1.0,13.0,12.0,4.0,4.0,0.0,8.0,6.81,3.0,0.0,,,1.0,,3.0,3.0,,,,,,
1469120,Genoa,Amorim,MF / Defensive Midfielder / DM / Right Midfielder / RM / Central Midfielder / CM / Attacking Midfielder / AM / Left Winger / LW,1630,7.08,80.0,2.0,0.7,1.18,0.7,17.0,6.0,0.0,1.63,565.0,83.2,33.0,52.4,14.0,4.0,3.0,20.0,17.0,65.4,106.0,54.6,6.0,46.2,943.0,11.0,21.0,36.0,47.0,13.0,25.0,99.0,5.0,28.0,5.0,31.0,26.15,3.0,0.0,4.0,,1.0,,,16.0,,,,,,
935380,Parma,Enrico Del Prato,DF / Right Back / RB / Center Back / CB / Right Midfielder / RM / Left Midfielder / LM / Right Winger / RW,2044,6.73,7.2,1.0,1.81,1.48,1.81,14.0,7.0,0.0,0.58,737.0,86.9,38.0,38.0,4.0,1.0,1.0,11.1,3.0,50.0,68.0,54.4,27.0,49.1,1209.0,24.0,2.0,10.0,28.0,21.0,15.0,57.0,1.0,10.0,6.0,30.0,34.62,4.0,0.0,13.0,,,,10.0,82.0,,,,,,
1693531,Parma,Sascha Britschgi,FW / MF / Right Back / RB / Left Back / LB / Right Wing-Back / RWB / Right Midfielder / RM / Left Midfielder / LM,251,6.51,6.7,0.0,0.38,,0.38,3.0,,0.0,0.15,59.0,67.0,5.0,45.5,2.0,,2.0,22.2,,,13.0,48.1,9.0,75.0,164.0,5.0,3.0,1.0,3.0,3.0,5.0,12.0,1.0,2.0,0.0,5.0,4.11,0.0,0.0,1.0,,,,1.0,8.0,,,,,,
951714,Parma,Adrián Bernabé,FW / MF / Defensive Midfielder / DM / Right Midfielder / RM / Central Midfielder / CM / Attacking Midfielder / AM,1979,7.03,14.8,3.0,2.05,2.41,2.05,42.0,10.0,1.0,2.79,837.0,84.5,59.0,67.8,46.0,6.0,17.0,22.7,11.0,35.5,87.0,50.6,3.0,20.0,1348.0,22.0,16.0,46.0,27.0,11.0,12.0,85.0,10.0,25.0,0.0,29.0,31.75,0.0,0.0,5.0,,,,1.0,17.0,,,,,,
1239749,Parma,Mandela Keita,FW / MF / Defensive Midfielder / DM / Central Midfielder / CM,1975,7.08,14.7,0.0,0.3,0.12,0.3,11.0,1.0,1.0,0.26,678.0,88.3,31.0,68.9,10.0,,,,23.0,60.5,137.0,64.0,15.0,62.5,1091.0,4.0,20.0,43.0,56.0,27.0,21.0,115.0,9.0,16.0,7.0,24.0,32.42,1.0,0.0,10.0,,,,,17.0,,,,,,
1097009,Parma,Oliver Sørensen,FW / MF / Defensive Midfielder / DM / Central Midfielder / CM / Left Midfielder / LM / Attacking Midfielder / AM,176,6.48,9.8,0.0,0.18,0.21,0.18,3.0,1.0,0.0,0.19,71.0,84.5,1.0,20.0,2.0,1.0,1.0,50.0,,,8.0,42.1,2.0,40.0,116.0,5.0,3.0,,6.0,,1.0,8.0,1.0,3.0,0.0,2.0,3.81,0.0,0.0,,,,1.0,,2.0,,,,,,
867789,Parma,Emanuele Valeri,DF / FW / Left Back / LB / Left Wing-Back / LWB / Left Midfielder / LM / Left Winger / LW,1604,6.75,4.0,0.0,0.4,0.21,0.4,15.0,3.0,1.0,2.56,358.0,72.5,31.0,47.7,31.0,3.0,36.0,21.8,10.0,40.0,66.0,46.2,8.0,36.4,1044.0,19.0,18.0,17.0,31.0,16.0,11.0,68.0,6.0,19.0,5.0,20.0,26.25,2.0,0.0,2.0,,,,,24.0,,,,,,
1224237,Parma,Mateo Pellegrino,FW / Striker / ST,2060,6.65,10.6,7.0,6.54,4.16,5.75,54.0,18.0,1.0,0.78,208.0,61.0,9.0,50.0,16.0,4.0,,,17.0,56.7,159.0,42.1,86.0,46.5,723.0,90.0,55.0,45.0,12.0,3.0,55.0,56.0,23.0,8.0,3.0,26.0,32.51,3.0,0.0,5.0,1.0,,,20.0,25.0,,,,,,
836436,Parma (on loan),Gabriel Strefezza,FW / Right Midfielder / RM / Left Midfielder / LM / Right Winger / RW / Attacking Midfielder / AM / Left Winger / LW,635,7.12,5.9,1.0,1.92,1.22,1.92,28.0,7.0,1.0,2.05,249.0,85.6,12.0,60.0,19.0,3.0,19.0,26.8,11.0,52.4,43.0,46.7,5.0,23.8,517.0,54.0,8.0,17.0,10.0,4.0,12.0,39.0,10.0,4.0,2.0,3.0,3.49,1.0,0.0,1.0,,,,1.0,2.0,,,,,,
1109476,Parma,Jacob Ondrejka,FW / Central Midfielder / CM / Attacking Midfielder / AM / Right Winger / RW / Striker / ST / Left Winger / LW,653,6.44,10.2,0.0,1.11,0.47,1.11,19.0,6.0,0.0,0.42,136.0,79.1,3.0,75.0,5.0,,4.0,30.8,10.0,37.0,27.0,39.7,1.0,14.3,294.0,26.0,12.0,11.0,5.0,3.0,4.0,20.0,3.0,2.0,0.0,11.0,14.69,1.0,0.0,,,,,1.0,2.0,,,,,,
1110045,Parma (on loan),Gaetano Oristanio,FW / Attacking Midfielder / AM / Right Winger / RW / Striker / ST / Left Winger / LW,728,6.44,7.9,0.0,1.82,0.32,1.82,22.0,3.0,0.0,0.81,102.0,80.3,8.0,88.9,10.0,,4.0,26.7,13.0,54.2,44.0,46.8,7.0,50.0,308.0,34.0,20.0,17.0,8.0,1.0,9.0,23.0,4.0,6.0,0.0,10.0,11.03,1.0,0.0,,,,,2.0,6.0,,,,,,
1393542,Parma,Christian Ordonez,MF / Defensive Midfielder / DM / Central Midfielder / CM / Left Midfielder / LM / Attacking Midfielder / AM / Left Winger / LW,532,6.03,9.1,1.0,0.32,0.33,0.32,4.0,2.0,0.0,0.12,92.0,80.7,1.0,20.0,1.0,,,,2.0,40.0,15.0,27.3,5.0,31.2,202.0,3.0,7.0,3.0,5.0,3.0,9.0,19.0,1.0,10.0,1.0,6.0,10.82,2.0,1.0,3.0,,,,,7.0,,,,,,
1231029,Hellas Verona,Rafik Belghali,DF / FW / Right Back / RB / Center Back / CB / Right Wing-Back / RWB / Left Wing-Back / LWB / Right Midfielder / RM / Attacking Midfielder / AM,289,7.25,5.2,0.0,0.02,,0.02,1.0,,0.0,0.05,116.0,85.3,8.0,57.1,2.0,,,,4.0,80.0,11.0,52.4,1.0,25.0,188.0,,1.0,1.0,5.0,4.0,2.0,12.0,,3.0,0.0,2.0,5.52,1.0,0.0,,,,,,5.0,,,,,,
1011022,Hellas Verona,Cheikh Niasse,FW / MF / Defensive Midfielder / DM / Right Midfielder / RM / Central Midfielder / CM,892,6.53,1.7,0.0,0.16,0.04,0.16,5.0,1.0,1.0,0.73,249.0,80.6,7.0,36.8,8.0,,5.0,50.0,4.0,66.7,57.0,47.9,19.0,36.5,469.0,7.0,4.0,14.0,20.0,11.0,18.0,37.0,2.0,9.0,0.0,18.0,13.41,1.0,0.0,5.0,,,,,18.0,,,,,,
649945,Hellas Verona (on loan),Moatasem Al Musrati,FW / MF / Defensive Midfielder / DM / Central Midfielder / CM,693,6.56,6.4,0.0,0.19,0.05,0.19,4.0,1.0,1.0,0.41,284.0,81.6,20.0,47.6,5.0,,1.0,50.0,,,25.0,36.8,12.0,44.4,436.0,,5.0,2.0,11.0,5.0,12.0,43.0,1.0,10.0,1.0,15.0,14.09,3.0,0.0,7.0,,,,1.0,22.0,,,,,,
909030,Hellas Verona,Abdou Harroui,FW / MF / Central Midfielder / CM,353,6.49,1.3,1.0,1.03,1.23,0.24,6.0,2.0,0.0,0.31,123.0,78.3,1.0,9.1,7.0,,3.0,27.3,5.0,41.7,18.0,37.5,1.0,14.3,251.0,6.0,7.0,1.0,11.0,,8.0,21.0,7.0,2.0,0.0,10.0,4.92,0.0,0.0,1.0,1.0,,,,5.0,,,,,,
921594,Hellas Verona,Domagoj Bradaric,FW / MF / Left Back / LB / Left Wing-Back / LWB / Right Midfielder / RM / Left Midfielder / LM / Left Winger / LW,1542,6.57,3.4,0.0,0.49,0.89,0.49,8.0,5.0,0.0,1.93,322.0,75.9,12.0,27.9,17.0,4.0,15.0,22.7,4.0,26.7,41.0,50.6,6.0,27.3,739.0,15.0,1.0,7.0,24.0,6.0,7.0,61.0,5.0,6.0,2.0,29.0,21.42,2.0,0.0,2.0,,,,2.0,33.0,,,,,,
982617,Hellas Verona,Kieron Bowie,FW / Striker / ST / Left Winger / LW,1609,6.92,1.5,8.0,5.9,7.12,5.9,47.0,21.0,3.0,2.34,203.0,65.9,15.0,62.5,20.0,3.0,3.0,25.0,10.0,30.3,105.0,34.7,38.0,27.9,634.0,101.0,25.0,37.0,20.0,1.0,49.0,60.0,14.0,6.0,1.0,22.0,22.32,2.0,0.0,,,,,8.0,24.0,,,,,,
1368557,Hellas Verona (on loan),Gift Orban,FW / Striker / ST,1585,6.66,12.7,7.0,9.05,7.98,7.47,64.0,23.0,1.0,0.82,195.0,71.2,9.0,42.9,14.0,1.0,3.0,30.0,14.0,51.9,60.0,36.4,25.0,33.3,526.0,65.0,23.0,20.0,3.0,4.0,18.0,44.0,5.0,7.0,1.0,28.0,19.02,4.0,1.0,,2.0,,,4.0,8.0,,,,,,
1156568,Hellas Verona,Amin Sarr,FW / Striker / ST / Left Winger / LW,826,6.16,4.7,0.0,0.95,0.61,0.95,12.0,3.0,1.0,0.62,153.0,73.2,1.0,50.0,10.0,1.0,1.0,16.7,10.0,45.5,70.0,39.3,31.0,35.6,379.0,23.0,17.0,16.0,13.0,3.0,21.0,29.0,5.0,3.0,0.0,26.0,15.18,0.0,1.0,,,,,2.0,9.0,,,,,,
667790,Hellas Verona,Suat Serdar,MF / Defensive Midfielder / DM / Central Midfielder / CM / Attacking Midfielder / AM,1109,6.61,2.5,2.0,2.15,1.49,2.15,19.0,7.0,0.0,0.83,284.0,71.9,25.0,44.6,13.0,2.0,1.0,14.3,9.0,52.9,60.0,49.2,8.0,36.4,578.0,24.0,13.0,12.0,31.0,9.0,19.0,54.0,6.0,9.0,1.0,24.0,15.85,3.0,0.0,5.0,,,1.0,1.0,16.0,,,,,,
935622,Torino,Marcus Holmgren Pedersen,FW / MF / Right Back / RB / Right Wing-Back / RWB / Right Midfielder / RM / Right Winger / RW,1518,6.43,2.6,0.0,0.83,0.14,0.83,10.0,2.0,0.0,1.62,317.0,76.2,15.0,32.6,10.0,2.0,14.0,18.9,9.0,52.9,35.0,34.0,5.0,22.7,765.0,29.0,10.0,4.0,17.0,7.0,22.0,45.0,4.0,12.0,7.0,25.0,21.74,3.0,0.0,1.0,,,,1.0,18.0,,,,,,
557677,Torino,Nikola Vlasic,FW / MF / Central Midfielder / CM / Attacking Midfielder / AM / Striker / ST / Left Winger / LW,1898,7.06,8.1,6.0,4.33,5.5,1.97,29.0,10.0,3.0,1.85,562.0,82.9,25.0,58.1,30.0,2.0,8.0,26.7,18.0,50.0,103.0,46.0,13.0,32.5,1020.0,52.0,31.0,31.0,41.0,13.0,31.0,114.0,11.0,20.0,5.0,38.0,30.57,6.0,0.0,3.0,3.0,,,3.0,17.0,,,,,,
1396089,Torino (on loan),Matteo Prati,FW / MF / Center Back / CB / Defensive Midfielder / DM / Central Midfielder / CM,1353,6.55,9.3,1.0,1.08,0.92,1.08,21.0,1.0,0.0,0.54,468.0,79.9,41.0,45.6,8.0,4.0,5.0,38.5,2.0,50.0,38.0,46.3,8.0,42.1,764.0,9.0,1.0,3.0,25.0,15.0,19.0,44.0,3.0,11.0,1.0,21.0,20.42,5.0,0.0,7.0,,,,2.0,47.0,,,,,,
1421505,Torino,Gvidas Gineitis,FW / MF / Defensive Midfielder / DM / Right Midfielder / RM / Central Midfielder / CM / Right Winger / RW / Attacking Midfielder / AM / Left Winger / LW,834,6.54,8.1,0.0,0.19,0.05,0.19,7.0,1.0,1.0,1.54,183.0,72.6,7.0,25.9,17.0,4.0,17.0,41.5,7.0,63.6,63.0,53.8,16.0,61.5,458.0,17.0,8.0,17.0,24.0,10.0,26.0,29.0,3.0,7.0,0.0,17.0,12.57,2.0,0.0,4.0,,,,,9.0,,,,,,
846761,Torino,Zakaria Aboukhlal,FW / MF / Left Wing-Back / LWB / Left Midfielder / LM / Attacking Midfielder / AM / Left Winger / LW,513,6.31,13.5,0.0,0.34,0.81,0.34,7.0,2.0,0.0,0.38,123.0,74.1,6.0,37.5,3.0,1.0,2.0,11.1,6.0,35.3,43.0,46.7,4.0,30.8,319.0,20.0,6.0,11.0,22.0,1.0,12.0,24.0,2.0,11.0,0.0,11.0,8.86,4.0,0.0,1.0,,,,1.0,8.0,,,,,,
599353,Torino,Che Adams,FW / Attacking Midfielder / AM / Striker / ST,1451,6.69,10.0,4.0,4.23,5.33,4.23,43.0,13.0,1.0,1.35,311.0,76.2,29.0,76.3,22.0,5.0,1.0,10.0,12.0,48.0,56.0,39.7,22.0,34.4,614.0,71.0,16.0,11.0,11.0,1.0,12.0,43.0,7.0,4.0,0.0,25.0,22.83,0.0,0.0,,,,,5.0,9.0,,,,,,
469615,Torino (on loan),Giovanni Simeone,FW / Striker / ST,1209,6.63,4.2,5.0,5.02,6.04,5.02,43.0,18.0,0.0,0.58,175.0,72.0,5.0,45.5,9.0,2.0,,,15.0,51.7,69.0,38.1,19.0,27.5,480.0,67.0,30.0,26.0,9.0,,17.0,39.0,9.0,4.0,0.0,20.0,16.16,0.0,0.0,,,1.0,,8.0,11.0,,,,,,
321140,Torino,Valentino Lazaro,MF / Right Back / RB / Left Back / LB / Left Wing-Back / LWB / Right Wing-Back / RWB / Right Midfielder / RM / Left Midfielder / LM / Right Winger / RW / Left Winger / LW,1779,6.73,2.3,0.0,0.35,0.22,0.35,5.0,2.0,2.0,2.61,521.0,78.9,30.0,39.0,22.0,3.0,27.0,26.5,9.0,42.9,69.0,46.0,14.0,45.2,1119.0,15.0,3.0,9.0,37.0,18.0,29.0,82.0,10.0,20.0,6.0,39.0,28.17,3.0,0.0,8.0,,,,,40.0,,,,,,
116555,Torino,Duvan Zapata,FW / Striker / ST,687,6.38,2.4,1.0,2.6,2.86,1.81,21.0,10.0,1.0,0.22,109.0,70.8,6.0,66.7,6.0,2.0,,,4.0,36.4,47.0,48.5,26.0,51.0,280.0,38.0,11.0,17.0,2.0,,8.0,17.0,5.0,2.0,0.0,13.0,10.49,0.0,0.0,1.0,,,,7.0,10.0,,,,,,
1339372,Torino,Cesare Casadei,MF / Defensive Midfielder / DM / Central Midfielder / CM / Attacking Midfielder / AM / Striker / ST,1571,6.81,18.3,3.0,2.84,3.87,2.84,28.0,13.0,0.0,1.26,455.0,75.8,15.0,50.0,14.0,3.0,,,11.0,61.1,132.0,54.5,82.0,68.3,858.0,53.0,15.0,13.0,26.0,9.0,41.0,66.0,6.0,13.0,4.0,31.0,26.19,5.0,0.0,2.0,,,1.0,13.0,26.0,,,,,,
1607014,Torino,Alieu Njie,MF / Right Midfielder / RM / Attacking Midfielder / AM / Right Winger / RW / Striker / ST,92,5.63,4.1,1.0,0.21,0.76,0.21,3.0,2.0,1.0,0.01,11.0,64.7,,,1.0,,,,2.0,40.0,5.0,29.4,2.0,33.3,41.0,3.0,0.0,1.0,,,4.0,5.0,1.0,1.0,0.0,2.0,1.51,1.0,0.0,,,,,,,,,,,,
958421,Bologna (on loan),Joao Mario,DF / MF / Right Back / RB / Right Wing-Back / RWB / Left Wing-Back / LWB / Right Midfielder / RM / Right Winger / RW,375,6.5,10.2,0.0,0.18,,0.18,4.0,,0.0,0.32,136.0,76.8,6.0,46.2,3.0,1.0,4.0,50.0,9.0,56.2,27.0,61.4,2.0,50.0,280.0,16.0,0.0,12.0,4.0,4.0,6.0,18.0,,3.0,0.0,3.0,3.02,1.0,0.0,2.0,,,1.0,1.0,3.0,,,,,,
201704,Bologna,Remo Freuler,MF / Defensive Midfielder / DM / Central Midfielder / CM / Right Winger / RW,1365,6.68,2.8,0.0,0.13,,0.13,5.0,,1.0,0.73,692.0,86.3,39.0,53.4,11.0,,1.0,10.0,2.0,33.3,61.0,54.0,6.0,27.3,985.0,12.0,6.0,14.0,39.0,8.0,13.0,63.0,6.0,13.0,2.0,20.0,16.02,4.0,0.0,3.0,,,,,19.0,,,,,,
414245,Bologna,Federico Bernardeschi,FW / Right Midfielder / RM / Central Midfielder / CM / Right Winger / RW / Attacking Midfielder / AM / Left Winger / LW / Striker / ST,624,6.68,2.2,1.0,1.08,1.93,1.08,19.0,7.0,1.0,1.33,231.0,84.9,30.0,78.9,20.0,3.0,13.0,40.6,14.0,53.8,34.0,47.9,5.0,41.7,428.0,36.0,10.0,9.0,6.0,3.0,10.0,30.0,5.0,1.0,0.0,4.0,5.63,2.0,0.0,1.0,,,1.0,,4.0,,,,,,
975242,Bologna (on loan),Simon Sohm,FW / MF / Defensive Midfielder / DM / Central Midfielder / CM / Attacking Midfielder / AM,814,6.39,11.5,0.0,0.56,0.69,0.56,6.0,1.0,1.0,1.39,287.0,88.6,10.0,62.5,11.0,3.0,1.0,20.0,8.0,61.5,37.0,40.7,10.0,26.3,429.0,14.0,4.0,12.0,10.0,6.0,17.0,27.0,,1.0,0.0,18.0,14.52,3.0,0.0,4.0,,,,1.0,7.0,,,,,,
1113694,Bologna,Jonathan Rowe,FW / Right Winger / RW / Attacking Midfielder / AM / Left Winger / LW / Striker / ST,90,6.23,18.1,0.0,0.24,,0.24,5.0,,0.0,0.03,19.0,79.2,,,,,,,,,2.0,28.6,,,46.0,4.0,0.0,2.0,,1.0,2.0,,,1.0,0.0,0.0,0.48,0.0,0.0,,,,,2.0,,,,,,,
1282008,Bologna,Santiago Castro,FW / Striker / ST,1412,6.87,45.3,7.0,4.59,5.89,4.59,37.0,15.0,2.0,0.64,173.0,75.9,18.0,75.0,20.0,4.0,,,11.0,64.7,80.0,44.7,28.0,40.6,471.0,69.0,28.0,34.0,7.0,1.0,24.0,33.0,6.0,3.0,1.0,20.0,19.94,1.0,0.0,1.0,,,,11.0,24.0,,,,,,
1080669,Bologna,Nadir Zortea,DF / Right Back / RB / Right Wing-Back / RWB / Right Midfielder / RM / Left Midfielder / LM / Right Winger / RW,1271,6.68,8.7,0.0,0.39,0.27,0.39,10.0,1.0,1.0,1.93,447.0,81.3,31.0,45.6,19.0,3.0,18.0,32.1,17.0,51.5,62.0,48.8,11.0,47.8,915.0,20.0,10.0,13.0,21.0,13.0,17.0,53.0,5.0,10.0,3.0,19.0,16.21,1.0,0.0,2.0,,,,,26.0,,,,,,
1316088,Bologna,Benjamin Dominguez,FW / Left Winger / LW,438,6.43,15.2,0.0,0.56,0.03,0.56,8.0,1.0,3.0,0.23,80.0,81.6,3.0,30.0,7.0,,,,5.0,31.2,25.0,34.7,2.0,14.3,209.0,16.0,12.0,11.0,7.0,2.0,6.0,20.0,4.0,7.0,0.0,4.0,4.73,1.0,0.0,,,,,,,,,,,,
661761,Bologna,Riccardo Orsolini,FW / Right Midfielder / RM / Right Winger / RW,1390,7.02,20.2,7.0,5.74,7.2,2.58,50.0,21.0,1.0,0.82,258.0,69.5,29.0,53.7,17.0,1.0,5.0,15.2,24.0,49.0,85.0,52.8,22.0,56.4,648.0,69.0,19.0,28.0,11.0,5.0,14.0,36.0,5.0,5.0,1.0,22.0,21.61,2.0,0.0,,3.0,,,3.0,6.0,,,,,,
689680,Bologna,Jens Odgaard,MF / Attacking Midfielder / AM / Striker / ST,1046,6.73,12.2,4.0,2.05,2.25,2.05,26.0,9.0,1.0,0.96,169.0,72.2,3.0,23.1,10.0,1.0,3.0,27.3,6.0,31.6,70.0,42.9,30.0,51.7,440.0,32.0,26.0,22.0,14.0,4.0,23.0,54.0,10.0,4.0,1.0,18.0,14.77,1.0,0.0,,,,,5.0,11.0,,,,,,
888921,Bologna,Lewis Ferguson,MF / Defensive Midfielder / DM / Right Midfielder / RM / Central Midfielder / CM / Attacking Midfielder / AM / Left Winger / LW,1123,6.55,22.2,1.0,0.57,0.05,0.57,10.0,2.0,0.0,1.09,678.0,88.4,35.0,62.5,12.0,1.0,8.0,47.1,1.0,33.3,54.0,47.0,20.0,44.4,922.0,22.0,4.0,17.0,17.0,5.0,27.0,43.0,2.0,6.0,2.0,19.0,16.64,4.0,0.0,7.0,,,1.0,1.0,23.0,,,,,,
741049,Napoli (on loan),Eljif Elmas,MF / Defensive Midfielder / DM / Central Midfielder / CM / Left Midfielder / LM / Attacking Midfielder / AM / Left Winger / LW / Striker / ST,1227,6.84,15.6,0.0,1.98,0.53,1.98,16.0,5.0,2.0,1.36,439.0,87.5,8.0,57.1,18.0,1.0,7.0,24.1,12.0,63.2,44.0,53.0,2.0,25.0,675.0,31.0,10.0,11.0,19.0,5.0,11.0,44.0,7.0,6.0,0.0,15.0,15.36,1.0,0.0,2.0,,,,3.0,13.0,,,,,,
215242,Napoli,Leonardo Spinazzola,MF / Right Back / RB / Left Back / LB / Right Wing-Back / RWB / Left Wing-Back / LWB / Left Midfielder / LM / Left Winger / LW,1346,7.03,2.2,3.0,0.94,0.76,0.94,18.0,7.0,2.0,2.17,506.0,78.4,36.0,51.4,22.0,1.0,14.0,28.6,10.0,32.3,33.0,42.3,1.0,25.0,958.0,54.0,8.0,7.0,15.0,4.0,8.0,63.0,7.0,6.0,1.0,14.0,17.83,1.0,0.0,2.0,,,,1.0,22.0,,,,,,
415539,Napoli,Matteo Politano,FW / Right Wing-Back / RWB / Right Midfielder / RM / Right Winger / RW / Attacking Midfielder / AM,1409,6.92,8.6,0.0,1.46,0.39,1.46,34.0,6.0,3.0,3.03,454.0,81.5,10.0,33.3,24.0,6.0,26.0,22.4,25.0,56.8,57.0,46.7,3.0,21.4,914.0,42.0,17.0,19.0,11.0,3.0,14.0,61.0,8.0,6.0,2.0,15.0,16.52,1.0,0.0,1.0,,,,,10.0,,,,,,
1320863,Napoli,Antonio Vergara,FW / MF / Right Midfielder / RM / Central Midfielder / CM / Attacking Midfielder / AM / Right Winger / RW / Striker / ST,411,6.94,2.3,1.0,0.38,0.83,0.38,7.0,2.0,1.0,0.68,97.0,77.6,2.0,33.3,7.0,,3.0,30.0,3.0,21.4,34.0,42.0,5.0,41.7,246.0,25.0,13.0,15.0,11.0,4.0,14.0,23.0,9.0,4.0,0.0,7.0,6.15,1.0,0.0,,,1.0,,1.0,1.0,,,,,,
1199272,Napoli (on loan),Rasmus Højlund,FW / Striker / ST,1743,6.74,51.8,8.0,7.78,8.12,6.99,37.0,18.0,2.0,1.86,250.0,73.1,5.0,83.3,18.0,3.0,2.0,66.7,7.0,31.8,74.0,34.3,26.0,32.1,612.0,87.0,46.0,38.0,4.0,,28.0,21.0,7.0,2.0,2.0,21.0,18.37,1.0,0.0,2.0,1.0,,,4.0,11.0,,,,,,
1355552,Napoli (on loan),Alisson Santos,MF / Left Midfielder / LM / Attacking Midfielder / AM / Left Winger / LW,120,6.57,168.0,,,,,,,,,,,,,,,,,,,,,,,,,,,,,,,,,,,,,,,,,,,,,,,,,
1355574,Napoli,Giovane Nascimento,FW / Attacking Midfielder / AM / Striker / ST,1611,6.61,12.4,3.0,3.27,3.79,3.27,48.0,25.0,5.0,1.85,263.0,66.9,11.0,64.7,31.0,6.0,12.0,21.1,32.0,44.4,99.0,31.8,37.0,26.2,825.0,76.0,39.0,17.0,13.0,5.0,23.0,70.0,12.0,9.0,2.0,26.0,21.36,2.0,0.0,1.0,,,,4.0,10.0,,,,,,
299799,Roma,Bryan Cristante,MF / Defensive Midfielder / DM / Central Midfielder / CM / Attacking Midfielder / AM,2025,7.12,16.7,1.0,1.25,1.26,1.25,27.0,7.0,0.0,1.89,1168.0,81.6,96.0,52.7,18.0,1.0,3.0,30.0,9.0,69.2,112.0,45.3,54.0,46.6,1689.0,43.0,14.0,5.0,46.0,16.0,41.0,128.0,12.0,16.0,7.0,14.0,24.07,5.0,0.0,2.0,,,,12.0,41.0,,,,,,
1451196,Roma,Niccolo Pisilli,MF / Defensive Midfielder / DM / Central Midfielder / CM / Attacking Midfielder / AM,462,6.84,17.7,0.0,0.5,0.56,0.5,9.0,2.0,1.0,0.57,278.0,86.9,8.0,34.8,7.0,1.0,1.0,33.3,4.0,57.1,19.0,43.2,5.0,55.6,399.0,8.0,4.0,,10.0,7.0,7.0,32.0,3.0,7.0,3.0,4.0,3.33,0.0,0.0,,,,,1.0,6.0,,,,,,
1202525,Roma (on loan),Bryan Zaragoza,FW / Attacking Midfielder / AM / Left Winger / LW / Right Winger / RW / Striker / ST,1135,6.85,14.5,1.0,2.01,2.21,1.22,26.0,12.0,1.0,2.9,259.0,77.5,13.0,56.5,18.0,4.0,15.0,22.1,27.0,38.6,55.0,42.6,1.0,12.5,608.0,58.0,5.0,17.0,10.0,2.0,7.0,32.0,7.0,12.0,1.0,12.0,16.27,1.0,0.0,,1.0,1.0,,,5.0,,,,,,
540307,Roma,Lorenzo Pellegrini,FW / MF / Central Midfielder / CM / Attacking Midfielder / AM / Striker / ST / Left Winger / LW,977,6.85,5.0,3.0,4.25,3.74,2.67,25.0,10.0,0.0,2.18,376.0,77.5,20.0,57.1,17.0,3.0,11.0,20.0,5.0,33.3,49.0,45.8,13.0,56.5,701.0,39.0,17.0,24.0,7.0,10.0,13.0,34.0,5.0,9.0,1.0,5.0,10.39,2.0,0.0,3.0,2.0,,,2.0,10.0,,,,,,
660301,Roma (on loan),Donyell Malen,FW / Right Winger / RW / Striker / ST,645,6.5,17.5,4.0,4.04,2.91,4.04,27.0,9.0,1.0,0.34,73.0,77.7,1.0,20.0,7.0,,2.0,28.6,8.0,40.0,21.0,36.8,3.0,30.0,206.0,48.0,13.0,6.0,4.0,,2.0,10.0,1.0,2.0,0.0,10.0,10.56,0.0,0.0,,,,,1.0,2.0,,,,,,
1280082,Roma,Matias Soulé,MF / Right Wing-Back / RWB / Right Midfielder / RM / Central Midfielder / CM / Right Winger / RW / Attacking Midfielder / AM / Striker / ST / Left Winger / LW,1693,7.11,41.1,6.0,3.32,4.58,3.32,42.0,14.0,4.0,3.01,623.0,83.8,30.0,69.8,34.0,4.0,16.0,27.1,27.0,36.0,82.0,39.2,9.0,29.0,1163.0,82.0,42.0,31.0,15.0,9.0,5.0,110.0,32.0,11.0,1.0,10.0,18.27,1.0,0.0,2.0,,,,2.0,9.0,,,,,,
1274060,Roma,Neil El Aynaoui,MF / Defensive Midfielder / DM / Central Midfielder / CM / Attacking Midfielder / AM,507,6.47,22.9,0.0,0.16,0.09,0.16,4.0,3.0,1.0,0.21,243.0,90.7,6.0,66.7,4.0,1.0,,,1.0,20.0,18.0,40.0,2.0,28.6,340.0,6.0,3.0,4.0,11.0,8.0,12.0,24.0,4.0,3.0,1.0,6.0,7.7,3.0,0.0,1.0,,,,,6.0,,,,,,
1707510,Roma (on loan),Lorenzo Venturino,FW / Left Winger / LW,63,6.3,2.1,,,,,,,,,,,,,,,,,,,,,,,,,,,,,,,,,,,,,,,,,,,,,,,,,
1705134,Roma,Robinio Vaz,FW / Striker / ST,374,6.86,8.3,4.0,2.3,1.67,2.3,8.0,6.0,2.0,0.39,54.0,77.1,1.0,100.0,6.0,2.0,,,1.0,33.3,20.0,40.0,5.0,35.7,146.0,27.0,6.0,9.0,5.0,2.0,8.0,8.0,1.0,5.0,0.0,6.0,5.99,2.0,0.0,,,1.0,,3.0,3.0,,,,,,
179873,Le Havre,Loic Nego,DF / MF / Right Back / RB / Center Back / CB / Right Wing-Back / RWB / Right Midfielder / RM / Right Winger / RW,1771,6.91,465.9,0.0,0.52,0.76,0.52,13.0,3.0,0.0,1.04,572.0,77.1,35.0,33.0,10.0,2.0,13.0,24.5,12.0,52.2,75.0,57.7,14.0,58.3,1206.0,17.0,6.0,15.0,34.0,26.0,15.0,91.0,4.0,14.0,5.0,23.0,28.34,2.0,0.0,5.0,,,1.0,,70.0,,,,,,
1469758,Le Havre,Simon Ebonog,MF / Defensive Midfielder / DM / Central Midfielder / CM / Attacking Midfielder / AM / Left Winger / LW,1046,6.67,1.5,0.0,1.04,0.24,1.04,13.0,2.0,0.0,0.28,220.0,77.7,5.0,38.5,4.0,1.0,,,11.0,50.0,66.0,54.5,13.0,52.0,481.0,16.0,17.0,15.0,27.0,12.0,13.0,67.0,6.0,2.0,1.0,17.0,16.81,4.0,0.0,4.0,,,,,16.0,,,,,,
1073905,Le Havre,Rassoul Ndiaye,FW / MF / Defensive Midfielder / DM / Central Midfielder / CM / Attacking Midfielder / AM,1630,7.03,1.6,3.0,1.98,2.93,1.98,22.0,6.0,3.0,1.73,467.0,84.9,19.0,61.3,20.0,4.0,12.0,17.6,12.0,48.0,89.0,53.6,10.0,38.5,848.0,24.0,9.0,24.0,44.0,9.0,12.0,95.0,8.0,27.0,2.0,18.0,24.51,1.0,0.0,2.0,,,,1.0,14.0,,,,,,
1103837,Le Havre,Issa Soumaré,FW / Left Midfielder / LM / Attacking Midfielder / AM / Left Winger / LW / Striker / ST,1869,7.11,2.4,6.0,10.41,6.81,8.04,50.0,18.0,2.0,2.17,307.0,71.9,17.0,89.5,18.0,6.0,8.0,17.0,20.0,44.4,170.0,51.4,80.0,55.6,848.0,84.0,32.0,51.0,21.0,7.0,37.0,71.0,13.0,11.0,5.0,26.0,28.96,2.0,0.0,5.0,1.0,2.0,,10.0,29.0,,,,,,
365672,Le Havre,Sofiane Boufal,FW / Left Midfielder / LM / Attacking Midfielder / AM / Striker / ST / Left Winger / LW,252,6.96,1.6,0.0,0.11,0.13,0.11,4.0,2.0,2.0,0.44,75.0,73.5,3.0,50.0,8.0,2.0,5.0,29.4,6.0,33.3,23.0,45.1,2.0,100.0,189.0,2.0,7.0,9.0,6.0,,6.0,22.0,1.0,4.0,0.0,4.0,4.8,1.0,0.0,,,,,,1.0,,,,,,
437329,Le Havre,Mbwana Samatta,FW / Striker / ST / Left Winger / LW,861,6.19,695.2,0.0,1.81,1.26,1.81,21.0,7.0,0.0,0.74,106.0,67.9,6.0,54.5,11.0,,1.0,20.0,4.0,33.3,50.0,35.2,27.0,42.2,293.0,43.0,17.0,12.0,7.0,3.0,24.0,20.0,7.0,7.0,0.0,11.0,14.33,4.0,0.0,,,,,12.0,3.0,,,,,,
1255855,Le Havre,Yassine Kechta,MF / Defensive Midfielder / DM / Central Midfielder / CM / Attacking Midfielder / AM / Left Winger / LW / Striker / ST,1015,6.47,3.8,1.0,1.33,1.3,1.33,16.0,6.0,1.0,1.47,246.0,78.3,8.0,38.1,9.0,3.0,6.0,27.3,4.0,28.6,42.0,34.1,3.0,17.6,510.0,22.0,13.0,12.0,23.0,14.0,27.0,49.0,8.0,20.0,0.0,19.0,19.48,3.0,0.0,3.0,,,,1.0,15.0,,,,,,
1640973,Toulouse,Rafik Messali,FW / MF / Right Wing-Back / RWB / Right Midfielder / RM / Attacking Midfielder / AM,500,6.61,1.2,0.0,,,,0.0,,0.0,0.62,134.0,75.7,5.0,50.0,3.0,1.0,1.0,9.1,4.0,36.4,29.0,51.8,6.0,46.2,287.0,13.0,1.0,9.0,10.0,12.0,11.0,29.0,2.0,2.0,1.0,2.0,5.43,2.0,0.0,2.0,,,,,19.0,,,,,,
845943,Toulouse,Cristian Casseres Jr.,FW / MF / Defensive Midfielder / DM / Central Midfielder / CM,1725,7.29,6.8,1.0,1.53,1.9,0.75,17.0,4.0,0.0,2.5,747.0,84.7,54.0,62.1,25.0,3.0,19.0,27.1,15.0,57.7,115.0,59.6,11.0,44.0,1236.0,19.0,14.0,31.0,59.0,24.0,24.0,130.0,12.0,18.0,7.0,23.0,24.16,5.0,0.0,7.0,,1.0,1.0,,20.0,,,,,,
1417802,Toulouse (on loan),Pape Demba Diop,FW / MF / Defensive Midfielder / DM / Central Midfielder / CM,625,6.86,4.1,0.0,1.06,0.24,1.06,12.0,2.0,0.0,0.6,216.0,85.7,10.0,52.6,5.0,,,,13.0,81.2,32.0,51.6,6.0,42.9,357.0,8.0,5.0,7.0,6.0,10.0,6.0,46.0,5.0,9.0,0.0,10.0,10.25,2.0,0.0,4.0,,,,1.0,8.0,,,,,,
242156,Toulouse,Djibril Sidibé,DF / FW / Right Back / RB / Center Back / CB / Right Wing-Back / RWB / Right Midfielder / RM / Left Midfielder / LM,1529,6.94,923.4,3.0,2.45,2.54,0.88,7.0,4.0,3.0,1.33,487.0,79.4,23.0,44.2,11.0,3.0,9.0,20.9,7.0,58.3,63.0,57.3,13.0,50.0,883.0,20.0,4.0,11.0,33.0,7.0,19.0,65.0,6.0,8.0,4.0,22.0,21.26,1.0,0.0,3.0,1.0,,2.0,,37.0,,,,,,
823293,Toulouse,Aron Dønnum,FW / MF / Right Wing-Back / RWB / Defensive Midfielder / DM / Left Wing-Back / LWB / Right Midfielder / RM / Left Midfielder / LM / Attacking Midfielder / AM / Right Winger / RW,1683,7.41,4.5,3.0,4.22,4.02,1.86,28.0,11.0,3.0,4.87,527.0,78.8,60.0,73.2,43.0,6.0,36.0,31.9,20.0,44.4,85.0,48.0,3.0,75.0,1106.0,61.0,29.0,30.0,32.0,20.0,23.0,94.0,10.0,17.0,6.0,22.0,25.28,5.0,0.0,1.0,3.0,2.0,,2.0,11.0,,,,,,
1320949,Toulouse,Emersonn,FW / Striker / ST,140,7.13,2.2,1.0,0.28,0.11,0.28,3.0,2.0,0.0,0.04,17.0,63.0,,,1.0,,,,3.0,42.9,26.0,55.3,14.0,63.6,65.0,6.0,1.0,5.0,4.0,,7.0,3.0,2.0,1.0,0.0,0.0,2.08,0.0,0.0,,,,,1.0,2.0,,,,,,
955411,Toulouse,Yann Gboho,FW / Left Midfielder / LM / Attacking Midfielder / AM / Right Winger / RW / Left Winger / LW,1806,7.32,11.7,6.0,3.93,5.27,3.93,35.0,12.0,2.0,3.57,407.0,80.8,12.0,57.1,39.0,1.0,7.0,24.1,57.0,50.4,117.0,47.8,1.0,11.1,898.0,105.0,40.0,50.0,9.0,9.0,13.0,101.0,22.0,12.0,5.0,23.0,24.61,1.0,0.0,,,,,1.0,1.0,,,,,,
1362516,Toulouse,Santiago Hidalgo,FW / Right Winger / RW / Attacking Midfielder / AM / Left Winger / LW / Striker / ST,640,6.52,5.4,4.0,1.68,2.51,1.68,14.0,7.0,2.0,0.31,112.0,74.2,3.0,60.0,4.0,,,,5.0,22.7,47.0,35.3,9.0,26.5,320.0,35.0,13.0,16.0,17.0,3.0,22.0,31.0,4.0,10.0,1.0,6.0,10.29,3.0,0.0,1.0,,,,1.0,8.0,,,,,,
1256224,Toulouse,Mario Sauer,MF / Defensive Midfielder / DM / Central Midfielder / CM / Left Winger / LW,542,6.58,1.5,0.0,0.3,0.05,0.3,9.0,1.0,0.0,0.48,148.0,77.5,6.0,50.0,2.0,,2.0,40.0,2.0,66.7,21.0,53.8,6.0,60.0,268.0,12.0,2.0,3.0,10.0,8.0,6.0,38.0,6.0,5.0,0.0,13.0,8.94,2.0,0.0,1.0,,,,,10.0,,,,,,
1106866,Toulouse,Jacen Russell-Rowe,FW / Striker / ST,90,6.2,3.3,,,,,,,,,,,,,,,,,,,,,,,,,,,,,,,,,,,,,,,,,,,,,,,,,
1611220,Toulouse,Julian Vignolo,FW / Left Wing-Back / LWB / Central Midfielder / CM / Right Winger / RW / Striker / ST,90,6.66,500.0,,,,,,,,,,,,,,,,,,,,,,,,,,,,,,,,,,,,,,,,,,,,,,,,,
1292354,Lorient,Theo Le Bris,MF / Left Back / LB / Right Wing-Back / RWB / Right Midfielder / RM / Central Midfielder / CM / Left Midfielder / LM / Attacking Midfielder / AM / Striker / ST,1440,6.98,2.0,2.0,1.23,2.04,1.23,13.0,5.0,2.0,1.59,421.0,86.4,8.0,57.1,12.0,2.0,11.0,18.3,11.0,50.0,51.0,56.0,5.0,35.7,777.0,29.0,4.0,5.0,30.0,10.0,8.0,42.0,5.0,8.0,2.0,19.0,17.16,0.0,0.0,2.0,,,,1.0,28.0,,,,,,
1640832,Lorient,Arsene Kouassi,MF / Left Back / LB / Right Wing-Back / RWB / Left Wing-Back / LWB / Left Midfielder / LM / Left Winger / LW,1798,7.23,3.7,2.0,0.49,0.57,0.49,5.0,2.0,4.0,2.17,499.0,86.6,10.0,33.3,23.0,6.0,17.0,18.9,30.0,53.6,89.0,56.3,6.0,28.6,1028.0,39.0,13.0,35.0,18.0,17.0,12.0,80.0,9.0,6.0,4.0,26.0,24.55,3.0,0.0,1.0,,1.0,,1.0,37.0,,,,,,
699461,Lorient,Jean-Victor Makengo,FW / MF / Central Midfielder / CM / Attacking Midfielder / AM / Right Winger / RW,1030,6.86,1.7,3.0,1.93,2.81,1.93,25.0,10.0,1.0,0.76,258.0,82.4,10.0,50.0,14.0,,3.0,23.1,13.0,56.5,60.0,57.7,5.0,25.0,498.0,35.0,9.0,26.0,16.0,6.0,6.0,36.0,7.0,4.0,0.0,16.0,12.74,0.0,0.0,,,,,3.0,13.0,,,,,,
1331097,Lorient,Pablo Pagis,FW / MF / Left Wing-Back / LWB / Left Midfielder / LM / Attacking Midfielder / AM / Left Winger / LW,1130,7.08,5.0,7.0,5.27,4.4,4.48,37.0,13.0,0.0,1.55,312.0,77.2,29.0,67.4,18.0,2.0,12.0,23.1,13.0,44.8,47.0,40.5,6.0,25.0,667.0,47.0,11.0,12.0,16.0,13.0,15.0,53.0,10.0,9.0,0.0,17.0,13.57,1.0,0.0,2.0,1.0,,,,16.0,,,,,,
1230848,Lorient,Bamba Dieng,FW / Striker / ST,441,6.78,1.4,3.0,2.42,2.07,2.42,20.0,10.0,1.0,0.11,46.0,70.8,1.0,50.0,8.0,2.0,,,4.0,66.7,24.0,41.4,11.0,42.3,142.0,26.0,9.0,6.0,3.0,1.0,11.0,8.0,1.0,1.0,0.0,2.0,5.56,2.0,0.0,1.0,,,,5.0,4.0,,,,,,
1565010,Lorient,Arthur Avom,MF / Defensive Midfielder / DM / Central Midfielder / CM / Attacking Midfielder / AM / Left Winger / LW,1667,7.02,9.7,0.0,0.72,0.03,0.72,14.0,1.0,1.0,2.28,671.0,84.2,51.0,66.2,22.0,3.0,8.0,25.0,18.0,62.1,93.0,57.1,8.0,38.1,1080.0,33.0,17.0,31.0,39.0,22.0,13.0,85.0,11.0,17.0,3.0,21.0,18.57,3.0,0.0,2.0,,1.0,1.0,,13.0,,,,,,
1123587,Lorient,Sambou Soumano,FW / Attacking Midfielder / AM / Striker / ST,806,6.52,2.4,4.0,5.13,4.03,4.35,26.0,10.0,2.0,0.76,112.0,74.7,2.0,33.3,9.0,2.0,,,5.0,41.7,50.0,42.4,23.0,42.6,285.0,45.0,17.0,18.0,4.0,4.0,14.0,24.0,3.0,1.0,0.0,13.0,11.59,2.0,0.0,,,,,4.0,11.0,,,,,,
1276315,Lorient (on loan),Dermane Karim,MF / Defensive Midfielder / DM / Right Midfielder / RM / Central Midfielder / CM / Attacking Midfielder / AM / Left Winger / LW / Right Winger / RW / Striker / ST,917,6.66,5.0,1.0,0.96,0.91,0.96,12.0,2.0,2.0,0.72,311.0,84.7,13.0,48.1,10.0,1.0,1.0,8.3,14.0,51.9,61.0,46.9,4.0,21.1,560.0,20.0,19.0,26.0,17.0,8.0,16.0,51.0,7.0,9.0,0.0,17.0,16.66,3.0,0.0,2.0,,1.0,,,3.0,,,,,,
1427808,Lorient,Panos Katseris,MF / Right Midfielder / RM / Right Winger / RW,142,6.87,2.0,0.0,0.46,0.02,0.46,4.0,1.0,0.0,0.42,48.0,80.0,3.0,100.0,3.0,1.0,3.0,27.3,1.0,14.3,9.0,39.1,1.0,33.3,117.0,15.0,1.0,5.0,2.0,5.0,3.0,14.0,3.0,2.0,1.0,0.0,0.97,1.0,0.0,,,,,,2.0,,,,,,
505059,Angers (on loan),Branco van den Boomen,MF / Defensive Midfielder / DM / Right Winger / RW,270,7.14,2.1,0.0,0.3,0.25,0.3,8.0,2.0,1.0,0.47,194.0,96.5,22.0,95.7,5.0,1.0,4.0,26.7,2.0,66.7,8.0,38.1,1.0,33.3,245.0,2.0,1.0,2.0,3.0,1.0,4.0,9.0,1.0,5.0,1.0,2.0,2.02,1.0,0.0,,,,,,3.0,,,,,,
1347791,Angers,Yassin Belkhdim,FW / MF / Defensive Midfielder / DM / Central Midfielder / CM / Right Winger / RW / Attacking Midfielder / AM,1786,7.07,3.4,2.0,1.58,2.0,1.58,25.0,10.0,2.0,1.2,534.0,84.8,20.0,57.1,14.0,4.0,5.0,14.3,5.0,33.3,92.0,56.4,9.0,42.9,933.0,30.0,10.0,26.0,53.0,28.0,22.0,74.0,7.0,18.0,3.0,24.0,30.63,2.0,0.0,5.0,,,,2.0,22.0,,,,,,
1329255,Angers,Louis Mouton,FW / MF / Central Midfielder / CM / Attacking Midfielder / AM,1487,6.63,1.1,2.0,2.38,2.68,2.38,28.0,8.0,1.0,2.08,411.0,74.9,21.0,50.0,18.0,4.0,6.0,27.3,9.0,36.0,66.0,43.4,12.0,38.7,787.0,34.0,19.0,15.0,30.0,9.0,17.0,47.0,6.0,17.0,3.0,15.0,21.81,1.0,1.0,3.0,,,,1.0,11.0,,,,,,
1431818,Angers,Lilian Rao-Lisoa,FW / Right Back / RB / Right Wing-Back / RWB / Right Midfielder / RM / Right Winger / RW / Left Winger / LW,1032,6.69,1.3,2.0,0.69,1.11,0.69,12.0,5.0,1.0,1.38,269.0,76.4,15.0,50.0,14.0,4.0,11.0,20.0,11.0,40.7,66.0,51.6,17.0,58.6,607.0,19.0,12.0,9.0,29.0,8.0,15.0,38.0,6.0,9.0,2.0,14.0,18.93,2.0,0.0,2.0,,,,,25.0,,,,,,
864154,Angers (on loan),Goduine Koyalipou,FW / Right Winger / RW / Striker / ST,90,0.27,2.1,,,,,,,,,,,,,,,,,,,,,,,,,,,,,,,,,,,,,,,,,,,,,,,,,
1242587,Angers,Amine Sbai,FW / Central Midfielder / CM / Left Midfielder / LM / Right Winger / RW / Attacking Midfielder / AM / Left Winger / LW / Striker / ST,90,0.32,984.2,,,,,,,,,,,,,,,,,,,,,,,,,,,,,,,,,,,,,,,,,,,,,,,,,
1748405,Angers,Prosper Peter,FW / Striker / ST,90,0.15,4.8,,,,,,,,,,,,,,,,,,,,,,,,,,,,,,,,,,,,,,,,,,,,,,,,,
1752228,Angers,Lanroy Machine,FW / Striker / ST,31,6.04,250.0,,,,,,,,,,,,,,,,,,,,,,,,,,,,,,,,,,,,,,,,,,,,,,,,,
763974,Metz,Gauthier Hein,FW / MF / Right Midfielder / RM / Left Midfielder / LM / Right Winger / RW / Attacking Midfielder / AM / Striker / ST,1598,6.91,4.5,6.0,5.78,5.29,2.63,27.0,9.0,4.0,2.15,863.0,90.8,85.0,85.0,31.0,5.0,17.0,20.5,5.0,41.7,37.0,36.3,7.0,36.8,1212.0,42.0,25.0,13.0,12.0,5.0,10.0,62.0,9.0,12.0,1.0,42.0,35.02,1.0,1.0,2.0,4.0,,,,3.0,,,,,,
1839135,Metz,Believe Munongo,FW / MF / Defensive Midfielder / DM / Central Midfielder / CM / Attacking Midfielder / AM,202,6.18,950.0,0.0,0.11,,0.11,2.0,,0.0,0.05,75.0,82.4,1.0,50.0,1.0,,,,2.0,66.7,12.0,44.4,4.0,66.7,123.0,,1.0,2.0,4.0,2.0,8.0,11.0,1.0,3.0,0.0,5.0,3.24,0.0,0.0,,,,,,6.0,,,,,,
882400,Metz,Jessy Deminguet,FW / MF / Defensive Midfielder / DM / Central Midfielder / CM / Left Midfielder / LM / Attacking Midfielder / AM,1297,6.43,1.8,1.0,0.24,0.17,0.24,7.0,3.0,0.0,0.5,530.0,89.5,40.0,64.5,3.0,,,,8.0,50.0,57.0,45.6,6.0,27.3,781.0,9.0,19.0,18.0,26.0,12.0,17.0,54.0,3.0,8.0,0.0,29.0,24.51,4.0,0.0,2.0,,1.0,,1.0,12.0,,,,,,
939061,Metz (on loan),Giorgi Tsitaishvili,FW / Left Back / LB / Left Wing-Back / LWB / Right Wing-Back / RWB / Right Midfielder / RM / Right Winger / RW / Attacking Midfielder / AM / Left Winger / LW,1551,6.67,1.6,2.0,1.07,1.25,1.07,19.0,4.0,1.0,3.16,335.0,77.9,12.0,44.4,25.0,4.0,23.0,23.2,20.0,38.5,57.0,46.0,3.0,42.9,783.0,41.0,9.0,22.0,12.0,7.0,12.0,45.0,4.0,11.0,1.0,35.0,27.22,1.0,0.0,2.0,,,,1.0,25.0,,,,,,
601145,Metz,Habibou Mouhamadou Diallo,FW / Striker / ST / Left Winger / LW,1285,6.61,7.0,4.0,5.6,4.06,4.81,28.0,11.0,1.0,0.31,113.0,65.3,8.0,88.9,6.0,,1.0,25.0,10.0,45.5,79.0,43.9,45.0,46.9,361.0,50.0,18.0,19.0,5.0,2.0,22.0,20.0,4.0,3.0,4.0,32.0,25.19,0.0,0.0,2.0,,1.0,,4.0,19.0,,,,,,
1067265,Metz (on loan),Giorgi Abuashvili,FW / Left Wing-Back / LWB / Left Midfielder / LM / Attacking Midfielder / AM / Left Winger / LW / Striker / ST,451,6.28,871.7,1.0,0.42,1.12,0.42,11.0,5.0,0.0,0.48,138.0,88.5,8.0,50.0,5.0,1.0,5.0,20.8,5.0,31.2,25.0,36.2,2.0,25.0,280.0,11.0,10.0,7.0,11.0,3.0,4.0,22.0,2.0,13.0,0.0,13.0,11.41,1.0,0.0,1.0,,,1.0,,6.0,,,,,,
1607371,Metz (on loan),Lucas Michal,FW / Right Winger / RW / Left Winger / LW / Striker / ST,157,6.02,1.6,0.0,0.08,,0.08,1.0,,0.0,0.03,50.0,87.7,,,1.0,,,,2.0,50.0,8.0,30.8,4.0,40.0,96.0,4.0,5.0,2.0,,,4.0,5.0,,1.0,0.0,3.0,3.02,1.0,0.0,,,,,,2.0,,,,,,
449277,Metz,Giorgi Kvilitaia,FW / Center Back / CB / Central Midfielder / CM / Attacking Midfielder / AM / Left Winger / LW / Striker / ST,90,6.08,892.4,,,,,,,,,,,,,,,,,,,,,,,,,,,,,,,,,,,,,,,,,,,,,,,,,
1797446,Metz U19,Nathan Mbala,FW,8,7.5,50.0,,,,,,,,,,,,,,,,,,,,,,,,,,,,,,,,,,,,,,,,,,,,,,,,,
1073979,Auxerre,Bryan Okoh,DF / Center Back / CB / Defensive Midfielder / DM / Attacking Midfielder / AM,985,6.93,918.4,0.0,1.55,0.12,1.55,10.0,1.0,0.0,0.12,357.0,79.2,41.0,47.7,3.0,,,,7.0,77.8,82.0,64.6,46.0,61.3,644.0,16.0,1.0,9.0,20.0,24.0,11.0,54.0,1.0,4.0,0.0,18.0,15.63,3.0,1.0,7.0,,,,5.0,81.0,,,,,,
883823,Auxerre,Elisha Owusu,MF / Defensive Midfielder / DM / Central Midfielder / CM / Left Midfielder / LM / Attacking Midfielder / AM,1269,6.76,2.3,0.0,0.05,,0.05,3.0,,0.0,0.38,398.0,82.6,17.0,50.0,6.0,,,,5.0,71.4,57.0,50.0,6.0,30.0,658.0,,10.0,9.0,37.0,18.0,24.0,80.0,8.0,10.0,3.0,17.0,17.9,5.0,0.0,6.0,,,,,26.0,,,,,,
1305543,Auxerre,Kévin Danois,FW / MF / Defensive Midfielder / DM / Central Midfielder / CM / Attacking Midfielder / AM,1767,7.15,12.6,2.0,1.55,1.72,1.55,19.0,6.0,1.0,2.96,785.0,85.9,54.0,72.0,34.0,6.0,25.0,33.8,25.0,62.5,86.0,45.5,6.0,27.3,1257.0,21.0,26.0,15.0,40.0,23.0,20.0,126.0,9.0,26.0,5.0,25.0,25.0,3.0,0.0,2.0,,,,1.0,7.0,,,,,,
1192854,Auxerre,Naouirou Ahamada,FW / MF / Right Wing-Back / RWB / Right Midfielder / RM / Central Midfielder / CM / Attacking Midfielder / AM,157,7.36,2.6,1.0,,,,3.0,1.0,0.0,,39.0,86.7,2.0,66.7,1.0,,,,1.0,33.3,6.0,46.2,1.0,25.0,66.0,5.0,0.0,2.0,2.0,1.0,2.0,6.0,,,0.0,2.0,,0.0,0.0,,,,,,2.0,,,,,,
904021,Auxerre (on loan),Romain Faivre,FW / Attacking Midfielder / AM / Left Winger / LW / Right Winger / RW,171,6.94,5.5,0.0,0.09,,0.09,3.0,,0.0,0.37,56.0,88.9,2.0,100.0,1.0,,,,4.0,57.1,13.0,59.1,2.0,100.0,102.0,2.0,1.0,4.0,3.0,1.0,3.0,13.0,,2.0,0.0,0.0,1.9,0.0,0.0,,,,,,,,,,,,
1177312,Auxerre (on loan),Sékou Mara,FW / Striker / ST,824,6.38,7.0,0.0,1.83,1.24,1.83,21.0,8.0,1.0,1.0,119.0,74.8,6.0,85.7,6.0,1.0,,,11.0,47.8,55.0,41.0,20.0,35.7,309.0,28.0,11.0,16.0,8.0,2.0,21.0,17.0,4.0,3.0,0.0,12.0,11.6,0.0,0.0,,,1.0,,6.0,4.0,,,,,,
923196,Auxerre,Lassine Sinayoko,FW / Right Midfielder / RM / Left Midfielder / LM / Right Winger / RW / Striker / ST / Left Winger / LW,1805,7.07,2.6,6.0,7.04,7.15,3.88,54.0,21.0,3.0,2.31,382.0,76.7,10.0,62.5,26.0,5.0,5.0,22.7,25.0,51.0,105.0,43.6,25.0,29.4,851.0,100.0,32.0,31.0,24.0,18.0,17.0,59.0,18.0,6.0,2.0,24.0,26.59,5.0,0.0,,3.0,1.0,,5.0,11.0,,,,,,
1199382,Auxerre,Josué Casimir,FW / Right Wing-Back / RWB / Right Midfielder / RM / Central Midfielder / CM / Right Winger / RW / Attacking Midfielder / AM / Left Winger / LW,1123,6.37,5.4,0.0,2.26,0.94,1.47,16.0,7.0,0.0,0.97,280.0,78.2,10.0,47.6,6.0,,9.0,19.1,7.0,53.8,73.0,52.5,21.0,52.5,598.0,23.0,9.0,23.0,22.0,9.0,25.0,50.0,5.0,7.0,0.0,21.0,17.58,3.0,1.0,,,,,1.0,10.0,,,,,,
1841152,Auxerre B,Yvan Zaddy,FW,9,,30.0,,,,,,,,,,,,,,,,,,,,,,,,,,,,,,,,,,,,,,,,,,,,,,,,,
604089,Lyon,Ainsley Maitland-Niles,DF / MF / Right Back / RB / Left Back / LB / Right Wing-Back / RWB / Right Midfielder / RM / Right Winger / RW,1742,6.96,9.9,1.0,2.3,1.67,1.51,12.0,5.0,3.0,2.39,690.0,86.5,33.0,51.6,15.0,3.0,3.0,8.8,10.0,45.5,72.0,47.1,11.0,42.3,1214.0,28.0,14.0,9.0,42.0,24.0,30.0,75.0,7.0,13.0,9.0,19.0,22.32,4.0,1.0,2.0,,,,,49.0,,,,,,
1368710,Lyon,Noah Nartey,FW / MF / Defensive Midfielder / DM / Central Midfielder / CM / Attacking Midfielder / AM / Right Winger / RW / Striker / ST,1156,7.43,7.6,4.0,1.96,2.35,1.96,18.0,5.0,3.0,2.53,543.0,89.5,8.0,80.0,36.0,3.0,2.0,40.0,20.0,57.1,66.0,50.8,2.0,20.0,841.0,50.0,21.0,24.0,20.0,5.0,16.0,94.0,23.0,4.0,4.0,12.0,14.64,0.0,1.0,,,,,,3.0,,,,,,
473852,Lyon,Corentin Tolisso,FW / MF / Defensive Midfielder / DM / Central Midfielder / CM / Attacking Midfielder / AM / Left Winger / LW / Striker / ST,1512,7.15,7.4,4.0,6.74,6.56,5.95,36.0,17.0,1.0,2.31,719.0,84.6,61.0,79.2,22.0,6.0,7.0,25.9,3.0,37.5,90.0,44.6,34.0,47.9,1126.0,68.0,22.0,35.0,19.0,14.0,31.0,74.0,12.0,20.0,6.0,14.0,20.06,5.0,0.0,4.0,,1.0,,9.0,23.0,,,,,,
1037539,Lyon,Pavel Sulc,FW / Right Wing-Back / RWB / Right Midfielder / RM / Central Midfielder / CM / Left Midfielder / LM / Right Winger / RW / Attacking Midfielder / AM / Striker / ST / Left Winger / LW,1231,7.28,11.5,10.0,7.46,8.56,7.46,36.0,15.0,3.0,1.54,223.0,75.6,6.0,46.2,14.0,4.0,3.0,21.4,14.0,50.0,57.0,36.5,12.0,25.0,515.0,71.0,10.0,12.0,19.0,7.0,25.0,32.0,6.0,14.0,3.0,14.0,16.0,2.0,0.0,,,,,6.0,10.0,,,,,,
1793640,Lyon,Khalis Merah,MF / Central Midfielder / CM / Right Winger / RW / Attacking Midfielder / AM / Striker / ST,706,6.6,11.4,0.0,0.64,1.14,0.64,3.0,3.0,1.0,0.78,270.0,85.7,8.0,61.5,8.0,2.0,1.0,20.0,7.0,87.5,28.0,47.5,1.0,20.0,401.0,21.0,5.0,12.0,8.0,3.0,10.0,32.0,4.0,11.0,0.0,6.0,8.74,2.0,0.0,,,,,,3.0,,,,,,
643690,Lyon (on loan),Roman Yaremchuk,FW / Striker / ST,90,0.4,1.9,,,,,,,,,,,,,,,,,,,,,,,,,,,,,,,,,,,,,,,,,,,,,,,,,
355901,Nice,Morgan Sanson,MF / Defensive Midfielder / DM / Central Midfielder / CM / Left Midfielder / LM / Attacking Midfielder / AM / Left Winger / LW,898,6.39,3.2,0.0,1.62,0.5,1.62,9.0,3.0,2.0,0.92,260.0,81.2,24.0,58.5,8.0,2.0,2.0,10.5,10.0,55.6,39.0,38.2,4.0,26.7,477.0,20.0,15.0,8.0,17.0,12.0,22.0,46.0,9.0,12.0,0.0,20.0,18.05,3.0,0.0,5.0,,,,1.0,8.0,,,,,,
1463448,Nice,Tom Louchet,FW / MF / Right Back / RB / Right Wing-Back / RWB / Defensive Midfielder / DM / Right Midfielder / RM / Central Midfielder / CM / Right Winger / RW / Attacking Midfielder / AM / Left Winger / LW,879,6.73,6.1,1.0,0.8,0.97,0.8,16.0,4.0,2.0,1.61,273.0,78.2,16.0,55.2,17.0,5.0,8.0,26.7,8.0,47.1,45.0,52.3,6.0,54.5,533.0,23.0,9.0,9.0,22.0,8.0,13.0,39.0,6.0,5.0,0.0,18.0,17.65,1.0,1.0,4.0,,,,1.0,19.0,,,,,,
953812,Nice,Sofiane Diop,FW / Central Midfielder / CM / Attacking Midfielder / AM / Left Winger / LW / Striker / ST,1414,7.09,9.0,7.0,5.41,4.67,3.83,42.0,13.0,2.0,2.86,470.0,79.5,34.0,65.4,21.0,4.0,5.0,23.8,20.0,52.6,72.0,46.2,4.0,20.0,879.0,50.0,25.0,39.0,10.0,13.0,17.0,70.0,11.0,9.0,0.0,30.0,27.41,4.0,0.0,2.0,2.0,,,6.0,5.0,,,,,,
1180718,Nice,Mohamed-Ali Cho,FW / Right Winger / RW / Attacking Midfielder / AM / Striker / ST,988,6.83,18.9,4.0,2.1,3.18,2.1,17.0,7.0,2.0,2.08,210.0,77.8,5.0,62.5,16.0,6.0,6.0,26.1,13.0,35.1,51.0,38.6,10.0,26.3,481.0,49.0,17.0,20.0,8.0,3.0,7.0,42.0,7.0,6.0,0.0,24.0,19.93,0.0,0.0,2.0,,,,5.0,6.0,,,,,,
1213430,Nice (on loan),Elye Wahi,FW / Striker / ST,320,6.33,20.8,0.0,0.8,0.51,0.8,7.0,3.0,1.0,0.15,66.0,83.5,,,4.0,1.0,,,1.0,14.3,13.0,38.2,6.0,42.9,135.0,18.0,6.0,4.0,2.0,,2.0,5.0,,,0.0,13.0,5.82,1.0,0.0,1.0,,,,1.0,,,,,,,
1896949,Nice,Kail Boudache,FW,84,6.21,,,,,,,,,,,,,,,,,,,,,,,,,,,,,,,,,,,,,,,,,,,,,,,,,,
1166344,Nice,Kevin Carlos,FW / Right Midfielder / RM / Striker / ST,110,6.31,7.6,1.0,1.07,1.62,1.07,5.0,4.0,0.0,0.01,12.0,70.6,1.0,100.0,1.0,,,,1.0,50.0,7.0,36.8,5.0,83.3,42.0,7.0,5.0,1.0,,,5.0,2.0,,,0.0,3.0,2.52,0.0,0.0,2.0,,,,2.0,1.0,,,,,,
944385,Nice,Isak Jansson,FW / Left Midfielder / LM / Attacking Midfielder / AM / Left Winger / LW / Right Winger / RW / Striker / ST,535,6.39,4.3,1,1.54,3.22,1.54,14,9,0,1.00,91,72.2,1,20.0,6,1,5,50.0,3,30.0,20,35.7,3,17.6,217,25,4,5,9,5,6,25,5,6,0,9,8.45,2,0,,,,,4,2,,,,,,
